ISO-10303-21;
HEADER;
/* Generated by software containing ST-Developer
 * from STEP Tools, Inc. (www.steptools.com) 
 */

FILE_DESCRIPTION(
/* description */ ('STEP AP214'),
/* implementation_level */ '2;1');

FILE_NAME(
/* name */ 'Trinity_Klicky_Mount.step',
/* time_stamp */ '2026-04-07T16:15:51-05:00',
/* author */ (''),
/* organization */ (''),
/* preprocessor_version */ 'ST-DEVELOPER v20.1',
/* originating_system */ 'Autodesk Translation Framework v14.24.0.0',
/* authorisation */ '');

FILE_SCHEMA (('AUTOMOTIVE_DESIGN { 1 0 10303 214 3 1 1 }'));
ENDSEC;

DATA;
#10=MECHANICAL_DESIGN_GEOMETRIC_PRESENTATION_REPRESENTATION('',(#13),#4480);
#11=SHAPE_REPRESENTATION_RELATIONSHIP('SRR','None',#4486,#12);
#12=ADVANCED_BREP_SHAPE_REPRESENTATION('',(#14),#4479);
#13=STYLED_ITEM('',(#4495),#14);
#14=MANIFOLD_SOLID_BREP('Body1',#2522);
#15=(
BOUNDED_CURVE()
B_SPLINE_CURVE(2,(#3661,#3662,#3663),.UNSPECIFIED.,.F.,.F.)
B_SPLINE_CURVE_WITH_KNOTS((3,3),(0.0981872674891323,0.154875271530867),
 .UNSPECIFIED.)
CURVE()
GEOMETRIC_REPRESENTATION_ITEM()
RATIONAL_B_SPLINE_CURVE((1.01367747108698,1.01558556323537,1.01513782721355))
REPRESENTATION_ITEM('')
);
#16=(
BOUNDED_CURVE()
B_SPLINE_CURVE(2,(#3669,#3670,#3671),.UNSPECIFIED.,.F.,.F.)
B_SPLINE_CURVE_WITH_KNOTS((3,3),(0.,0.130801236007854),.UNSPECIFIED.)
CURVE()
GEOMETRIC_REPRESENTATION_ITEM()
RATIONAL_B_SPLINE_CURVE((1.,1.05718827972843,1.))
REPRESENTATION_ITEM('')
);
#17=(
BOUNDED_CURVE()
B_SPLINE_CURVE(2,(#3710,#3711,#3712),.UNSPECIFIED.,.F.,.F.)
B_SPLINE_CURVE_WITH_KNOTS((3,3),(0.131141531173708,0.187331590093392),
 .UNSPECIFIED.)
CURVE()
GEOMETRIC_REPRESENTATION_ITEM()
RATIONAL_B_SPLINE_CURVE((1.01447981561263,1.01494008920557,1.01313650378754))
REPRESENTATION_ITEM('')
);
#18=(
BOUNDED_CURVE()
B_SPLINE_CURVE(2,(#3726,#3727,#3728),.UNSPECIFIED.,.F.,.F.)
B_SPLINE_CURVE_WITH_KNOTS((3,3),(0.0977074694896456,0.153780692938303),
 .UNSPECIFIED.)
CURVE()
GEOMETRIC_REPRESENTATION_ITEM()
RATIONAL_B_SPLINE_CURVE((1.01301143629795,1.01479119290788,1.01432841903011))
REPRESENTATION_ITEM('')
);
#19=(
BOUNDED_CURVE()
B_SPLINE_CURVE(2,(#3767,#3768,#3769),.UNSPECIFIED.,.F.,.F.)
B_SPLINE_CURVE_WITH_KNOTS((3,3),(0.13332763769178,0.190015641739061),
 .UNSPECIFIED.)
CURVE()
GEOMETRIC_REPRESENTATION_ITEM()
RATIONAL_B_SPLINE_CURVE((1.01513782721579,1.01558556323764,1.01367747108888))
REPRESENTATION_ITEM('')
);
#20=(
BOUNDED_CURVE()
B_SPLINE_CURVE(2,(#3775,#3776,#3777),.UNSPECIFIED.,.F.,.F.)
B_SPLINE_CURVE_WITH_KNOTS((3,3),(0.130801236009058,0.261602472018116),
 .UNSPECIFIED.)
CURVE()
GEOMETRIC_REPRESENTATION_ITEM()
RATIONAL_B_SPLINE_CURVE((1.,1.05718827973399,1.))
REPRESENTATION_ITEM('')
);
#21=(
BOUNDED_CURVE()
B_SPLINE_CURVE(2,(#4018,#4019,#4020),.UNSPECIFIED.,.F.,.F.)
B_SPLINE_CURVE_WITH_KNOTS((3,3),(0.107123026216094,0.214246052432187),
 .UNSPECIFIED.)
CURVE()
GEOMETRIC_REPRESENTATION_ITEM()
RATIONAL_B_SPLINE_CURVE((1.,1.09534068414992,1.))
REPRESENTATION_ITEM('')
);
#22=(
BOUNDED_CURVE()
B_SPLINE_CURVE(2,(#4081,#4082,#4083),.UNSPECIFIED.,.F.,.F.)
B_SPLINE_CURVE_WITH_KNOTS((3,3),(0.107146302472257,0.214292604944514),
 .UNSPECIFIED.)
CURVE()
GEOMETRIC_REPRESENTATION_ITEM()
RATIONAL_B_SPLINE_CURVE((1.,1.09528456416881,1.))
REPRESENTATION_ITEM('')
);
#23=(
BOUNDED_CURVE()
B_SPLINE_CURVE(2,(#4097,#4098,#4099),.UNSPECIFIED.,.F.,.F.)
B_SPLINE_CURVE_WITH_KNOTS((3,3),(0.,0.107146302472292),.UNSPECIFIED.)
CURVE()
GEOMETRIC_REPRESENTATION_ITEM()
RATIONAL_B_SPLINE_CURVE((1.,1.09528456416905,1.))
REPRESENTATION_ITEM('')
);
#24=(
BOUNDED_CURVE()
B_SPLINE_CURVE(2,(#4105,#4106,#4107),.UNSPECIFIED.,.F.,.F.)
B_SPLINE_CURVE_WITH_KNOTS((3,3),(0.,0.107123026216093),.UNSPECIFIED.)
CURVE()
GEOMETRIC_REPRESENTATION_ITEM()
RATIONAL_B_SPLINE_CURVE((1.,1.09534068414991,1.))
REPRESENTATION_ITEM('')
);
#25=(
BOUNDED_CURVE()
B_SPLINE_CURVE(2,(#4113,#4114,#4115),.UNSPECIFIED.,.F.,.F.)
B_SPLINE_CURVE_WITH_KNOTS((3,3),(0.,0.0570806622187483),.UNSPECIFIED.)
CURVE()
GEOMETRIC_REPRESENTATION_ITEM()
RATIONAL_B_SPLINE_CURVE((1.,1.00206253678264,1.))
REPRESENTATION_ITEM('')
);
#26=(
BOUNDED_CURVE()
B_SPLINE_CURVE(2,(#4118,#4119,#4120),.UNSPECIFIED.,.F.,.F.)
B_SPLINE_CURVE_WITH_KNOTS((3,3),(0.,0.0571078882344088),.UNSPECIFIED.)
CURVE()
GEOMETRIC_REPRESENTATION_ITEM()
RATIONAL_B_SPLINE_CURVE((1.,1.00206641573615,1.))
REPRESENTATION_ITEM('')
);
#27=(
BOUNDED_CURVE()
B_SPLINE_CURVE(2,(#4128,#4129,#4130),.UNSPECIFIED.,.F.,.F.)
B_SPLINE_CURVE_WITH_KNOTS((3,3),(0.,0.0601635758656055),.UNSPECIFIED.)
CURVE()
GEOMETRIC_REPRESENTATION_ITEM()
RATIONAL_B_SPLINE_CURVE((1.,1.013132667642,1.))
REPRESENTATION_ITEM('')
);
#28=(
BOUNDED_CURVE()
B_SPLINE_CURVE(2,(#4131,#4132,#4133),.UNSPECIFIED.,.F.,.F.)
B_SPLINE_CURVE_WITH_KNOTS((3,3),(0.,0.0594253164801581),.UNSPECIFIED.)
CURVE()
GEOMETRIC_REPRESENTATION_ITEM()
RATIONAL_B_SPLINE_CURVE((1.,1.01254846178181,1.))
REPRESENTATION_ITEM('')
);
#29=(
BOUNDED_CURVE()
B_SPLINE_CURVE(2,(#4223,#4224,#4225),.UNSPECIFIED.,.F.,.F.)
B_SPLINE_CURVE_WITH_KNOTS((3,3),(0.,0.0570593337034593),.UNSPECIFIED.)
CURVE()
GEOMETRIC_REPRESENTATION_ITEM()
RATIONAL_B_SPLINE_CURVE((1.,1.00205949951305,1.))
REPRESENTATION_ITEM('')
);
#30=(
BOUNDED_CURVE()
B_SPLINE_CURVE(2,(#4229,#4230,#4231),.UNSPECIFIED.,.F.,.F.)
B_SPLINE_CURVE_WITH_KNOTS((3,3),(0.,0.0571255591393336),.UNSPECIFIED.)
CURVE()
GEOMETRIC_REPRESENTATION_ITEM()
RATIONAL_B_SPLINE_CURVE((1.,1.00206893420744,1.))
REPRESENTATION_ITEM('')
);
#31=(
BOUNDED_CURVE()
B_SPLINE_CURVE(2,(#4240,#4241,#4242),.UNSPECIFIED.,.F.,.F.)
B_SPLINE_CURVE_WITH_KNOTS((3,3),(0.,0.0601641955450629),.UNSPECIFIED.)
CURVE()
GEOMETRIC_REPRESENTATION_ITEM()
RATIONAL_B_SPLINE_CURVE((1.,1.01313316137867,1.))
REPRESENTATION_ITEM('')
);
#32=(
BOUNDED_CURVE()
B_SPLINE_CURVE(2,(#4243,#4244,#4245),.UNSPECIFIED.,.F.,.F.)
B_SPLINE_CURVE_WITH_KNOTS((3,3),(0.,0.0593946921109779),.UNSPECIFIED.)
CURVE()
GEOMETRIC_REPRESENTATION_ITEM()
RATIONAL_B_SPLINE_CURVE((1.,1.01252440073851,1.))
REPRESENTATION_ITEM('')
);
#33=CYLINDRICAL_SURFACE('',#2547,1.7);
#34=CYLINDRICAL_SURFACE('',#2557,1.7);
#35=CYLINDRICAL_SURFACE('',#2559,4.5);
#36=CYLINDRICAL_SURFACE('',#2564,1.7);
#37=CYLINDRICAL_SURFACE('',#2577,4.50000000000006);
#38=CYLINDRICAL_SURFACE('',#2579,11.);
#39=CYLINDRICAL_SURFACE('',#2581,4.50000000000006);
#40=CYLINDRICAL_SURFACE('',#2590,1.7);
#41=CYLINDRICAL_SURFACE('',#2631,1.7);
#42=CYLINDRICAL_SURFACE('',#2634,1.7);
#43=CYLINDRICAL_SURFACE('',#2637,1.7);
#44=CYLINDRICAL_SURFACE('',#2638,4.5);
#45=CYLINDRICAL_SURFACE('',#2640,3.);
#46=CYLINDRICAL_SURFACE('',#2662,2.975);
#47=CYLINDRICAL_SURFACE('',#2673,1.2);
#48=CYLINDRICAL_SURFACE('',#2679,1.2);
#49=CYLINDRICAL_SURFACE('',#2690,1.00176171565019);
#50=CYLINDRICAL_SURFACE('',#2697,1.00114523830051);
#51=CYLINDRICAL_SURFACE('',#2753,0.5);
#52=CYLINDRICAL_SURFACE('',#2757,0.5);
#53=CYLINDRICAL_SURFACE('',#2767,0.5);
#54=CYLINDRICAL_SURFACE('',#2768,3.);
#55=CYLINDRICAL_SURFACE('',#2769,0.5);
#56=CYLINDRICAL_SURFACE('',#2772,0.5);
#57=CYLINDRICAL_SURFACE('',#2773,0.5);
#58=CYLINDRICAL_SURFACE('',#2774,0.5);
#59=CYLINDRICAL_SURFACE('',#2777,4.50000000000006);
#60=CYLINDRICAL_SURFACE('',#2778,4.5);
#61=CYLINDRICAL_SURFACE('',#2781,2.975);
#62=CYLINDRICAL_SURFACE('',#2793,2.975);
#63=CYLINDRICAL_SURFACE('',#2799,4.5);
#64=CONICAL_SURFACE('',#2544,1.9000000000055,0.785398163383688);
#65=CONICAL_SURFACE('',#2553,4.29999999998889,0.785398163369672);
#66=CONICAL_SURFACE('',#2555,1.89999999995766,0.785398163503298);
#67=CONICAL_SURFACE('',#2561,1.9000000000055,0.785398163383701);
#68=CONICAL_SURFACE('',#2571,4.29999999996961,0.785398163321334);
#69=CONICAL_SURFACE('',#2573,11.200000000063,0.785398163239977);
#70=CONICAL_SURFACE('',#2575,4.29999999995999,0.785398163297276);
#71=CONICAL_SURFACE('',#2583,1.9000000000055,0.785398163383688);
#72=CONICAL_SURFACE('',#2592,4.29999999997827,0.785398163343126);
#73=CONICAL_SURFACE('',#2594,1.89999999996644,0.785398163481354);
#74=CONICAL_SURFACE('',#2596,4.30000000002174,0.785398163451781);
#75=CONICAL_SURFACE('',#2600,4.30000000004013,0.78539816349762);
#76=CONICAL_SURFACE('',#2602,11.199999999937,0.785398163554919);
#77=CONICAL_SURFACE('',#2604,4.30000000003051,0.785398163473562);
#78=CONICAL_SURFACE('',#2607,2.80000000004086,0.785398163499587);
#79=CONICAL_SURFACE('',#2611,4.30000000001111,0.785398163425224);
#80=CONICAL_SURFACE('',#2613,1.90000000004234,0.785398163291599);
#81=CONICAL_SURFACE('',#2616,2.80000000004843,0.785398163518525);
#82=CONICAL_SURFACE('',#2619,1.49999999995157,0.78539816327637);
#83=CONICAL_SURFACE('',#2624,1.49999999995935,0.785398163295821);
#84=CONICAL_SURFACE('',#2627,1.90000000003356,0.785398163313552);
#85=CONICAL_SURFACE('',#2653,1.8999999999945,0.785398163411208);
#86=CONICAL_SURFACE('',#2654,1.8999999999945,0.785398163411208);
#87=CONICAL_SURFACE('',#2655,1.8999999999945,0.785398163411195);
#88=CONICAL_SURFACE('',#2658,3.175,0.785398163397479);
#89=CONICAL_SURFACE('',#2660,1.20114523830051,0.785398163397458);
#90=CONICAL_SURFACE('',#2671,1.4,0.785398163397434);
#91=CONICAL_SURFACE('',#2677,1.4,0.785398163397434);
#92=CONICAL_SURFACE('',#2683,1.20176171565019,0.785398163397428);
#93=CONICAL_SURFACE('',#2687,3.175,0.785398163397416);
#94=CONICAL_SURFACE('',#2692,1.20176171565019,0.785398163397438);
#95=CONICAL_SURFACE('',#2694,1.20114523830051,0.785398163397459);
#96=CONICAL_SURFACE('',#2698,3.175,0.785398163397446);
#97=CONICAL_SURFACE('',#2702,1.4,0.785398163397452);
#98=CONICAL_SURFACE('',#2706,3.175,0.785398163397417);
#99=CONICAL_SURFACE('',#2708,1.4,0.785398163397433);
#100=CONICAL_SURFACE('',#2710,3.175,0.785398163397445);
#101=CONICAL_SURFACE('',#2716,3.175,0.785398163397466);
#102=CONICAL_SURFACE('',#2721,3.175,0.785398163397451);
#103=CONICAL_SURFACE('',#2726,1.4,0.785398163397444);
#104=CONICAL_SURFACE('',#2727,1.4,0.785398163397452);
#105=CONICAL_SURFACE('',#2732,3.175,0.785398163397454);
#106=CONICAL_SURFACE('',#2734,3.175,0.785398163397466);
#107=B_SPLINE_CURVE_WITH_KNOTS('',3,(#3623,#3624,#3625,#3626,#3627,#3628,
#3629,#3630,#3631,#3632,#3633,#3634,#3635,#3636),.UNSPECIFIED.,.F.,.F.,
(4,2,2,2,2,2,4),(0.,0.015608983227897,0.0329016691855842,0.0542770751644849,
0.0709028779011179,0.0878469569130657,0.0882326312076428),.UNSPECIFIED.);
#108=B_SPLINE_CURVE_WITH_KNOTS('',3,(#3713,#3714,#3715,#3716),
 .UNSPECIFIED.,.F.,.F.,(4,4),(0.,0.0569429662602525),.UNSPECIFIED.);
#109=B_SPLINE_CURVE_WITH_KNOTS('',3,(#3720,#3721,#3722,#3723),
 .UNSPECIFIED.,.F.,.F.,(4,4),(0.,0.0569429619402408),.UNSPECIFIED.);
#110=B_SPLINE_CURVE_WITH_KNOTS('',3,(#3787,#3788,#3789,#3790),
 .UNSPECIFIED.,.F.,.F.,(4,4),(-0.0787864776136658,0.),.UNSPECIFIED.);
#111=B_SPLINE_CURVE_WITH_KNOTS('',3,(#3798,#3799,#3800,#3801),
 .UNSPECIFIED.,.F.,.F.,(4,4),(-0.0744880674090429,0.),.UNSPECIFIED.);
#112=B_SPLINE_CURVE_WITH_KNOTS('',3,(#3805,#3806,#3807,#3808),
 .UNSPECIFIED.,.F.,.F.,(4,4),(0.,0.0569429424727268),.UNSPECIFIED.);
#113=B_SPLINE_CURVE_WITH_KNOTS('',3,(#3812,#3813,#3814,#3815),
 .UNSPECIFIED.,.F.,.F.,(4,4),(0.,0.0569429378704347),.UNSPECIFIED.);
#114=B_SPLINE_CURVE_WITH_KNOTS('',3,(#3819,#3820,#3821,#3822),
 .UNSPECIFIED.,.F.,.F.,(4,4),(-0.0754614141381819,0.),.UNSPECIFIED.);
#115=B_SPLINE_CURVE_WITH_KNOTS('',3,(#3839,#3840,#3841,#3842),
 .UNSPECIFIED.,.F.,.F.,(4,4),(-0.0787864776678833,0.),.UNSPECIFIED.);
#116=B_SPLINE_CURVE_WITH_KNOTS('',3,(#3967,#3968,#3969,#3970),
 .UNSPECIFIED.,.F.,.F.,(4,4),(-0.0625043399250475,0.),.UNSPECIFIED.);
#117=B_SPLINE_CURVE_WITH_KNOTS('',3,(#3976,#3977,#3978,#3979),
 .UNSPECIFIED.,.F.,.F.,(4,4),(-0.0625670202000113,0.),.UNSPECIFIED.);
#118=B_SPLINE_CURVE_WITH_KNOTS('',3,(#4064,#4065,#4066,#4067),
 .UNSPECIFIED.,.F.,.F.,(4,4),(-0.06245544235388,0.),.UNSPECIFIED.);
#119=B_SPLINE_CURVE_WITH_KNOTS('',3,(#4071,#4072,#4073,#4074),
 .UNSPECIFIED.,.F.,.F.,(4,4),(-0.0626087874609332,0.),.UNSPECIFIED.);
#120=B_SPLINE_CURVE_WITH_KNOTS('',3,(#4141,#4142,#4143,#4144),
 .UNSPECIFIED.,.F.,.F.,(4,4),(0.,0.0606646262129265),.UNSPECIFIED.);
#121=B_SPLINE_CURVE_WITH_KNOTS('',3,(#4148,#4149,#4150,#4151),
 .UNSPECIFIED.,.F.,.F.,(4,4),(0.,0.0606162593137287),.UNSPECIFIED.);
#122=B_SPLINE_CURVE_WITH_KNOTS('',3,(#4153,#4154,#4155,#4156),
 .UNSPECIFIED.,.F.,.F.,(4,4),(0.,0.0644089980360964),.UNSPECIFIED.);
#123=B_SPLINE_CURVE_WITH_KNOTS('',3,(#4158,#4159,#4160,#4161),
 .UNSPECIFIED.,.F.,.F.,(4,4),(0.,0.0600646992165298),.UNSPECIFIED.);
#124=B_SPLINE_CURVE_WITH_KNOTS('',3,(#4164,#4165,#4166,#4167),
 .UNSPECIFIED.,.F.,.F.,(4,4),(0.,0.0596329353482659),.UNSPECIFIED.);
#125=B_SPLINE_CURVE_WITH_KNOTS('',3,(#4170,#4171,#4172,#4173),
 .UNSPECIFIED.,.F.,.F.,(4,4),(0.,0.064333842487906),.UNSPECIFIED.);
#126=B_SPLINE_CURVE_WITH_KNOTS('',3,(#4194,#4195,#4196,#4197),
 .UNSPECIFIED.,.F.,.F.,(4,4),(0.,0.0604414059705749),.UNSPECIFIED.);
#127=B_SPLINE_CURVE_WITH_KNOTS('',3,(#4202,#4203,#4204,#4205),
 .UNSPECIFIED.,.F.,.F.,(4,4),(0.,0.0607858577709366),.UNSPECIFIED.);
#128=B_SPLINE_CURVE_WITH_KNOTS('',3,(#4247,#4248,#4249,#4250),
 .UNSPECIFIED.,.F.,.F.,(4,4),(0.,0.0596326105611739),.UNSPECIFIED.);
#129=B_SPLINE_CURVE_WITH_KNOTS('',3,(#4251,#4252,#4253,#4254),
 .UNSPECIFIED.,.F.,.F.,(4,4),(0.,0.0600848272091082),.UNSPECIFIED.);
#130=B_SPLINE_CURVE_WITH_KNOTS('',3,(#4257,#4258,#4259,#4260),
 .UNSPECIFIED.,.F.,.F.,(4,4),(0.,0.0642864232561479),.UNSPECIFIED.);
#131=B_SPLINE_CURVE_WITH_KNOTS('',3,(#4267,#4268,#4269,#4270),
 .UNSPECIFIED.,.F.,.F.,(4,4),(0.,0.0609503235108894),.UNSPECIFIED.);
#132=B_SPLINE_CURVE_WITH_KNOTS('',3,(#4278,#4279,#4280,#4281),
 .UNSPECIFIED.,.F.,.F.,(4,4),(0.,0.0603105045329229),.UNSPECIFIED.);
#133=B_SPLINE_CURVE_WITH_KNOTS('',3,(#4285,#4286,#4287,#4288),
 .UNSPECIFIED.,.F.,.F.,(4,4),(0.,0.0644697677238008),.UNSPECIFIED.);
#134=B_SPLINE_CURVE_WITH_KNOTS('',3,(#4342,#4343,#4344,#4345,#4346,#4347,
#4348,#4349,#4350,#4351,#4352,#4353,#4354,#4355),.UNSPECIFIED.,.F.,.F.,
(4,2,2,2,2,2,4),(-0.0906107665486146,-0.0755686926880892,-0.0586506765117406,
-0.037010630908284,-0.0187287698219563,0.,0.00040316195157533),
 .UNSPECIFIED.);
#135=B_SPLINE_CURVE_WITH_KNOTS('',3,(#4360,#4361,#4362,#4363,#4364,#4365,
#4366,#4367,#4368,#4369,#4370,#4371,#4372,#4373),.UNSPECIFIED.,.F.,.F.,
(4,2,2,2,2,2,4),(0.,0.0151036389213795,0.0320270264311762,0.0534882189556042,
0.0712367675611563,0.0893940531916192,0.0897904613916684),.UNSPECIFIED.);
#136=B_SPLINE_CURVE_WITH_KNOTS('',3,(#4377,#4378,#4379,#4380,#4381,#4382,
#4383,#4384,#4385,#4386,#4387,#4388,#4389,#4390),.UNSPECIFIED.,.F.,.F.,
(4,2,2,2,2,2,4),(-0.000388147288446649,0.,0.0170527267463324,0.0337851363771568,
0.0552976043482767,0.0727011733455989,0.0884102434836672),.UNSPECIFIED.);
#137=B_SPLINE_CURVE_WITH_KNOTS('',3,(#4393,#4394,#4395,#4396,#4397,#4398,
#4399,#4400,#4401,#4402,#4403,#4404,#4405,#4406),.UNSPECIFIED.,.F.,.F.,
(4,2,2,2,2,2,4),(0.,0.0140310733691253,0.030113188484844,0.0516101512830687,
0.071978246350404,0.0930113354343829,0.09343237494136),.UNSPECIFIED.);
#138=B_SPLINE_CURVE_WITH_KNOTS('',3,(#4426,#4427,#4428,#4429,#4430,#4431,
#4432,#4433,#4434,#4435,#4436,#4437,#4438,#4439),.UNSPECIFIED.,.F.,.F.,
(4,2,2,2,2,2,4),(-0.0938288277458135,-0.0796744329080254,-0.0634509693704146,
-0.0417650661408392,-0.021217952451013,0.,0.000424740094215946),
 .UNSPECIFIED.);
#139=TOROIDAL_SURFACE('',#2541,5.,0.5);
#140=TOROIDAL_SURFACE('',#2747,1.2,0.499999999999998);
#141=TOROIDAL_SURFACE('',#2750,2.5,0.500000000000007);
#142=TOROIDAL_SURFACE('',#2754,1.20000000000001,0.499999999999998);
#143=TOROIDAL_SURFACE('',#2758,5.00000000000006,0.5);
#144=TOROIDAL_SURFACE('',#2761,5.,0.5);
#145=TOROIDAL_SURFACE('',#2763,2.5,0.499999999999998);
#146=TOROIDAL_SURFACE('',#2770,5.00000000000006,0.5);
#147=TOROIDAL_SURFACE('',#2775,5.,0.5);
#148=FACE_BOUND('',#310,.T.);
#149=FACE_BOUND('',#311,.T.);
#150=FACE_BOUND('',#312,.T.);
#151=FACE_BOUND('',#317,.T.);
#152=FACE_BOUND('',#325,.T.);
#153=FACE_BOUND('',#334,.T.);
#154=FACE_BOUND('',#366,.T.);
#155=FACE_BOUND('',#367,.T.);
#156=FACE_BOUND('',#368,.T.);
#157=FACE_BOUND('',#369,.T.);
#158=FACE_BOUND('',#370,.T.);
#159=FACE_BOUND('',#371,.T.);
#160=FACE_BOUND('',#372,.T.);
#161=FACE_OUTER_BOUND('',#309,.T.);
#162=FACE_OUTER_BOUND('',#313,.T.);
#163=FACE_OUTER_BOUND('',#314,.T.);
#164=FACE_OUTER_BOUND('',#315,.T.);
#165=FACE_OUTER_BOUND('',#316,.T.);
#166=FACE_OUTER_BOUND('',#318,.T.);
#167=FACE_OUTER_BOUND('',#319,.T.);
#168=FACE_OUTER_BOUND('',#320,.T.);
#169=FACE_OUTER_BOUND('',#321,.T.);
#170=FACE_OUTER_BOUND('',#322,.T.);
#171=FACE_OUTER_BOUND('',#323,.T.);
#172=FACE_OUTER_BOUND('',#324,.T.);
#173=FACE_OUTER_BOUND('',#326,.T.);
#174=FACE_OUTER_BOUND('',#327,.T.);
#175=FACE_OUTER_BOUND('',#328,.T.);
#176=FACE_OUTER_BOUND('',#329,.T.);
#177=FACE_OUTER_BOUND('',#330,.T.);
#178=FACE_OUTER_BOUND('',#331,.T.);
#179=FACE_OUTER_BOUND('',#332,.T.);
#180=FACE_OUTER_BOUND('',#333,.T.);
#181=FACE_OUTER_BOUND('',#335,.T.);
#182=FACE_OUTER_BOUND('',#336,.T.);
#183=FACE_OUTER_BOUND('',#337,.T.);
#184=FACE_OUTER_BOUND('',#338,.T.);
#185=FACE_OUTER_BOUND('',#339,.T.);
#186=FACE_OUTER_BOUND('',#340,.T.);
#187=FACE_OUTER_BOUND('',#341,.T.);
#188=FACE_OUTER_BOUND('',#342,.T.);
#189=FACE_OUTER_BOUND('',#343,.T.);
#190=FACE_OUTER_BOUND('',#344,.T.);
#191=FACE_OUTER_BOUND('',#345,.T.);
#192=FACE_OUTER_BOUND('',#346,.T.);
#193=FACE_OUTER_BOUND('',#347,.T.);
#194=FACE_OUTER_BOUND('',#348,.T.);
#195=FACE_OUTER_BOUND('',#349,.T.);
#196=FACE_OUTER_BOUND('',#350,.T.);
#197=FACE_OUTER_BOUND('',#351,.T.);
#198=FACE_OUTER_BOUND('',#352,.T.);
#199=FACE_OUTER_BOUND('',#353,.T.);
#200=FACE_OUTER_BOUND('',#354,.T.);
#201=FACE_OUTER_BOUND('',#355,.T.);
#202=FACE_OUTER_BOUND('',#356,.T.);
#203=FACE_OUTER_BOUND('',#357,.T.);
#204=FACE_OUTER_BOUND('',#358,.T.);
#205=FACE_OUTER_BOUND('',#359,.T.);
#206=FACE_OUTER_BOUND('',#360,.T.);
#207=FACE_OUTER_BOUND('',#361,.T.);
#208=FACE_OUTER_BOUND('',#362,.T.);
#209=FACE_OUTER_BOUND('',#363,.T.);
#210=FACE_OUTER_BOUND('',#364,.T.);
#211=FACE_OUTER_BOUND('',#365,.T.);
#212=FACE_OUTER_BOUND('',#373,.T.);
#213=FACE_OUTER_BOUND('',#374,.T.);
#214=FACE_OUTER_BOUND('',#375,.T.);
#215=FACE_OUTER_BOUND('',#376,.T.);
#216=FACE_OUTER_BOUND('',#377,.T.);
#217=FACE_OUTER_BOUND('',#378,.T.);
#218=FACE_OUTER_BOUND('',#379,.T.);
#219=FACE_OUTER_BOUND('',#380,.T.);
#220=FACE_OUTER_BOUND('',#381,.T.);
#221=FACE_OUTER_BOUND('',#382,.T.);
#222=FACE_OUTER_BOUND('',#383,.T.);
#223=FACE_OUTER_BOUND('',#384,.T.);
#224=FACE_OUTER_BOUND('',#385,.T.);
#225=FACE_OUTER_BOUND('',#386,.T.);
#226=FACE_OUTER_BOUND('',#387,.T.);
#227=FACE_OUTER_BOUND('',#388,.T.);
#228=FACE_OUTER_BOUND('',#389,.T.);
#229=FACE_OUTER_BOUND('',#390,.T.);
#230=FACE_OUTER_BOUND('',#391,.T.);
#231=FACE_OUTER_BOUND('',#392,.T.);
#232=FACE_OUTER_BOUND('',#393,.T.);
#233=FACE_OUTER_BOUND('',#394,.T.);
#234=FACE_OUTER_BOUND('',#395,.T.);
#235=FACE_OUTER_BOUND('',#396,.T.);
#236=FACE_OUTER_BOUND('',#397,.T.);
#237=FACE_OUTER_BOUND('',#398,.T.);
#238=FACE_OUTER_BOUND('',#399,.T.);
#239=FACE_OUTER_BOUND('',#400,.T.);
#240=FACE_OUTER_BOUND('',#401,.T.);
#241=FACE_OUTER_BOUND('',#402,.T.);
#242=FACE_OUTER_BOUND('',#403,.T.);
#243=FACE_OUTER_BOUND('',#404,.T.);
#244=FACE_OUTER_BOUND('',#405,.T.);
#245=FACE_OUTER_BOUND('',#406,.T.);
#246=FACE_OUTER_BOUND('',#407,.T.);
#247=FACE_OUTER_BOUND('',#408,.T.);
#248=FACE_OUTER_BOUND('',#409,.T.);
#249=FACE_OUTER_BOUND('',#410,.T.);
#250=FACE_OUTER_BOUND('',#411,.T.);
#251=FACE_OUTER_BOUND('',#412,.T.);
#252=FACE_OUTER_BOUND('',#413,.T.);
#253=FACE_OUTER_BOUND('',#414,.T.);
#254=FACE_OUTER_BOUND('',#415,.T.);
#255=FACE_OUTER_BOUND('',#416,.T.);
#256=FACE_OUTER_BOUND('',#417,.T.);
#257=FACE_OUTER_BOUND('',#418,.T.);
#258=FACE_OUTER_BOUND('',#419,.T.);
#259=FACE_OUTER_BOUND('',#420,.T.);
#260=FACE_OUTER_BOUND('',#421,.T.);
#261=FACE_OUTER_BOUND('',#422,.T.);
#262=FACE_OUTER_BOUND('',#423,.T.);
#263=FACE_OUTER_BOUND('',#424,.T.);
#264=FACE_OUTER_BOUND('',#425,.T.);
#265=FACE_OUTER_BOUND('',#426,.T.);
#266=FACE_OUTER_BOUND('',#427,.T.);
#267=FACE_OUTER_BOUND('',#428,.T.);
#268=FACE_OUTER_BOUND('',#429,.T.);
#269=FACE_OUTER_BOUND('',#430,.T.);
#270=FACE_OUTER_BOUND('',#431,.T.);
#271=FACE_OUTER_BOUND('',#432,.T.);
#272=FACE_OUTER_BOUND('',#433,.T.);
#273=FACE_OUTER_BOUND('',#434,.T.);
#274=FACE_OUTER_BOUND('',#435,.T.);
#275=FACE_OUTER_BOUND('',#436,.T.);
#276=FACE_OUTER_BOUND('',#437,.T.);
#277=FACE_OUTER_BOUND('',#438,.T.);
#278=FACE_OUTER_BOUND('',#439,.T.);
#279=FACE_OUTER_BOUND('',#440,.T.);
#280=FACE_OUTER_BOUND('',#441,.T.);
#281=FACE_OUTER_BOUND('',#442,.T.);
#282=FACE_OUTER_BOUND('',#443,.T.);
#283=FACE_OUTER_BOUND('',#444,.T.);
#284=FACE_OUTER_BOUND('',#445,.T.);
#285=FACE_OUTER_BOUND('',#446,.T.);
#286=FACE_OUTER_BOUND('',#447,.T.);
#287=FACE_OUTER_BOUND('',#448,.T.);
#288=FACE_OUTER_BOUND('',#449,.T.);
#289=FACE_OUTER_BOUND('',#450,.T.);
#290=FACE_OUTER_BOUND('',#451,.T.);
#291=FACE_OUTER_BOUND('',#452,.T.);
#292=FACE_OUTER_BOUND('',#453,.T.);
#293=FACE_OUTER_BOUND('',#454,.T.);
#294=FACE_OUTER_BOUND('',#455,.T.);
#295=FACE_OUTER_BOUND('',#456,.T.);
#296=FACE_OUTER_BOUND('',#457,.T.);
#297=FACE_OUTER_BOUND('',#458,.T.);
#298=FACE_OUTER_BOUND('',#459,.T.);
#299=FACE_OUTER_BOUND('',#460,.T.);
#300=FACE_OUTER_BOUND('',#461,.T.);
#301=FACE_OUTER_BOUND('',#462,.T.);
#302=FACE_OUTER_BOUND('',#463,.T.);
#303=FACE_OUTER_BOUND('',#464,.T.);
#304=FACE_OUTER_BOUND('',#465,.T.);
#305=FACE_OUTER_BOUND('',#466,.T.);
#306=FACE_OUTER_BOUND('',#467,.T.);
#307=FACE_OUTER_BOUND('',#468,.T.);
#308=FACE_OUTER_BOUND('',#469,.T.);
#309=EDGE_LOOP('',(#1571,#1572,#1573,#1574,#1575,#1576,#1577,#1578,#1579,
#1580,#1581,#1582,#1583,#1584,#1585,#1586));
#310=EDGE_LOOP('',(#1587,#1588,#1589,#1590));
#311=EDGE_LOOP('',(#1591,#1592,#1593,#1594,#1595,#1596,#1597,#1598));
#312=EDGE_LOOP('',(#1599,#1600,#1601,#1602,#1603,#1604,#1605,#1606));
#313=EDGE_LOOP('',(#1607,#1608,#1609,#1610));
#314=EDGE_LOOP('',(#1611,#1612,#1613,#1614));
#315=EDGE_LOOP('',(#1615,#1616,#1617,#1618));
#316=EDGE_LOOP('',(#1619,#1620,#1621,#1622,#1623));
#317=EDGE_LOOP('',(#1624));
#318=EDGE_LOOP('',(#1625,#1626,#1627,#1628));
#319=EDGE_LOOP('',(#1629,#1630,#1631,#1632));
#320=EDGE_LOOP('',(#1633,#1634,#1635,#1636));
#321=EDGE_LOOP('',(#1637,#1638,#1639,#1640));
#322=EDGE_LOOP('',(#1641,#1642,#1643,#1644));
#323=EDGE_LOOP('',(#1645,#1646,#1647,#1648));
#324=EDGE_LOOP('',(#1649,#1650,#1651,#1652,#1653,#1654));
#325=EDGE_LOOP('',(#1655));
#326=EDGE_LOOP('',(#1656,#1657,#1658,#1659));
#327=EDGE_LOOP('',(#1660,#1661,#1662,#1663));
#328=EDGE_LOOP('',(#1664,#1665,#1666,#1667));
#329=EDGE_LOOP('',(#1668,#1669,#1670,#1671));
#330=EDGE_LOOP('',(#1672,#1673,#1674,#1675));
#331=EDGE_LOOP('',(#1676,#1677,#1678,#1679));
#332=EDGE_LOOP('',(#1680,#1681,#1682,#1683));
#333=EDGE_LOOP('',(#1684,#1685,#1686,#1687,#1688));
#334=EDGE_LOOP('',(#1689));
#335=EDGE_LOOP('',(#1690,#1691,#1692,#1693));
#336=EDGE_LOOP('',(#1694,#1695,#1696,#1697));
#337=EDGE_LOOP('',(#1698,#1699,#1700,#1701));
#338=EDGE_LOOP('',(#1702,#1703,#1704,#1705));
#339=EDGE_LOOP('',(#1706,#1707,#1708,#1709));
#340=EDGE_LOOP('',(#1710,#1711,#1712,#1713));
#341=EDGE_LOOP('',(#1714,#1715,#1716,#1717));
#342=EDGE_LOOP('',(#1718,#1719,#1720,#1721));
#343=EDGE_LOOP('',(#1722,#1723,#1724,#1725));
#344=EDGE_LOOP('',(#1726,#1727,#1728,#1729));
#345=EDGE_LOOP('',(#1730,#1731,#1732,#1733));
#346=EDGE_LOOP('',(#1734,#1735,#1736,#1737));
#347=EDGE_LOOP('',(#1738,#1739,#1740,#1741));
#348=EDGE_LOOP('',(#1742,#1743,#1744,#1745));
#349=EDGE_LOOP('',(#1746,#1747,#1748,#1749));
#350=EDGE_LOOP('',(#1750,#1751,#1752,#1753));
#351=EDGE_LOOP('',(#1754,#1755,#1756,#1757));
#352=EDGE_LOOP('',(#1758,#1759,#1760,#1761));
#353=EDGE_LOOP('',(#1762,#1763,#1764,#1765));
#354=EDGE_LOOP('',(#1766,#1767,#1768,#1769));
#355=EDGE_LOOP('',(#1770,#1771,#1772,#1773));
#356=EDGE_LOOP('',(#1774,#1775,#1776,#1777));
#357=EDGE_LOOP('',(#1778,#1779,#1780,#1781));
#358=EDGE_LOOP('',(#1782,#1783,#1784,#1785));
#359=EDGE_LOOP('',(#1786,#1787,#1788,#1789,#1790,#1791,#1792));
#360=EDGE_LOOP('',(#1793,#1794,#1795,#1796));
#361=EDGE_LOOP('',(#1797,#1798,#1799,#1800));
#362=EDGE_LOOP('',(#1801,#1802,#1803,#1804,#1805,#1806,#1807));
#363=EDGE_LOOP('',(#1808,#1809,#1810,#1811));
#364=EDGE_LOOP('',(#1812,#1813,#1814,#1815,#1816,#1817,#1818));
#365=EDGE_LOOP('',(#1819,#1820,#1821,#1822,#1823,#1824,#1825,#1826,#1827,
#1828,#1829,#1830,#1831,#1832,#1833,#1834,#1835,#1836));
#366=EDGE_LOOP('',(#1837));
#367=EDGE_LOOP('',(#1838));
#368=EDGE_LOOP('',(#1839));
#369=EDGE_LOOP('',(#1840,#1841,#1842,#1843));
#370=EDGE_LOOP('',(#1844));
#371=EDGE_LOOP('',(#1845,#1846,#1847,#1848));
#372=EDGE_LOOP('',(#1849));
#373=EDGE_LOOP('',(#1850,#1851,#1852,#1853));
#374=EDGE_LOOP('',(#1854,#1855,#1856,#1857));
#375=EDGE_LOOP('',(#1858,#1859,#1860,#1861));
#376=EDGE_LOOP('',(#1862,#1863,#1864,#1865));
#377=EDGE_LOOP('',(#1866,#1867,#1868,#1869));
#378=EDGE_LOOP('',(#1870,#1871,#1872,#1873));
#379=EDGE_LOOP('',(#1874,#1875,#1876,#1877));
#380=EDGE_LOOP('',(#1878,#1879,#1880,#1881,#1882,#1883,#1884,#1885,#1886,
#1887,#1888,#1889,#1890,#1891,#1892,#1893));
#381=EDGE_LOOP('',(#1894,#1895,#1896,#1897,#1898,#1899,#1900));
#382=EDGE_LOOP('',(#1901,#1902,#1903,#1904));
#383=EDGE_LOOP('',(#1905,#1906,#1907,#1908,#1909,#1910,#1911,#1912));
#384=EDGE_LOOP('',(#1913,#1914,#1915,#1916));
#385=EDGE_LOOP('',(#1917,#1918,#1919,#1920,#1921,#1922,#1923,#1924));
#386=EDGE_LOOP('',(#1925,#1926,#1927,#1928));
#387=EDGE_LOOP('',(#1929,#1930,#1931,#1932));
#388=EDGE_LOOP('',(#1933,#1934,#1935,#1936));
#389=EDGE_LOOP('',(#1937,#1938,#1939,#1940));
#390=EDGE_LOOP('',(#1941,#1942,#1943,#1944,#1945,#1946,#1947));
#391=EDGE_LOOP('',(#1948,#1949,#1950,#1951));
#392=EDGE_LOOP('',(#1952,#1953,#1954,#1955));
#393=EDGE_LOOP('',(#1956,#1957,#1958,#1959));
#394=EDGE_LOOP('',(#1960,#1961,#1962,#1963));
#395=EDGE_LOOP('',(#1964,#1965,#1966,#1967));
#396=EDGE_LOOP('',(#1968,#1969,#1970,#1971));
#397=EDGE_LOOP('',(#1972,#1973,#1974,#1975));
#398=EDGE_LOOP('',(#1976,#1977,#1978,#1979));
#399=EDGE_LOOP('',(#1980,#1981,#1982,#1983));
#400=EDGE_LOOP('',(#1984,#1985,#1986,#1987));
#401=EDGE_LOOP('',(#1988,#1989,#1990,#1991));
#402=EDGE_LOOP('',(#1992,#1993,#1994,#1995));
#403=EDGE_LOOP('',(#1996,#1997,#1998,#1999,#2000));
#404=EDGE_LOOP('',(#2001,#2002,#2003,#2004));
#405=EDGE_LOOP('',(#2005,#2006,#2007,#2008));
#406=EDGE_LOOP('',(#2009,#2010,#2011,#2012,#2013,#2014));
#407=EDGE_LOOP('',(#2015,#2016,#2017,#2018,#2019));
#408=EDGE_LOOP('',(#2020,#2021,#2022,#2023));
#409=EDGE_LOOP('',(#2024,#2025,#2026,#2027));
#410=EDGE_LOOP('',(#2028,#2029,#2030,#2031));
#411=EDGE_LOOP('',(#2032,#2033,#2034,#2035));
#412=EDGE_LOOP('',(#2036,#2037,#2038,#2039));
#413=EDGE_LOOP('',(#2040,#2041,#2042,#2043,#2044));
#414=EDGE_LOOP('',(#2045,#2046,#2047,#2048));
#415=EDGE_LOOP('',(#2049,#2050,#2051,#2052));
#416=EDGE_LOOP('',(#2053,#2054,#2055,#2056));
#417=EDGE_LOOP('',(#2057,#2058,#2059,#2060,#2061));
#418=EDGE_LOOP('',(#2062,#2063,#2064,#2065));
#419=EDGE_LOOP('',(#2066,#2067,#2068,#2069));
#420=EDGE_LOOP('',(#2070,#2071,#2072,#2073));
#421=EDGE_LOOP('',(#2074,#2075,#2076,#2077));
#422=EDGE_LOOP('',(#2078,#2079,#2080,#2081));
#423=EDGE_LOOP('',(#2082,#2083,#2084,#2085));
#424=EDGE_LOOP('',(#2086,#2087,#2088,#2089));
#425=EDGE_LOOP('',(#2090,#2091,#2092,#2093));
#426=EDGE_LOOP('',(#2094,#2095,#2096,#2097,#2098,#2099));
#427=EDGE_LOOP('',(#2100,#2101,#2102,#2103,#2104));
#428=EDGE_LOOP('',(#2105,#2106,#2107,#2108));
#429=EDGE_LOOP('',(#2109,#2110,#2111,#2112,#2113,#2114));
#430=EDGE_LOOP('',(#2115,#2116,#2117,#2118));
#431=EDGE_LOOP('',(#2119,#2120,#2121,#2122,#2123,#2124));
#432=EDGE_LOOP('',(#2125,#2126,#2127,#2128));
#433=EDGE_LOOP('',(#2129,#2130,#2131,#2132,#2133));
#434=EDGE_LOOP('',(#2134,#2135,#2136,#2137));
#435=EDGE_LOOP('',(#2138,#2139,#2140,#2141));
#436=EDGE_LOOP('',(#2142,#2143,#2144,#2145));
#437=EDGE_LOOP('',(#2146,#2147,#2148,#2149));
#438=EDGE_LOOP('',(#2150,#2151,#2152,#2153));
#439=EDGE_LOOP('',(#2154,#2155,#2156,#2157));
#440=EDGE_LOOP('',(#2158,#2159,#2160,#2161));
#441=EDGE_LOOP('',(#2162,#2163,#2164,#2165));
#442=EDGE_LOOP('',(#2166,#2167,#2168,#2169));
#443=EDGE_LOOP('',(#2170,#2171,#2172,#2173));
#444=EDGE_LOOP('',(#2174,#2175,#2176,#2177));
#445=EDGE_LOOP('',(#2178,#2179,#2180,#2181));
#446=EDGE_LOOP('',(#2182,#2183,#2184,#2185));
#447=EDGE_LOOP('',(#2186,#2187,#2188,#2189));
#448=EDGE_LOOP('',(#2190,#2191,#2192,#2193));
#449=EDGE_LOOP('',(#2194,#2195,#2196,#2197));
#450=EDGE_LOOP('',(#2198,#2199,#2200,#2201,#2202));
#451=EDGE_LOOP('',(#2203,#2204,#2205,#2206,#2207));
#452=EDGE_LOOP('',(#2208,#2209,#2210,#2211,#2212,#2213));
#453=EDGE_LOOP('',(#2214,#2215,#2216,#2217,#2218,#2219));
#454=EDGE_LOOP('',(#2220,#2221,#2222,#2223,#2224,#2225,#2226,#2227,#2228,
#2229,#2230,#2231,#2232,#2233,#2234,#2235));
#455=EDGE_LOOP('',(#2236,#2237,#2238,#2239,#2240,#2241,#2242));
#456=EDGE_LOOP('',(#2243,#2244,#2245,#2246));
#457=EDGE_LOOP('',(#2247,#2248,#2249,#2250,#2251,#2252,#2253));
#458=EDGE_LOOP('',(#2254,#2255,#2256,#2257));
#459=EDGE_LOOP('',(#2258,#2259,#2260,#2261));
#460=EDGE_LOOP('',(#2262,#2263,#2264,#2265,#2266));
#461=EDGE_LOOP('',(#2267,#2268));
#462=EDGE_LOOP('',(#2269,#2270,#2271,#2272,#2273));
#463=EDGE_LOOP('',(#2274,#2275));
#464=EDGE_LOOP('',(#2276,#2277,#2278,#2279));
#465=EDGE_LOOP('',(#2280,#2281,#2282,#2283));
#466=EDGE_LOOP('',(#2284,#2285,#2286,#2287,#2288,#2289,#2290));
#467=EDGE_LOOP('',(#2291,#2292,#2293,#2294,#2295,#2296,#2297));
#468=EDGE_LOOP('',(#2298,#2299,#2300,#2301,#2302,#2303,#2304));
#469=EDGE_LOOP('',(#2305,#2306,#2307,#2308));
#470=LINE('',#3553,#661);
#471=LINE('',#3557,#662);
#472=LINE('',#3561,#663);
#473=LINE('',#3565,#664);
#474=LINE('',#3569,#665);
#475=LINE('',#3575,#666);
#476=LINE('',#3578,#667);
#477=LINE('',#3581,#668);
#478=LINE('',#3583,#669);
#479=LINE('',#3586,#670);
#480=LINE('',#3589,#671);
#481=LINE('',#3593,#672);
#482=LINE('',#3597,#673);
#483=LINE('',#3601,#674);
#484=LINE('',#3602,#675);
#485=LINE('',#3605,#676);
#486=LINE('',#3607,#677);
#487=LINE('',#3611,#678);
#488=LINE('',#3615,#679);
#489=LINE('',#3618,#680);
#490=LINE('',#3642,#681);
#491=LINE('',#3647,#682);
#492=LINE('',#3653,#683);
#493=LINE('',#3657,#684);
#494=LINE('',#3666,#685);
#495=LINE('',#3675,#686);
#496=LINE('',#3678,#687);
#497=LINE('',#3681,#688);
#498=LINE('',#3687,#689);
#499=LINE('',#3692,#690);
#500=LINE('',#3696,#691);
#501=LINE('',#3700,#692);
#502=LINE('',#3732,#693);
#503=LINE('',#3735,#694);
#504=LINE('',#3738,#695);
#505=LINE('',#3742,#696);
#506=LINE('',#3748,#697);
#507=LINE('',#3757,#698);
#508=LINE('',#3760,#699);
#509=LINE('',#3764,#700);
#510=LINE('',#3771,#701);
#511=LINE('',#3784,#702);
#512=LINE('',#3793,#703);
#513=LINE('',#3795,#704);
#514=LINE('',#3797,#705);
#515=LINE('',#3825,#706);
#516=LINE('',#3827,#707);
#517=LINE('',#3828,#708);
#518=LINE('',#3832,#709);
#519=LINE('',#3836,#710);
#520=LINE('',#3838,#711);
#521=LINE('',#3846,#712);
#522=LINE('',#3849,#713);
#523=LINE('',#3853,#714);
#524=LINE('',#3855,#715);
#525=LINE('',#3856,#716);
#526=LINE('',#3861,#717);
#527=LINE('',#3866,#718);
#528=LINE('',#3870,#719);
#529=LINE('',#3871,#720);
#530=LINE('',#3874,#721);
#531=LINE('',#3876,#722);
#532=LINE('',#3877,#723);
#533=LINE('',#3881,#724);
#534=LINE('',#3888,#725);
#535=LINE('',#3891,#726);
#536=LINE('',#3892,#727);
#537=LINE('',#3895,#728);
#538=LINE('',#3898,#729);
#539=LINE('',#3901,#730);
#540=LINE('',#3902,#731);
#541=LINE('',#3905,#732);
#542=LINE('',#3908,#733);
#543=LINE('',#3910,#734);
#544=LINE('',#3911,#735);
#545=LINE('',#3913,#736);
#546=LINE('',#3915,#737);
#547=LINE('',#3918,#738);
#548=LINE('',#3919,#739);
#549=LINE('',#3920,#740);
#550=LINE('',#3923,#741);
#551=LINE('',#3927,#742);
#552=LINE('',#3928,#743);
#553=LINE('',#3940,#744);
#554=LINE('',#3943,#745);
#555=LINE('',#3948,#746);
#556=LINE('',#3952,#747);
#557=LINE('',#3957,#748);
#558=LINE('',#3959,#749);
#559=LINE('',#3961,#750);
#560=LINE('',#3965,#751);
#561=LINE('',#3966,#752);
#562=LINE('',#3973,#753);
#563=LINE('',#3975,#754);
#564=LINE('',#3986,#755);
#565=LINE('',#3990,#756);
#566=LINE('',#3994,#757);
#567=LINE('',#3998,#758);
#568=LINE('',#4002,#759);
#569=LINE('',#4006,#760);
#570=LINE('',#4010,#761);
#571=LINE('',#4013,#762);
#572=LINE('',#4016,#763);
#573=LINE('',#4021,#764);
#574=LINE('',#4022,#765);
#575=LINE('',#4025,#766);
#576=LINE('',#4030,#767);
#577=LINE('',#4033,#768);
#578=LINE('',#4037,#769);
#579=LINE('',#4041,#770);
#580=LINE('',#4046,#771);
#581=LINE('',#4050,#772);
#582=LINE('',#4053,#773);
#583=LINE('',#4057,#774);
#584=LINE('',#4059,#775);
#585=LINE('',#4063,#776);
#586=LINE('',#4070,#777);
#587=LINE('',#4079,#778);
#588=LINE('',#4085,#779);
#589=LINE('',#4087,#780);
#590=LINE('',#4089,#781);
#591=LINE('',#4090,#782);
#592=LINE('',#4093,#783);
#593=LINE('',#4110,#784);
#594=LINE('',#4123,#785);
#595=LINE('',#4126,#786);
#596=LINE('',#4136,#787);
#597=LINE('',#4138,#788);
#598=LINE('',#4139,#789);
#599=LINE('',#4145,#790);
#600=LINE('',#4147,#791);
#601=LINE('',#4162,#792);
#602=LINE('',#4169,#793);
#603=LINE('',#4178,#794);
#604=LINE('',#4180,#795);
#605=LINE('',#4181,#796);
#606=LINE('',#4184,#797);
#607=LINE('',#4185,#798);
#608=LINE('',#4188,#799);
#609=LINE('',#4190,#800);
#610=LINE('',#4191,#801);
#611=LINE('',#4198,#802);
#612=LINE('',#4207,#803);
#613=LINE('',#4210,#804);
#614=LINE('',#4212,#805);
#615=LINE('',#4214,#806);
#616=LINE('',#4215,#807);
#617=LINE('',#4218,#808);
#618=LINE('',#4219,#809);
#619=LINE('',#4235,#810);
#620=LINE('',#4238,#811);
#621=LINE('',#4261,#812);
#622=LINE('',#4264,#813);
#623=LINE('',#4266,#814);
#624=LINE('',#4273,#815);
#625=LINE('',#4274,#816);
#626=LINE('',#4277,#817);
#627=LINE('',#4292,#818);
#628=LINE('',#4294,#819);
#629=LINE('',#4297,#820);
#630=LINE('',#4299,#821);
#631=LINE('',#4301,#822);
#632=LINE('',#4302,#823);
#633=LINE('',#4305,#824);
#634=LINE('',#4306,#825);
#635=LINE('',#4308,#826);
#636=LINE('',#4311,#827);
#637=LINE('',#4313,#828);
#638=LINE('',#4314,#829);
#639=LINE('',#4317,#830);
#640=LINE('',#4321,#831);
#641=LINE('',#4325,#832);
#642=LINE('',#4326,#833);
#643=LINE('',#4329,#834);
#644=LINE('',#4330,#835);
#645=LINE('',#4414,#836);
#646=LINE('',#4416,#837);
#647=LINE('',#4417,#838);
#648=LINE('',#4419,#839);
#649=LINE('',#4423,#840);
#650=LINE('',#4443,#841);
#651=LINE('',#4447,#842);
#652=LINE('',#4452,#843);
#653=LINE('',#4453,#844);
#654=LINE('',#4454,#845);
#655=LINE('',#4456,#846);
#656=LINE('',#4457,#847);
#657=LINE('',#4459,#848);
#658=LINE('',#4463,#849);
#659=LINE('',#4472,#850);
#660=LINE('',#4475,#851);
#661=VECTOR('',#2808,10.);
#662=VECTOR('',#2811,10.);
#663=VECTOR('',#2814,10.);
#664=VECTOR('',#2817,10.);
#665=VECTOR('',#2820,10.);
#666=VECTOR('',#2825,10.);
#667=VECTOR('',#2828,10.);
#668=VECTOR('',#2829,10.);
#669=VECTOR('',#2830,10.);
#670=VECTOR('',#2833,10.);
#671=VECTOR('',#2834,10.);
#672=VECTOR('',#2837,10.);
#673=VECTOR('',#2840,10.);
#674=VECTOR('',#2843,10.);
#675=VECTOR('',#2844,10.);
#676=VECTOR('',#2845,10.);
#677=VECTOR('',#2846,10.);
#678=VECTOR('',#2849,10.);
#679=VECTOR('',#2852,10.);
#680=VECTOR('',#2855,10.);
#681=VECTOR('',#2866,1.9000000000055);
#682=VECTOR('',#2873,1.7);
#683=VECTOR('',#2878,10.);
#684=VECTOR('',#2881,10.);
#685=VECTOR('',#2888,10.);
#686=VECTOR('',#2895,10.);
#687=VECTOR('',#2898,10.);
#688=VECTOR('',#2901,10.);
#689=VECTOR('',#2908,1.9000000000055);
#690=VECTOR('',#2915,1.7);
#691=VECTOR('',#2918,10.);
#692=VECTOR('',#2921,10.);
#693=VECTOR('',#2942,10.);
#694=VECTOR('',#2945,10.);
#695=VECTOR('',#2948,10.);
#696=VECTOR('',#2953,10.);
#697=VECTOR('',#2960,1.9000000000055);
#698=VECTOR('',#2969,10.);
#699=VECTOR('',#2972,10.);
#700=VECTOR('',#2977,1.7);
#701=VECTOR('',#2980,10.);
#702=VECTOR('',#2991,10.);
#703=VECTOR('',#2996,10.);
#704=VECTOR('',#2997,10.);
#705=VECTOR('',#2998,10.);
#706=VECTOR('',#3013,10.);
#707=VECTOR('',#3014,10.);
#708=VECTOR('',#3015,10.);
#709=VECTOR('',#3018,10.);
#710=VECTOR('',#3025,10.);
#711=VECTOR('',#3026,10.);
#712=VECTOR('',#3031,10.);
#713=VECTOR('',#3034,10.);
#714=VECTOR('',#3039,10.);
#715=VECTOR('',#3040,10.);
#716=VECTOR('',#3041,10.);
#717=VECTOR('',#3046,10.);
#718=VECTOR('',#3051,10.);
#719=VECTOR('',#3058,10.);
#720=VECTOR('',#3059,10.);
#721=VECTOR('',#3062,10.);
#722=VECTOR('',#3063,10.);
#723=VECTOR('',#3064,10.);
#724=VECTOR('',#3067,10.);
#725=VECTOR('',#3076,10.);
#726=VECTOR('',#3081,10.);
#727=VECTOR('',#3082,10.);
#728=VECTOR('',#3085,10.);
#729=VECTOR('',#3088,10.);
#730=VECTOR('',#3091,10.);
#731=VECTOR('',#3092,10.);
#732=VECTOR('',#3095,10.);
#733=VECTOR('',#3100,10.);
#734=VECTOR('',#3101,10.);
#735=VECTOR('',#3102,10.);
#736=VECTOR('',#3105,10.);
#737=VECTOR('',#3108,10.);
#738=VECTOR('',#3111,10.);
#739=VECTOR('',#3112,10.);
#740=VECTOR('',#3113,10.);
#741=VECTOR('',#3116,10.);
#742=VECTOR('',#3121,10.);
#743=VECTOR('',#3122,10.);
#744=VECTOR('',#3133,10.);
#745=VECTOR('',#3136,10.);
#746=VECTOR('',#3139,10.);
#747=VECTOR('',#3142,10.);
#748=VECTOR('',#3149,1.8999999999945);
#749=VECTOR('',#3152,1.8999999999945);
#750=VECTOR('',#3155,1.8999999999945);
#751=VECTOR('',#3158,10.);
#752=VECTOR('',#3159,10.);
#753=VECTOR('',#3162,10.);
#754=VECTOR('',#3163,10.);
#755=VECTOR('',#3174,10.);
#756=VECTOR('',#3177,10.);
#757=VECTOR('',#3180,10.);
#758=VECTOR('',#3183,10.);
#759=VECTOR('',#3186,10.);
#760=VECTOR('',#3189,10.);
#761=VECTOR('',#3192,10.);
#762=VECTOR('',#3195,10.);
#763=VECTOR('',#3198,10.);
#764=VECTOR('',#3199,10.);
#765=VECTOR('',#3200,10.);
#766=VECTOR('',#3203,1.4);
#767=VECTOR('',#3208,10.);
#768=VECTOR('',#3211,1.2);
#769=VECTOR('',#3214,10.);
#770=VECTOR('',#3219,1.4);
#771=VECTOR('',#3224,10.);
#772=VECTOR('',#3227,10.);
#773=VECTOR('',#3230,1.2);
#774=VECTOR('',#3235,10.);
#775=VECTOR('',#3236,10.);
#776=VECTOR('',#3241,10.);
#777=VECTOR('',#3244,10.);
#778=VECTOR('',#3251,10.);
#779=VECTOR('',#3252,10.);
#780=VECTOR('',#3253,10.);
#781=VECTOR('',#3254,10.);
#782=VECTOR('',#3255,10.);
#783=VECTOR('',#3258,10.);
#784=VECTOR('',#3273,10.);
#785=VECTOR('',#3280,10.);
#786=VECTOR('',#3283,10.);
#787=VECTOR('',#3288,10.);
#788=VECTOR('',#3289,10.);
#789=VECTOR('',#3290,10.);
#790=VECTOR('',#3293,10.);
#791=VECTOR('',#3296,10.);
#792=VECTOR('',#3301,10.);
#793=VECTOR('',#3306,10.);
#794=VECTOR('',#3313,10.);
#795=VECTOR('',#3314,10.);
#796=VECTOR('',#3315,10.);
#797=VECTOR('',#3318,10.);
#798=VECTOR('',#3319,10.);
#799=VECTOR('',#3322,10.);
#800=VECTOR('',#3323,10.);
#801=VECTOR('',#3324,10.);
#802=VECTOR('',#3327,10.);
#803=VECTOR('',#3334,10.);
#804=VECTOR('',#3337,10.);
#805=VECTOR('',#3338,10.);
#806=VECTOR('',#3339,10.);
#807=VECTOR('',#3340,10.);
#808=VECTOR('',#3343,10.);
#809=VECTOR('',#3344,10.);
#810=VECTOR('',#3353,10.);
#811=VECTOR('',#3356,10.);
#812=VECTOR('',#3363,10.);
#813=VECTOR('',#3366,10.);
#814=VECTOR('',#3367,10.);
#815=VECTOR('',#3370,10.);
#816=VECTOR('',#3371,10.);
#817=VECTOR('',#3374,10.);
#818=VECTOR('',#3385,10.);
#819=VECTOR('',#3388,10.);
#820=VECTOR('',#3391,10.);
#821=VECTOR('',#3392,10.);
#822=VECTOR('',#3393,10.);
#823=VECTOR('',#3394,10.);
#824=VECTOR('',#3397,10.);
#825=VECTOR('',#3398,10.);
#826=VECTOR('',#3401,10.);
#827=VECTOR('',#3404,10.);
#828=VECTOR('',#3405,10.);
#829=VECTOR('',#3406,10.);
#830=VECTOR('',#3409,10.);
#831=VECTOR('',#3412,10.);
#832=VECTOR('',#3417,10.);
#833=VECTOR('',#3418,10.);
#834=VECTOR('',#3421,10.);
#835=VECTOR('',#3422,10.);
#836=VECTOR('',#3465,10.);
#837=VECTOR('',#3468,10.);
#838=VECTOR('',#3469,10.);
#839=VECTOR('',#3472,10.);
#840=VECTOR('',#3479,10.);
#841=VECTOR('',#3490,10.);
#842=VECTOR('',#3497,10.);
#843=VECTOR('',#3504,10.);
#844=VECTOR('',#3505,10.);
#845=VECTOR('',#3506,10.);
#846=VECTOR('',#3509,10.);
#847=VECTOR('',#3510,10.);
#848=VECTOR('',#3513,10.);
#849=VECTOR('',#3520,10.);
#850=VECTOR('',#3537,10.);
#851=VECTOR('',#3542,10.);
#852=CIRCLE('',#2525,5.00000000000006);
#853=CIRCLE('',#2526,5.00000000000006);
#854=CIRCLE('',#2527,2.5);
#855=CIRCLE('',#2528,5.);
#856=CIRCLE('',#2529,1.20000000000001);
#857=CIRCLE('',#2530,1.2);
#858=CIRCLE('',#2531,5.);
#859=CIRCLE('',#2532,5.);
#860=CIRCLE('',#2533,2.5);
#861=CIRCLE('',#2534,3.375);
#862=CIRCLE('',#2535,3.375);
#863=CIRCLE('',#2536,1.6);
#864=CIRCLE('',#2537,3.375);
#865=CIRCLE('',#2538,3.375);
#866=CIRCLE('',#2539,1.6);
#867=CIRCLE('',#2540,3.375);
#868=CIRCLE('',#2542,4.5);
#869=CIRCLE('',#2543,0.500000009882484);
#870=CIRCLE('',#2545,2.100000000011);
#871=CIRCLE('',#2546,1.7);
#872=CIRCLE('',#2548,1.7);
#873=CIRCLE('',#2550,2.09999999991532);
#874=CIRCLE('',#2551,4.5);
#875=CIRCLE('',#2552,4.09999999997778);
#876=CIRCLE('',#2554,4.5);
#877=CIRCLE('',#2556,1.7);
#878=CIRCLE('',#2558,1.7);
#879=CIRCLE('',#2560,4.5);
#880=CIRCLE('',#2562,2.100000000011);
#881=CIRCLE('',#2563,1.7);
#882=CIRCLE('',#2565,1.7);
#883=CIRCLE('',#2567,4.50000000000006);
#884=CIRCLE('',#2568,4.09999999991992);
#885=CIRCLE('',#2569,11.400000000126);
#886=CIRCLE('',#2570,4.09999999993915);
#887=CIRCLE('',#2572,4.50000000000006);
#888=CIRCLE('',#2574,11.);
#889=CIRCLE('',#2576,4.50000000000006);
#890=CIRCLE('',#2578,4.50000000000006);
#891=CIRCLE('',#2580,11.);
#892=CIRCLE('',#2582,4.50000000000006);
#893=CIRCLE('',#2584,2.100000000011);
#894=CIRCLE('',#2585,1.7);
#895=CIRCLE('',#2587,2.09999999993289);
#896=CIRCLE('',#2588,4.09999999995653);
#897=CIRCLE('',#2589,4.5);
#898=CIRCLE('',#2591,1.7);
#899=CIRCLE('',#2593,4.5);
#900=CIRCLE('',#2595,1.7);
#901=CIRCLE('',#2597,4.5);
#902=CIRCLE('',#2598,4.10000000004347);
#903=CIRCLE('',#2601,4.1000000000802);
#904=CIRCLE('',#2603,11.399999999874);
#905=CIRCLE('',#2605,4.10000000006096);
#906=CIRCLE('',#2608,3.);
#907=CIRCLE('',#2609,2.60000000008171);
#908=CIRCLE('',#2612,4.10000000002222);
#909=CIRCLE('',#2614,2.10000000008468);
#910=CIRCLE('',#2617,3.);
#911=CIRCLE('',#2618,2.60000000009687);
#912=CIRCLE('',#2620,1.7);
#913=CIRCLE('',#2621,1.29999999990313);
#914=CIRCLE('',#2625,1.7);
#915=CIRCLE('',#2626,1.29999999991869);
#916=CIRCLE('',#2628,1.7);
#917=CIRCLE('',#2629,2.10000000006711);
#918=CIRCLE('',#2632,1.7);
#919=CIRCLE('',#2635,1.7);
#920=CIRCLE('',#2641,3.);
#921=CIRCLE('',#2644,2.099999999989);
#922=CIRCLE('',#2645,2.099999999989);
#923=CIRCLE('',#2646,1.6);
#924=CIRCLE('',#2647,1.40176171565019);
#925=CIRCLE('',#2648,3.375);
#926=CIRCLE('',#2649,1.6);
#927=CIRCLE('',#2650,3.375);
#928=CIRCLE('',#2651,1.40114523830051);
#929=CIRCLE('',#2652,2.099999999989);
#930=CIRCLE('',#2659,2.975);
#931=CIRCLE('',#2661,1.00114523830051);
#932=CIRCLE('',#2663,2.975);
#933=CIRCLE('',#2664,2.975);
#934=CIRCLE('',#2665,2.975);
#935=CIRCLE('',#2666,2.975);
#936=CIRCLE('',#2667,2.975);
#937=CIRCLE('',#2668,2.975);
#938=CIRCLE('',#2669,2.975);
#939=CIRCLE('',#2672,1.2);
#940=CIRCLE('',#2674,1.2);
#941=CIRCLE('',#2675,1.2);
#942=CIRCLE('',#2676,1.2);
#943=CIRCLE('',#2678,1.2);
#944=CIRCLE('',#2680,1.2);
#945=CIRCLE('',#2681,1.2);
#946=CIRCLE('',#2682,1.2);
#947=CIRCLE('',#2684,1.00176171565019);
#948=CIRCLE('',#2688,2.975);
#949=CIRCLE('',#2691,1.00176171565019);
#950=CIRCLE('',#2693,1.40176171565019);
#951=CIRCLE('',#2695,1.00114523830051);
#952=CIRCLE('',#2696,1.40114523830051);
#953=CIRCLE('',#2699,3.37500000000001);
#954=CIRCLE('',#2701,1.59999999999999);
#955=CIRCLE('',#2717,2.975);
#956=CIRCLE('',#2722,3.37499999999999);
#957=CIRCLE('',#2723,2.975);
#958=CIRCLE('',#2725,1.60000000000001);
#959=CIRCLE('',#2733,2.975);
#960=CIRCLE('',#2735,2.975);
#961=CIRCLE('',#2743,2.975);
#962=CIRCLE('',#2744,2.975);
#963=CIRCLE('',#2748,0.499999999999994);
#964=CIRCLE('',#2749,0.499999999999998);
#965=CIRCLE('',#2751,0.5);
#966=CIRCLE('',#2752,0.500000000000007);
#967=CIRCLE('',#2755,0.5);
#968=CIRCLE('',#2756,0.499999999999998);
#969=CIRCLE('',#2759,4.50000000000006);
#970=CIRCLE('',#2760,0.500000000000034);
#971=CIRCLE('',#2762,4.5);
#972=CIRCLE('',#2764,0.5);
#973=CIRCLE('',#2765,3.);
#974=CIRCLE('',#2766,0.499999999999998);
#975=CIRCLE('',#2771,4.50000000000006);
#976=CIRCLE('',#2776,4.5);
#977=CIRCLE('',#2782,2.975);
#978=CIRCLE('',#2783,2.975);
#979=CIRCLE('',#2794,2.975);
#980=VERTEX_POINT('',#3547);
#981=VERTEX_POINT('',#3548);
#982=VERTEX_POINT('',#3550);
#983=VERTEX_POINT('',#3552);
#984=VERTEX_POINT('',#3554);
#985=VERTEX_POINT('',#3556);
#986=VERTEX_POINT('',#3558);
#987=VERTEX_POINT('',#3560);
#988=VERTEX_POINT('',#3562);
#989=VERTEX_POINT('',#3564);
#990=VERTEX_POINT('',#3566);
#991=VERTEX_POINT('',#3568);
#992=VERTEX_POINT('',#3570);
#993=VERTEX_POINT('',#3572);
#994=VERTEX_POINT('',#3574);
#995=VERTEX_POINT('',#3576);
#996=VERTEX_POINT('',#3579);
#997=VERTEX_POINT('',#3580);
#998=VERTEX_POINT('',#3582);
#999=VERTEX_POINT('',#3584);
#1000=VERTEX_POINT('',#3587);
#1001=VERTEX_POINT('',#3588);
#1002=VERTEX_POINT('',#3590);
#1003=VERTEX_POINT('',#3592);
#1004=VERTEX_POINT('',#3594);
#1005=VERTEX_POINT('',#3596);
#1006=VERTEX_POINT('',#3598);
#1007=VERTEX_POINT('',#3600);
#1008=VERTEX_POINT('',#3603);
#1009=VERTEX_POINT('',#3604);
#1010=VERTEX_POINT('',#3606);
#1011=VERTEX_POINT('',#3608);
#1012=VERTEX_POINT('',#3610);
#1013=VERTEX_POINT('',#3612);
#1014=VERTEX_POINT('',#3614);
#1015=VERTEX_POINT('',#3616);
#1016=VERTEX_POINT('',#3620);
#1017=VERTEX_POINT('',#3621);
#1018=VERTEX_POINT('',#3639);
#1019=VERTEX_POINT('',#3641);
#1020=VERTEX_POINT('',#3645);
#1021=VERTEX_POINT('',#3649);
#1022=VERTEX_POINT('',#3650);
#1023=VERTEX_POINT('',#3652);
#1024=VERTEX_POINT('',#3654);
#1025=VERTEX_POINT('',#3656);
#1026=VERTEX_POINT('',#3660);
#1027=VERTEX_POINT('',#3664);
#1028=VERTEX_POINT('',#3668);
#1029=VERTEX_POINT('',#3674);
#1030=VERTEX_POINT('',#3676);
#1031=VERTEX_POINT('',#3680);
#1032=VERTEX_POINT('',#3684);
#1033=VERTEX_POINT('',#3686);
#1034=VERTEX_POINT('',#3690);
#1035=VERTEX_POINT('',#3694);
#1036=VERTEX_POINT('',#3695);
#1037=VERTEX_POINT('',#3697);
#1038=VERTEX_POINT('',#3699);
#1039=VERTEX_POINT('',#3701);
#1040=VERTEX_POINT('',#3703);
#1041=VERTEX_POINT('',#3707);
#1042=VERTEX_POINT('',#3708);
#1043=VERTEX_POINT('',#3718);
#1044=VERTEX_POINT('',#3725);
#1045=VERTEX_POINT('',#3731);
#1046=VERTEX_POINT('',#3733);
#1047=VERTEX_POINT('',#3737);
#1048=VERTEX_POINT('',#3741);
#1049=VERTEX_POINT('',#3745);
#1050=VERTEX_POINT('',#3747);
#1051=VERTEX_POINT('',#3751);
#1052=VERTEX_POINT('',#3752);
#1053=VERTEX_POINT('',#3754);
#1054=VERTEX_POINT('',#3756);
#1055=VERTEX_POINT('',#3758);
#1056=VERTEX_POINT('',#3762);
#1057=VERTEX_POINT('',#3766);
#1058=VERTEX_POINT('',#3770);
#1059=VERTEX_POINT('',#3774);
#1060=VERTEX_POINT('',#3780);
#1061=VERTEX_POINT('',#3781);
#1062=VERTEX_POINT('',#3783);
#1063=VERTEX_POINT('',#3785);
#1064=VERTEX_POINT('',#3792);
#1065=VERTEX_POINT('',#3794);
#1066=VERTEX_POINT('',#3796);
#1067=VERTEX_POINT('',#3803);
#1068=VERTEX_POINT('',#3810);
#1069=VERTEX_POINT('',#3817);
#1070=VERTEX_POINT('',#3824);
#1071=VERTEX_POINT('',#3826);
#1072=VERTEX_POINT('',#3830);
#1073=VERTEX_POINT('',#3831);
#1074=VERTEX_POINT('',#3837);
#1075=VERTEX_POINT('',#3844);
#1076=VERTEX_POINT('',#3848);
#1077=VERTEX_POINT('',#3852);
#1078=VERTEX_POINT('',#3854);
#1079=VERTEX_POINT('',#3858);
#1080=VERTEX_POINT('',#3860);
#1081=VERTEX_POINT('',#3864);
#1082=VERTEX_POINT('',#3865);
#1083=VERTEX_POINT('',#3873);
#1084=VERTEX_POINT('',#3875);
#1085=VERTEX_POINT('',#3879);
#1086=VERTEX_POINT('',#3880);
#1087=VERTEX_POINT('',#3885);
#1088=VERTEX_POINT('',#3887);
#1089=VERTEX_POINT('',#3894);
#1090=VERTEX_POINT('',#3896);
#1091=VERTEX_POINT('',#3900);
#1092=VERTEX_POINT('',#3904);
#1093=VERTEX_POINT('',#3909);
#1094=VERTEX_POINT('',#3917);
#1095=VERTEX_POINT('',#3922);
#1096=VERTEX_POINT('',#3926);
#1097=VERTEX_POINT('',#3930);
#1098=VERTEX_POINT('',#3932);
#1099=VERTEX_POINT('',#3934);
#1100=VERTEX_POINT('',#3936);
#1101=VERTEX_POINT('',#3937);
#1102=VERTEX_POINT('',#3939);
#1103=VERTEX_POINT('',#3941);
#1104=VERTEX_POINT('',#3944);
#1105=VERTEX_POINT('',#3946);
#1106=VERTEX_POINT('',#3947);
#1107=VERTEX_POINT('',#3949);
#1108=VERTEX_POINT('',#3951);
#1109=VERTEX_POINT('',#3954);
#1110=VERTEX_POINT('',#3963);
#1111=VERTEX_POINT('',#3964);
#1112=VERTEX_POINT('',#3972);
#1113=VERTEX_POINT('',#3974);
#1114=VERTEX_POINT('',#3985);
#1115=VERTEX_POINT('',#3987);
#1116=VERTEX_POINT('',#3989);
#1117=VERTEX_POINT('',#3991);
#1118=VERTEX_POINT('',#3993);
#1119=VERTEX_POINT('',#3995);
#1120=VERTEX_POINT('',#3997);
#1121=VERTEX_POINT('',#3999);
#1122=VERTEX_POINT('',#4001);
#1123=VERTEX_POINT('',#4003);
#1124=VERTEX_POINT('',#4005);
#1125=VERTEX_POINT('',#4007);
#1126=VERTEX_POINT('',#4009);
#1127=VERTEX_POINT('',#4011);
#1128=VERTEX_POINT('',#4015);
#1129=VERTEX_POINT('',#4017);
#1130=VERTEX_POINT('',#4024);
#1131=VERTEX_POINT('',#4028);
#1132=VERTEX_POINT('',#4029);
#1133=VERTEX_POINT('',#4031);
#1134=VERTEX_POINT('',#4034);
#1135=VERTEX_POINT('',#4036);
#1136=VERTEX_POINT('',#4040);
#1137=VERTEX_POINT('',#4044);
#1138=VERTEX_POINT('',#4045);
#1139=VERTEX_POINT('',#4047);
#1140=VERTEX_POINT('',#4049);
#1141=VERTEX_POINT('',#4051);
#1142=VERTEX_POINT('',#4056);
#1143=VERTEX_POINT('',#4058);
#1144=VERTEX_POINT('',#4062);
#1145=VERTEX_POINT('',#4069);
#1146=VERTEX_POINT('',#4078);
#1147=VERTEX_POINT('',#4080);
#1148=VERTEX_POINT('',#4084);
#1149=VERTEX_POINT('',#4086);
#1150=VERTEX_POINT('',#4088);
#1151=VERTEX_POINT('',#4092);
#1152=VERTEX_POINT('',#4096);
#1153=VERTEX_POINT('',#4102);
#1154=VERTEX_POINT('',#4104);
#1155=VERTEX_POINT('',#4112);
#1156=VERTEX_POINT('',#4116);
#1157=VERTEX_POINT('',#4122);
#1158=VERTEX_POINT('',#4124);
#1159=VERTEX_POINT('',#4135);
#1160=VERTEX_POINT('',#4137);
#1161=VERTEX_POINT('',#4177);
#1162=VERTEX_POINT('',#4179);
#1163=VERTEX_POINT('',#4183);
#1164=VERTEX_POINT('',#4187);
#1165=VERTEX_POINT('',#4189);
#1166=VERTEX_POINT('',#4193);
#1167=VERTEX_POINT('',#4200);
#1168=VERTEX_POINT('',#4209);
#1169=VERTEX_POINT('',#4211);
#1170=VERTEX_POINT('',#4213);
#1171=VERTEX_POINT('',#4217);
#1172=VERTEX_POINT('',#4221);
#1173=VERTEX_POINT('',#4222);
#1174=VERTEX_POINT('',#4226);
#1175=VERTEX_POINT('',#4228);
#1176=VERTEX_POINT('',#4234);
#1177=VERTEX_POINT('',#4236);
#1178=VERTEX_POINT('',#4256);
#1179=VERTEX_POINT('',#4263);
#1180=VERTEX_POINT('',#4265);
#1181=VERTEX_POINT('',#4272);
#1182=VERTEX_POINT('',#4276);
#1183=VERTEX_POINT('',#4283);
#1184=VERTEX_POINT('',#4296);
#1185=VERTEX_POINT('',#4298);
#1186=VERTEX_POINT('',#4300);
#1187=VERTEX_POINT('',#4304);
#1188=VERTEX_POINT('',#4310);
#1189=VERTEX_POINT('',#4312);
#1190=VERTEX_POINT('',#4316);
#1191=VERTEX_POINT('',#4318);
#1192=VERTEX_POINT('',#4320);
#1193=VERTEX_POINT('',#4324);
#1194=VERTEX_POINT('',#4328);
#1195=VERTEX_POINT('',#4357);
#1196=VERTEX_POINT('',#4358);
#1197=VERTEX_POINT('',#4376);
#1198=VERTEX_POINT('',#4391);
#1199=VERTEX_POINT('',#4408);
#1200=VERTEX_POINT('',#4410);
#1201=VERTEX_POINT('',#4450);
#1202=EDGE_CURVE('',#980,#981,#852,.T.);
#1203=EDGE_CURVE('',#982,#980,#853,.T.);
#1204=EDGE_CURVE('',#983,#982,#470,.T.);
#1205=EDGE_CURVE('',#984,#983,#854,.T.);
#1206=EDGE_CURVE('',#985,#984,#471,.T.);
#1207=EDGE_CURVE('',#986,#985,#855,.T.);
#1208=EDGE_CURVE('',#987,#986,#472,.T.);
#1209=EDGE_CURVE('',#988,#987,#856,.T.);
#1210=EDGE_CURVE('',#989,#988,#473,.T.);
#1211=EDGE_CURVE('',#990,#989,#857,.T.);
#1212=EDGE_CURVE('',#991,#990,#474,.T.);
#1213=EDGE_CURVE('',#992,#991,#858,.T.);
#1214=EDGE_CURVE('',#993,#992,#859,.T.);
#1215=EDGE_CURVE('',#994,#993,#475,.T.);
#1216=EDGE_CURVE('',#995,#994,#860,.T.);
#1217=EDGE_CURVE('',#981,#995,#476,.T.);
#1218=EDGE_CURVE('',#996,#997,#477,.T.);
#1219=EDGE_CURVE('',#998,#996,#478,.T.);
#1220=EDGE_CURVE('',#999,#998,#861,.T.);
#1221=EDGE_CURVE('',#997,#999,#479,.T.);
#1222=EDGE_CURVE('',#1000,#1001,#480,.T.);
#1223=EDGE_CURVE('',#1002,#1000,#862,.T.);
#1224=EDGE_CURVE('',#1003,#1002,#481,.T.);
#1225=EDGE_CURVE('',#1004,#1003,#863,.T.);
#1226=EDGE_CURVE('',#1005,#1004,#482,.T.);
#1227=EDGE_CURVE('',#1006,#1005,#864,.T.);
#1228=EDGE_CURVE('',#1007,#1006,#483,.T.);
#1229=EDGE_CURVE('',#1001,#1007,#484,.T.);
#1230=EDGE_CURVE('',#1008,#1009,#485,.T.);
#1231=EDGE_CURVE('',#1010,#1008,#486,.T.);
#1232=EDGE_CURVE('',#1011,#1010,#865,.T.);
#1233=EDGE_CURVE('',#1012,#1011,#487,.T.);
#1234=EDGE_CURVE('',#1013,#1012,#866,.T.);
#1235=EDGE_CURVE('',#1014,#1013,#488,.T.);
#1236=EDGE_CURVE('',#1015,#1014,#867,.T.);
#1237=EDGE_CURVE('',#1009,#1015,#489,.T.);
#1238=EDGE_CURVE('',#1016,#1017,#868,.T.);
#1239=EDGE_CURVE('',#1017,#993,#107,.T.);
#1240=EDGE_CURVE('',#992,#1016,#869,.T.);
#1241=EDGE_CURVE('',#1018,#1018,#870,.T.);
#1242=EDGE_CURVE('',#1018,#1019,#490,.T.);
#1243=EDGE_CURVE('',#1019,#1019,#871,.T.);
#1244=EDGE_CURVE('',#1020,#1020,#872,.T.);
#1245=EDGE_CURVE('',#1020,#1019,#491,.T.);
#1246=EDGE_CURVE('',#1021,#1022,#873,.T.);
#1247=EDGE_CURVE('',#1023,#1021,#492,.T.);
#1248=EDGE_CURVE('',#1023,#1024,#874,.T.);
#1249=EDGE_CURVE('',#1025,#1024,#493,.T.);
#1250=EDGE_CURVE('',#1022,#1025,#875,.T.);
#1251=EDGE_CURVE('',#1025,#1026,#15,.F.);
#1252=EDGE_CURVE('',#1026,#1027,#876,.T.);
#1253=EDGE_CURVE('',#1027,#1022,#494,.T.);
#1254=EDGE_CURVE('',#1028,#1021,#16,.F.);
#1255=EDGE_CURVE('',#1027,#1028,#877,.T.);
#1256=EDGE_CURVE('',#1027,#1029,#495,.T.);
#1257=EDGE_CURVE('',#1030,#1029,#878,.T.);
#1258=EDGE_CURVE('',#1030,#1028,#496,.T.);
#1259=EDGE_CURVE('',#1026,#1031,#497,.T.);
#1260=EDGE_CURVE('',#1029,#1031,#879,.T.);
#1261=EDGE_CURVE('',#1032,#1032,#880,.T.);
#1262=EDGE_CURVE('',#1032,#1033,#498,.T.);
#1263=EDGE_CURVE('',#1033,#1033,#881,.T.);
#1264=EDGE_CURVE('',#1034,#1034,#882,.T.);
#1265=EDGE_CURVE('',#1034,#1033,#499,.T.);
#1266=EDGE_CURVE('',#1035,#1036,#500,.T.);
#1267=EDGE_CURVE('',#1035,#1037,#883,.T.);
#1268=EDGE_CURVE('',#1038,#1037,#501,.T.);
#1269=EDGE_CURVE('',#1039,#1038,#884,.T.);
#1270=EDGE_CURVE('',#1040,#1039,#885,.T.);
#1271=EDGE_CURVE('',#1036,#1040,#886,.T.);
#1272=EDGE_CURVE('',#1041,#1042,#887,.T.);
#1273=EDGE_CURVE('',#1036,#1042,#17,.T.);
#1274=EDGE_CURVE('',#1040,#1041,#108,.T.);
#1275=EDGE_CURVE('',#1043,#1041,#888,.T.);
#1276=EDGE_CURVE('',#1039,#1043,#109,.T.);
#1277=EDGE_CURVE('',#1038,#1044,#18,.F.);
#1278=EDGE_CURVE('',#1044,#1043,#889,.T.);
#1279=EDGE_CURVE('',#1041,#1045,#502,.T.);
#1280=EDGE_CURVE('',#1046,#1045,#890,.T.);
#1281=EDGE_CURVE('',#1042,#1046,#503,.T.);
#1282=EDGE_CURVE('',#1043,#1047,#504,.T.);
#1283=EDGE_CURVE('',#1045,#1047,#891,.T.);
#1284=EDGE_CURVE('',#1044,#1048,#505,.T.);
#1285=EDGE_CURVE('',#1047,#1048,#892,.T.);
#1286=EDGE_CURVE('',#1049,#1049,#893,.T.);
#1287=EDGE_CURVE('',#1049,#1050,#506,.T.);
#1288=EDGE_CURVE('',#1050,#1050,#894,.T.);
#1289=EDGE_CURVE('',#1051,#1052,#895,.T.);
#1290=EDGE_CURVE('',#1053,#1051,#896,.T.);
#1291=EDGE_CURVE('',#1054,#1053,#507,.T.);
#1292=EDGE_CURVE('',#1054,#1055,#897,.T.);
#1293=EDGE_CURVE('',#1052,#1055,#508,.T.);
#1294=EDGE_CURVE('',#1056,#1056,#898,.T.);
#1295=EDGE_CURVE('',#1056,#1050,#509,.T.);
#1296=EDGE_CURVE('',#1053,#1057,#19,.T.);
#1297=EDGE_CURVE('',#1051,#1058,#510,.T.);
#1298=EDGE_CURVE('',#1058,#1057,#899,.T.);
#1299=EDGE_CURVE('',#1052,#1059,#20,.F.);
#1300=EDGE_CURVE('',#1059,#1058,#900,.T.);
#1301=EDGE_CURVE('',#1060,#1061,#901,.T.);
#1302=EDGE_CURVE('',#1061,#1062,#511,.T.);
#1303=EDGE_CURVE('',#1062,#1063,#902,.T.);
#1304=EDGE_CURVE('',#1063,#1060,#110,.T.);
#1305=EDGE_CURVE('',#1048,#1064,#512,.T.);
#1306=EDGE_CURVE('',#1064,#1065,#513,.T.);
#1307=EDGE_CURVE('',#1065,#1066,#514,.T.);
#1308=EDGE_CURVE('',#1066,#1048,#111,.T.);
#1309=EDGE_CURVE('',#1066,#1067,#903,.T.);
#1310=EDGE_CURVE('',#1067,#1047,#112,.T.);
#1311=EDGE_CURVE('',#1067,#1068,#904,.T.);
#1312=EDGE_CURVE('',#1068,#1045,#113,.T.);
#1313=EDGE_CURVE('',#1068,#1069,#905,.T.);
#1314=EDGE_CURVE('',#1069,#1046,#114,.T.);
#1315=EDGE_CURVE('',#1069,#1070,#515,.T.);
#1316=EDGE_CURVE('',#1070,#1071,#516,.T.);
#1317=EDGE_CURVE('',#1071,#1046,#517,.T.);
#1318=EDGE_CURVE('',#1072,#1073,#518,.T.);
#1319=EDGE_CURVE('',#1073,#1071,#906,.T.);
#1320=EDGE_CURVE('',#1070,#1072,#907,.T.);
#1321=EDGE_CURVE('',#1031,#1073,#519,.T.);
#1322=EDGE_CURVE('',#1072,#1074,#520,.T.);
#1323=EDGE_CURVE('',#1074,#1031,#115,.T.);
#1324=EDGE_CURVE('',#1074,#1075,#908,.T.);
#1325=EDGE_CURVE('',#1075,#1029,#521,.T.);
#1326=EDGE_CURVE('',#1076,#1030,#522,.T.);
#1327=EDGE_CURVE('',#1075,#1076,#909,.T.);
#1328=EDGE_CURVE('',#1076,#1077,#523,.T.);
#1329=EDGE_CURVE('',#1077,#1078,#524,.T.);
#1330=EDGE_CURVE('',#1078,#1030,#525,.T.);
#1331=EDGE_CURVE('',#1064,#1079,#910,.T.);
#1332=EDGE_CURVE('',#1079,#1080,#526,.T.);
#1333=EDGE_CURVE('',#1080,#1065,#911,.T.);
#1334=EDGE_CURVE('',#1081,#1082,#527,.T.);
#1335=EDGE_CURVE('',#1082,#1078,#912,.T.);
#1336=EDGE_CURVE('',#1077,#1081,#913,.T.);
#1337=EDGE_CURVE('',#1063,#1080,#528,.T.);
#1338=EDGE_CURVE('',#1079,#1060,#529,.T.);
#1339=EDGE_CURVE('',#1081,#1083,#530,.T.);
#1340=EDGE_CURVE('',#1083,#1084,#531,.T.);
#1341=EDGE_CURVE('',#1084,#1082,#532,.T.);
#1342=EDGE_CURVE('',#1085,#1086,#533,.T.);
#1343=EDGE_CURVE('',#1086,#1084,#914,.T.);
#1344=EDGE_CURVE('',#1083,#1085,#915,.T.);
#1345=EDGE_CURVE('',#1061,#1087,#916,.T.);
#1346=EDGE_CURVE('',#1087,#1088,#534,.T.);
#1347=EDGE_CURVE('',#1088,#1062,#917,.T.);
#1348=EDGE_CURVE('',#1085,#1088,#535,.T.);
#1349=EDGE_CURVE('',#1087,#1086,#536,.T.);
#1350=EDGE_CURVE('',#1082,#1089,#537,.T.);
#1351=EDGE_CURVE('',#1089,#1090,#918,.F.);
#1352=EDGE_CURVE('',#1090,#1078,#538,.T.);
#1353=EDGE_CURVE('',#1091,#1084,#539,.T.);
#1354=EDGE_CURVE('',#1089,#1091,#540,.T.);
#1355=EDGE_CURVE('',#1086,#1092,#541,.T.);
#1356=EDGE_CURVE('',#1092,#1091,#919,.F.);
#1357=EDGE_CURVE('',#1059,#1087,#542,.T.);
#1358=EDGE_CURVE('',#1093,#1055,#543,.T.);
#1359=EDGE_CURVE('',#1092,#1093,#544,.T.);
#1360=EDGE_CURVE('',#1061,#1058,#545,.T.);
#1361=EDGE_CURVE('',#1057,#1060,#546,.T.);
#1362=EDGE_CURVE('',#1094,#1079,#547,.T.);
#1363=EDGE_CURVE('',#1017,#1094,#548,.T.);
#1364=EDGE_CURVE('',#1017,#1054,#549,.T.);
#1365=EDGE_CURVE('',#1064,#1095,#550,.T.);
#1366=EDGE_CURVE('',#1095,#1094,#920,.F.);
#1367=EDGE_CURVE('',#1096,#1037,#551,.T.);
#1368=EDGE_CURVE('',#1095,#1096,#552,.T.);
#1369=EDGE_CURVE('',#1097,#1097,#921,.T.);
#1370=EDGE_CURVE('',#1098,#1098,#922,.T.);
#1371=EDGE_CURVE('',#1099,#1099,#923,.T.);
#1372=EDGE_CURVE('',#1100,#1101,#924,.T.);
#1373=EDGE_CURVE('',#1102,#1100,#553,.T.);
#1374=EDGE_CURVE('',#1103,#1102,#925,.T.);
#1375=EDGE_CURVE('',#1101,#1103,#554,.T.);
#1376=EDGE_CURVE('',#1104,#1104,#926,.T.);
#1377=EDGE_CURVE('',#1105,#1106,#555,.T.);
#1378=EDGE_CURVE('',#1107,#1105,#927,.T.);
#1379=EDGE_CURVE('',#1108,#1107,#556,.T.);
#1380=EDGE_CURVE('',#1106,#1108,#928,.T.);
#1381=EDGE_CURVE('',#1109,#1109,#929,.T.);
#1382=EDGE_CURVE('',#1097,#1020,#557,.T.);
#1383=EDGE_CURVE('',#1109,#1056,#558,.T.);
#1384=EDGE_CURVE('',#1098,#1034,#559,.T.);
#1385=EDGE_CURVE('',#1110,#1111,#560,.T.);
#1386=EDGE_CURVE('',#1111,#1108,#561,.T.);
#1387=EDGE_CURVE('',#1107,#1110,#116,.T.);
#1388=EDGE_CURVE('',#1106,#1112,#562,.T.);
#1389=EDGE_CURVE('',#1112,#1113,#563,.T.);
#1390=EDGE_CURVE('',#1113,#1105,#117,.T.);
#1391=EDGE_CURVE('',#1113,#1110,#930,.T.);
#1392=EDGE_CURVE('',#1111,#1112,#931,.T.);
#1393=EDGE_CURVE('',#1114,#1113,#564,.T.);
#1394=EDGE_CURVE('',#1114,#1115,#932,.T.);
#1395=EDGE_CURVE('',#1116,#1115,#565,.T.);
#1396=EDGE_CURVE('',#1117,#1116,#933,.T.);
#1397=EDGE_CURVE('',#1117,#1118,#566,.T.);
#1398=EDGE_CURVE('',#1119,#1118,#934,.T.);
#1399=EDGE_CURVE('',#1119,#1120,#567,.T.);
#1400=EDGE_CURVE('',#1121,#1120,#935,.T.);
#1401=EDGE_CURVE('',#1121,#1122,#568,.T.);
#1402=EDGE_CURVE('',#1122,#1123,#936,.T.);
#1403=EDGE_CURVE('',#1123,#1124,#569,.T.);
#1404=EDGE_CURVE('',#1124,#1125,#937,.T.);
#1405=EDGE_CURVE('',#1126,#1125,#570,.T.);
#1406=EDGE_CURVE('',#1126,#1127,#938,.T.);
#1407=EDGE_CURVE('',#1127,#1110,#571,.T.);
#1408=EDGE_CURVE('',#1128,#1112,#572,.T.);
#1409=EDGE_CURVE('',#1129,#1128,#21,.F.);
#1410=EDGE_CURVE('',#1129,#1124,#573,.T.);
#1411=EDGE_CURVE('',#1114,#1123,#574,.T.);
#1412=EDGE_CURVE('',#1099,#1130,#575,.T.);
#1413=EDGE_CURVE('',#1130,#1130,#939,.T.);
#1414=EDGE_CURVE('',#1131,#1132,#576,.T.);
#1415=EDGE_CURVE('',#1133,#1132,#940,.T.);
#1416=EDGE_CURVE('',#1133,#1130,#577,.T.);
#1417=EDGE_CURVE('',#1134,#1133,#941,.T.);
#1418=EDGE_CURVE('',#1134,#1135,#578,.T.);
#1419=EDGE_CURVE('',#1131,#1135,#942,.T.);
#1420=EDGE_CURVE('',#1104,#1136,#579,.T.);
#1421=EDGE_CURVE('',#1136,#1136,#943,.T.);
#1422=EDGE_CURVE('',#1137,#1138,#580,.T.);
#1423=EDGE_CURVE('',#1139,#1138,#944,.T.);
#1424=EDGE_CURVE('',#1139,#1140,#581,.T.);
#1425=EDGE_CURVE('',#1141,#1140,#945,.T.);
#1426=EDGE_CURVE('',#1141,#1136,#582,.T.);
#1427=EDGE_CURVE('',#1137,#1141,#946,.T.);
#1428=EDGE_CURVE('',#1142,#1100,#583,.T.);
#1429=EDGE_CURVE('',#1101,#1143,#584,.T.);
#1430=EDGE_CURVE('',#1143,#1142,#947,.T.);
#1431=EDGE_CURVE('',#1144,#1143,#585,.T.);
#1432=EDGE_CURVE('',#1144,#1103,#118,.T.);
#1433=EDGE_CURVE('',#1142,#1145,#586,.T.);
#1434=EDGE_CURVE('',#1145,#1102,#119,.T.);
#1435=EDGE_CURVE('',#1145,#1144,#948,.T.);
#1436=EDGE_CURVE('',#1146,#1142,#587,.T.);
#1437=EDGE_CURVE('',#1147,#1146,#22,.F.);
#1438=EDGE_CURVE('',#1147,#1148,#588,.T.);
#1439=EDGE_CURVE('',#1149,#1148,#589,.T.);
#1440=EDGE_CURVE('',#1150,#1149,#590,.T.);
#1441=EDGE_CURVE('',#1150,#1145,#591,.T.);
#1442=EDGE_CURVE('',#1151,#1143,#592,.T.);
#1443=EDGE_CURVE('',#1146,#1151,#949,.T.);
#1444=EDGE_CURVE('',#1151,#1152,#23,.F.);
#1445=EDGE_CURVE('',#1152,#1147,#950,.T.);
#1446=EDGE_CURVE('',#1128,#1153,#951,.T.);
#1447=EDGE_CURVE('',#1153,#1154,#24,.F.);
#1448=EDGE_CURVE('',#1154,#1129,#952,.T.);
#1449=EDGE_CURVE('',#1153,#1111,#593,.T.);
#1450=EDGE_CURVE('',#1118,#1155,#25,.F.);
#1451=EDGE_CURVE('',#1155,#1156,#953,.T.);
#1452=EDGE_CURVE('',#1156,#1119,#26,.F.);
#1453=EDGE_CURVE('',#1157,#1155,#594,.T.);
#1454=EDGE_CURVE('',#1158,#1157,#954,.T.);
#1455=EDGE_CURVE('',#1156,#1158,#595,.T.);
#1456=EDGE_CURVE('',#1135,#1158,#27,.F.);
#1457=EDGE_CURVE('',#1157,#1131,#28,.F.);
#1458=EDGE_CURVE('',#1009,#1159,#596,.T.);
#1459=EDGE_CURVE('',#1159,#1160,#597,.T.);
#1460=EDGE_CURVE('',#1008,#1160,#598,.T.);
#1461=EDGE_CURVE('',#1015,#1116,#120,.T.);
#1462=EDGE_CURVE('',#1116,#1159,#599,.T.);
#1463=EDGE_CURVE('',#1160,#1121,#600,.T.);
#1464=EDGE_CURVE('',#1121,#1010,#121,.T.);
#1465=EDGE_CURVE('',#1014,#1117,#122,.T.);
#1466=EDGE_CURVE('',#1013,#1132,#123,.T.);
#1467=EDGE_CURVE('',#1132,#1117,#601,.T.);
#1468=EDGE_CURVE('',#1012,#1134,#124,.T.);
#1469=EDGE_CURVE('',#1120,#1134,#602,.T.);
#1470=EDGE_CURVE('',#1011,#1120,#125,.T.);
#1471=EDGE_CURVE('',#1160,#1161,#603,.T.);
#1472=EDGE_CURVE('',#1161,#1162,#604,.T.);
#1473=EDGE_CURVE('',#1162,#1122,#605,.T.);
#1474=EDGE_CURVE('',#1159,#1163,#606,.T.);
#1475=EDGE_CURVE('',#1161,#1163,#607,.T.);
#1476=EDGE_CURVE('',#997,#1164,#608,.T.);
#1477=EDGE_CURVE('',#1164,#1165,#609,.T.);
#1478=EDGE_CURVE('',#1165,#996,#610,.T.);
#1479=EDGE_CURVE('',#999,#1166,#126,.T.);
#1480=EDGE_CURVE('',#1166,#1164,#611,.T.);
#1481=EDGE_CURVE('',#1167,#1166,#955,.T.);
#1482=EDGE_CURVE('',#998,#1167,#127,.T.);
#1483=EDGE_CURVE('',#1165,#1167,#612,.T.);
#1484=EDGE_CURVE('',#1165,#1168,#613,.T.);
#1485=EDGE_CURVE('',#1168,#1169,#614,.T.);
#1486=EDGE_CURVE('',#1169,#1170,#615,.T.);
#1487=EDGE_CURVE('',#1167,#1170,#616,.T.);
#1488=EDGE_CURVE('',#1164,#1171,#617,.T.);
#1489=EDGE_CURVE('',#1168,#1171,#618,.T.);
#1490=EDGE_CURVE('',#1172,#1173,#29,.F.);
#1491=EDGE_CURVE('',#1173,#1174,#956,.T.);
#1492=EDGE_CURVE('',#1174,#1175,#30,.F.);
#1493=EDGE_CURVE('',#1175,#1172,#957,.T.);
#1494=EDGE_CURVE('',#1176,#1173,#619,.T.);
#1495=EDGE_CURVE('',#1177,#1176,#958,.T.);
#1496=EDGE_CURVE('',#1174,#1177,#620,.T.);
#1497=EDGE_CURVE('',#1140,#1177,#31,.F.);
#1498=EDGE_CURVE('',#1176,#1137,#32,.F.);
#1499=EDGE_CURVE('',#1003,#1139,#128,.T.);
#1500=EDGE_CURVE('',#1004,#1138,#129,.T.);
#1501=EDGE_CURVE('',#1002,#1178,#130,.T.);
#1502=EDGE_CURVE('',#1178,#1139,#621,.T.);
#1503=EDGE_CURVE('',#1001,#1179,#622,.T.);
#1504=EDGE_CURVE('',#1179,#1180,#623,.T.);
#1505=EDGE_CURVE('',#1180,#1000,#131,.T.);
#1506=EDGE_CURVE('',#1007,#1181,#624,.T.);
#1507=EDGE_CURVE('',#1181,#1179,#625,.T.);
#1508=EDGE_CURVE('',#1182,#1181,#626,.T.);
#1509=EDGE_CURVE('',#1006,#1182,#132,.T.);
#1510=EDGE_CURVE('',#1183,#1182,#959,.T.);
#1511=EDGE_CURVE('',#1005,#1183,#133,.T.);
#1512=EDGE_CURVE('',#1180,#1178,#960,.T.);
#1513=EDGE_CURVE('',#1138,#1183,#627,.T.);
#1514=EDGE_CURVE('',#1175,#1178,#628,.T.);
#1515=EDGE_CURVE('',#1179,#1184,#629,.T.);
#1516=EDGE_CURVE('',#1184,#1185,#630,.T.);
#1517=EDGE_CURVE('',#1185,#1186,#631,.T.);
#1518=EDGE_CURVE('',#1180,#1186,#632,.T.);
#1519=EDGE_CURVE('',#1187,#1163,#633,.T.);
#1520=EDGE_CURVE('',#1187,#1162,#634,.T.);
#1521=EDGE_CURVE('',#1115,#1187,#635,.T.);
#1522=EDGE_CURVE('',#1184,#1188,#636,.T.);
#1523=EDGE_CURVE('',#1189,#1188,#637,.T.);
#1524=EDGE_CURVE('',#1189,#1185,#638,.T.);
#1525=EDGE_CURVE('',#1190,#1189,#639,.T.);
#1526=EDGE_CURVE('',#1191,#1190,#961,.T.);
#1527=EDGE_CURVE('',#1191,#1192,#640,.T.);
#1528=EDGE_CURVE('',#1186,#1192,#962,.T.);
#1529=EDGE_CURVE('',#1193,#1171,#641,.T.);
#1530=EDGE_CURVE('',#1193,#1169,#642,.T.);
#1531=EDGE_CURVE('',#1166,#1194,#643,.T.);
#1532=EDGE_CURVE('',#1194,#1193,#644,.T.);
#1533=EDGE_CURVE('',#1091,#989,#963,.T.);
#1534=EDGE_CURVE('',#990,#1092,#964,.T.);
#1535=EDGE_CURVE('',#1094,#994,#965,.T.);
#1536=EDGE_CURVE('',#995,#1095,#966,.T.);
#1537=EDGE_CURVE('',#1090,#987,#967,.T.);
#1538=EDGE_CURVE('',#988,#1089,#968,.T.);
#1539=EDGE_CURVE('',#1096,#981,#134,.T.);
#1540=EDGE_CURVE('',#1195,#1196,#969,.T.);
#1541=EDGE_CURVE('',#1196,#982,#135,.T.);
#1542=EDGE_CURVE('',#980,#1195,#970,.T.);
#1543=EDGE_CURVE('',#985,#1197,#136,.T.);
#1544=EDGE_CURVE('',#1197,#1198,#971,.T.);
#1545=EDGE_CURVE('',#1198,#986,#137,.T.);
#1546=EDGE_CURVE('',#1199,#983,#972,.T.);
#1547=EDGE_CURVE('',#1200,#1199,#973,.F.);
#1548=EDGE_CURVE('',#984,#1200,#974,.T.);
#1549=EDGE_CURVE('',#1196,#1199,#645,.T.);
#1550=EDGE_CURVE('',#1073,#1200,#646,.T.);
#1551=EDGE_CURVE('',#1199,#1071,#647,.T.);
#1552=EDGE_CURVE('',#1200,#1197,#648,.T.);
#1553=EDGE_CURVE('',#1096,#1195,#975,.T.);
#1554=EDGE_CURVE('',#1198,#1090,#649,.T.);
#1555=EDGE_CURVE('',#1093,#991,#138,.T.);
#1556=EDGE_CURVE('',#1093,#1016,#976,.T.);
#1557=EDGE_CURVE('',#1196,#1035,#650,.T.);
#1558=EDGE_CURVE('',#1183,#1172,#651,.T.);
#1559=EDGE_CURVE('',#1150,#1149,#977,.T.);
#1560=EDGE_CURVE('',#1148,#1201,#978,.T.);
#1561=EDGE_CURVE('',#1191,#1201,#652,.T.);
#1562=EDGE_CURVE('',#1182,#1190,#653,.T.);
#1563=EDGE_CURVE('',#1192,#1144,#654,.T.);
#1564=EDGE_CURVE('',#1126,#1127,#655,.T.);
#1565=EDGE_CURVE('',#1125,#1154,#656,.T.);
#1566=EDGE_CURVE('',#1201,#1152,#657,.T.);
#1567=EDGE_CURVE('',#1181,#1188,#658,.T.);
#1568=EDGE_CURVE('',#1170,#1194,#979,.T.);
#1569=EDGE_CURVE('',#1198,#1023,#659,.T.);
#1570=EDGE_CURVE('',#1197,#1024,#660,.T.);
#1571=ORIENTED_EDGE('',*,*,#1202,.F.);
#1572=ORIENTED_EDGE('',*,*,#1203,.F.);
#1573=ORIENTED_EDGE('',*,*,#1204,.F.);
#1574=ORIENTED_EDGE('',*,*,#1205,.F.);
#1575=ORIENTED_EDGE('',*,*,#1206,.F.);
#1576=ORIENTED_EDGE('',*,*,#1207,.F.);
#1577=ORIENTED_EDGE('',*,*,#1208,.F.);
#1578=ORIENTED_EDGE('',*,*,#1209,.F.);
#1579=ORIENTED_EDGE('',*,*,#1210,.F.);
#1580=ORIENTED_EDGE('',*,*,#1211,.F.);
#1581=ORIENTED_EDGE('',*,*,#1212,.F.);
#1582=ORIENTED_EDGE('',*,*,#1213,.F.);
#1583=ORIENTED_EDGE('',*,*,#1214,.F.);
#1584=ORIENTED_EDGE('',*,*,#1215,.F.);
#1585=ORIENTED_EDGE('',*,*,#1216,.F.);
#1586=ORIENTED_EDGE('',*,*,#1217,.F.);
#1587=ORIENTED_EDGE('',*,*,#1218,.F.);
#1588=ORIENTED_EDGE('',*,*,#1219,.F.);
#1589=ORIENTED_EDGE('',*,*,#1220,.F.);
#1590=ORIENTED_EDGE('',*,*,#1221,.F.);
#1591=ORIENTED_EDGE('',*,*,#1222,.F.);
#1592=ORIENTED_EDGE('',*,*,#1223,.F.);
#1593=ORIENTED_EDGE('',*,*,#1224,.F.);
#1594=ORIENTED_EDGE('',*,*,#1225,.F.);
#1595=ORIENTED_EDGE('',*,*,#1226,.F.);
#1596=ORIENTED_EDGE('',*,*,#1227,.F.);
#1597=ORIENTED_EDGE('',*,*,#1228,.F.);
#1598=ORIENTED_EDGE('',*,*,#1229,.F.);
#1599=ORIENTED_EDGE('',*,*,#1230,.F.);
#1600=ORIENTED_EDGE('',*,*,#1231,.F.);
#1601=ORIENTED_EDGE('',*,*,#1232,.F.);
#1602=ORIENTED_EDGE('',*,*,#1233,.F.);
#1603=ORIENTED_EDGE('',*,*,#1234,.F.);
#1604=ORIENTED_EDGE('',*,*,#1235,.F.);
#1605=ORIENTED_EDGE('',*,*,#1236,.F.);
#1606=ORIENTED_EDGE('',*,*,#1237,.F.);
#1607=ORIENTED_EDGE('',*,*,#1238,.T.);
#1608=ORIENTED_EDGE('',*,*,#1239,.T.);
#1609=ORIENTED_EDGE('',*,*,#1214,.T.);
#1610=ORIENTED_EDGE('',*,*,#1240,.T.);
#1611=ORIENTED_EDGE('',*,*,#1241,.T.);
#1612=ORIENTED_EDGE('',*,*,#1242,.T.);
#1613=ORIENTED_EDGE('',*,*,#1243,.T.);
#1614=ORIENTED_EDGE('',*,*,#1242,.F.);
#1615=ORIENTED_EDGE('',*,*,#1244,.F.);
#1616=ORIENTED_EDGE('',*,*,#1245,.T.);
#1617=ORIENTED_EDGE('',*,*,#1243,.F.);
#1618=ORIENTED_EDGE('',*,*,#1245,.F.);
#1619=ORIENTED_EDGE('',*,*,#1246,.F.);
#1620=ORIENTED_EDGE('',*,*,#1247,.F.);
#1621=ORIENTED_EDGE('',*,*,#1248,.T.);
#1622=ORIENTED_EDGE('',*,*,#1249,.F.);
#1623=ORIENTED_EDGE('',*,*,#1250,.F.);
#1624=ORIENTED_EDGE('',*,*,#1241,.F.);
#1625=ORIENTED_EDGE('',*,*,#1251,.T.);
#1626=ORIENTED_EDGE('',*,*,#1252,.T.);
#1627=ORIENTED_EDGE('',*,*,#1253,.T.);
#1628=ORIENTED_EDGE('',*,*,#1250,.T.);
#1629=ORIENTED_EDGE('',*,*,#1254,.T.);
#1630=ORIENTED_EDGE('',*,*,#1246,.T.);
#1631=ORIENTED_EDGE('',*,*,#1253,.F.);
#1632=ORIENTED_EDGE('',*,*,#1255,.T.);
#1633=ORIENTED_EDGE('',*,*,#1255,.F.);
#1634=ORIENTED_EDGE('',*,*,#1256,.T.);
#1635=ORIENTED_EDGE('',*,*,#1257,.F.);
#1636=ORIENTED_EDGE('',*,*,#1258,.T.);
#1637=ORIENTED_EDGE('',*,*,#1252,.F.);
#1638=ORIENTED_EDGE('',*,*,#1259,.T.);
#1639=ORIENTED_EDGE('',*,*,#1260,.F.);
#1640=ORIENTED_EDGE('',*,*,#1256,.F.);
#1641=ORIENTED_EDGE('',*,*,#1261,.T.);
#1642=ORIENTED_EDGE('',*,*,#1262,.T.);
#1643=ORIENTED_EDGE('',*,*,#1263,.T.);
#1644=ORIENTED_EDGE('',*,*,#1262,.F.);
#1645=ORIENTED_EDGE('',*,*,#1264,.F.);
#1646=ORIENTED_EDGE('',*,*,#1265,.T.);
#1647=ORIENTED_EDGE('',*,*,#1263,.F.);
#1648=ORIENTED_EDGE('',*,*,#1265,.F.);
#1649=ORIENTED_EDGE('',*,*,#1266,.F.);
#1650=ORIENTED_EDGE('',*,*,#1267,.T.);
#1651=ORIENTED_EDGE('',*,*,#1268,.F.);
#1652=ORIENTED_EDGE('',*,*,#1269,.F.);
#1653=ORIENTED_EDGE('',*,*,#1270,.F.);
#1654=ORIENTED_EDGE('',*,*,#1271,.F.);
#1655=ORIENTED_EDGE('',*,*,#1261,.F.);
#1656=ORIENTED_EDGE('',*,*,#1272,.T.);
#1657=ORIENTED_EDGE('',*,*,#1273,.F.);
#1658=ORIENTED_EDGE('',*,*,#1271,.T.);
#1659=ORIENTED_EDGE('',*,*,#1274,.T.);
#1660=ORIENTED_EDGE('',*,*,#1275,.T.);
#1661=ORIENTED_EDGE('',*,*,#1274,.F.);
#1662=ORIENTED_EDGE('',*,*,#1270,.T.);
#1663=ORIENTED_EDGE('',*,*,#1276,.T.);
#1664=ORIENTED_EDGE('',*,*,#1269,.T.);
#1665=ORIENTED_EDGE('',*,*,#1277,.T.);
#1666=ORIENTED_EDGE('',*,*,#1278,.T.);
#1667=ORIENTED_EDGE('',*,*,#1276,.F.);
#1668=ORIENTED_EDGE('',*,*,#1272,.F.);
#1669=ORIENTED_EDGE('',*,*,#1279,.T.);
#1670=ORIENTED_EDGE('',*,*,#1280,.F.);
#1671=ORIENTED_EDGE('',*,*,#1281,.F.);
#1672=ORIENTED_EDGE('',*,*,#1275,.F.);
#1673=ORIENTED_EDGE('',*,*,#1282,.T.);
#1674=ORIENTED_EDGE('',*,*,#1283,.F.);
#1675=ORIENTED_EDGE('',*,*,#1279,.F.);
#1676=ORIENTED_EDGE('',*,*,#1278,.F.);
#1677=ORIENTED_EDGE('',*,*,#1284,.T.);
#1678=ORIENTED_EDGE('',*,*,#1285,.F.);
#1679=ORIENTED_EDGE('',*,*,#1282,.F.);
#1680=ORIENTED_EDGE('',*,*,#1286,.T.);
#1681=ORIENTED_EDGE('',*,*,#1287,.T.);
#1682=ORIENTED_EDGE('',*,*,#1288,.T.);
#1683=ORIENTED_EDGE('',*,*,#1287,.F.);
#1684=ORIENTED_EDGE('',*,*,#1289,.F.);
#1685=ORIENTED_EDGE('',*,*,#1290,.F.);
#1686=ORIENTED_EDGE('',*,*,#1291,.F.);
#1687=ORIENTED_EDGE('',*,*,#1292,.T.);
#1688=ORIENTED_EDGE('',*,*,#1293,.F.);
#1689=ORIENTED_EDGE('',*,*,#1286,.F.);
#1690=ORIENTED_EDGE('',*,*,#1294,.F.);
#1691=ORIENTED_EDGE('',*,*,#1295,.T.);
#1692=ORIENTED_EDGE('',*,*,#1288,.F.);
#1693=ORIENTED_EDGE('',*,*,#1295,.F.);
#1694=ORIENTED_EDGE('',*,*,#1296,.F.);
#1695=ORIENTED_EDGE('',*,*,#1290,.T.);
#1696=ORIENTED_EDGE('',*,*,#1297,.T.);
#1697=ORIENTED_EDGE('',*,*,#1298,.T.);
#1698=ORIENTED_EDGE('',*,*,#1299,.T.);
#1699=ORIENTED_EDGE('',*,*,#1300,.T.);
#1700=ORIENTED_EDGE('',*,*,#1297,.F.);
#1701=ORIENTED_EDGE('',*,*,#1289,.T.);
#1702=ORIENTED_EDGE('',*,*,#1301,.T.);
#1703=ORIENTED_EDGE('',*,*,#1302,.T.);
#1704=ORIENTED_EDGE('',*,*,#1303,.T.);
#1705=ORIENTED_EDGE('',*,*,#1304,.T.);
#1706=ORIENTED_EDGE('',*,*,#1305,.T.);
#1707=ORIENTED_EDGE('',*,*,#1306,.T.);
#1708=ORIENTED_EDGE('',*,*,#1307,.T.);
#1709=ORIENTED_EDGE('',*,*,#1308,.T.);
#1710=ORIENTED_EDGE('',*,*,#1309,.T.);
#1711=ORIENTED_EDGE('',*,*,#1310,.T.);
#1712=ORIENTED_EDGE('',*,*,#1285,.T.);
#1713=ORIENTED_EDGE('',*,*,#1308,.F.);
#1714=ORIENTED_EDGE('',*,*,#1311,.T.);
#1715=ORIENTED_EDGE('',*,*,#1312,.T.);
#1716=ORIENTED_EDGE('',*,*,#1283,.T.);
#1717=ORIENTED_EDGE('',*,*,#1310,.F.);
#1718=ORIENTED_EDGE('',*,*,#1313,.T.);
#1719=ORIENTED_EDGE('',*,*,#1314,.T.);
#1720=ORIENTED_EDGE('',*,*,#1280,.T.);
#1721=ORIENTED_EDGE('',*,*,#1312,.F.);
#1722=ORIENTED_EDGE('',*,*,#1315,.T.);
#1723=ORIENTED_EDGE('',*,*,#1316,.T.);
#1724=ORIENTED_EDGE('',*,*,#1317,.T.);
#1725=ORIENTED_EDGE('',*,*,#1314,.F.);
#1726=ORIENTED_EDGE('',*,*,#1318,.T.);
#1727=ORIENTED_EDGE('',*,*,#1319,.T.);
#1728=ORIENTED_EDGE('',*,*,#1316,.F.);
#1729=ORIENTED_EDGE('',*,*,#1320,.T.);
#1730=ORIENTED_EDGE('',*,*,#1321,.T.);
#1731=ORIENTED_EDGE('',*,*,#1318,.F.);
#1732=ORIENTED_EDGE('',*,*,#1322,.T.);
#1733=ORIENTED_EDGE('',*,*,#1323,.T.);
#1734=ORIENTED_EDGE('',*,*,#1324,.T.);
#1735=ORIENTED_EDGE('',*,*,#1325,.T.);
#1736=ORIENTED_EDGE('',*,*,#1260,.T.);
#1737=ORIENTED_EDGE('',*,*,#1323,.F.);
#1738=ORIENTED_EDGE('',*,*,#1326,.T.);
#1739=ORIENTED_EDGE('',*,*,#1257,.T.);
#1740=ORIENTED_EDGE('',*,*,#1325,.F.);
#1741=ORIENTED_EDGE('',*,*,#1327,.T.);
#1742=ORIENTED_EDGE('',*,*,#1326,.F.);
#1743=ORIENTED_EDGE('',*,*,#1328,.T.);
#1744=ORIENTED_EDGE('',*,*,#1329,.T.);
#1745=ORIENTED_EDGE('',*,*,#1330,.T.);
#1746=ORIENTED_EDGE('',*,*,#1306,.F.);
#1747=ORIENTED_EDGE('',*,*,#1331,.T.);
#1748=ORIENTED_EDGE('',*,*,#1332,.T.);
#1749=ORIENTED_EDGE('',*,*,#1333,.T.);
#1750=ORIENTED_EDGE('',*,*,#1334,.T.);
#1751=ORIENTED_EDGE('',*,*,#1335,.T.);
#1752=ORIENTED_EDGE('',*,*,#1329,.F.);
#1753=ORIENTED_EDGE('',*,*,#1336,.T.);
#1754=ORIENTED_EDGE('',*,*,#1337,.T.);
#1755=ORIENTED_EDGE('',*,*,#1332,.F.);
#1756=ORIENTED_EDGE('',*,*,#1338,.T.);
#1757=ORIENTED_EDGE('',*,*,#1304,.F.);
#1758=ORIENTED_EDGE('',*,*,#1334,.F.);
#1759=ORIENTED_EDGE('',*,*,#1339,.T.);
#1760=ORIENTED_EDGE('',*,*,#1340,.T.);
#1761=ORIENTED_EDGE('',*,*,#1341,.T.);
#1762=ORIENTED_EDGE('',*,*,#1342,.T.);
#1763=ORIENTED_EDGE('',*,*,#1343,.T.);
#1764=ORIENTED_EDGE('',*,*,#1340,.F.);
#1765=ORIENTED_EDGE('',*,*,#1344,.T.);
#1766=ORIENTED_EDGE('',*,*,#1302,.F.);
#1767=ORIENTED_EDGE('',*,*,#1345,.T.);
#1768=ORIENTED_EDGE('',*,*,#1346,.T.);
#1769=ORIENTED_EDGE('',*,*,#1347,.T.);
#1770=ORIENTED_EDGE('',*,*,#1342,.F.);
#1771=ORIENTED_EDGE('',*,*,#1348,.T.);
#1772=ORIENTED_EDGE('',*,*,#1346,.F.);
#1773=ORIENTED_EDGE('',*,*,#1349,.T.);
#1774=ORIENTED_EDGE('',*,*,#1335,.F.);
#1775=ORIENTED_EDGE('',*,*,#1350,.T.);
#1776=ORIENTED_EDGE('',*,*,#1351,.T.);
#1777=ORIENTED_EDGE('',*,*,#1352,.T.);
#1778=ORIENTED_EDGE('',*,*,#1341,.F.);
#1779=ORIENTED_EDGE('',*,*,#1353,.F.);
#1780=ORIENTED_EDGE('',*,*,#1354,.F.);
#1781=ORIENTED_EDGE('',*,*,#1350,.F.);
#1782=ORIENTED_EDGE('',*,*,#1343,.F.);
#1783=ORIENTED_EDGE('',*,*,#1355,.T.);
#1784=ORIENTED_EDGE('',*,*,#1356,.T.);
#1785=ORIENTED_EDGE('',*,*,#1353,.T.);
#1786=ORIENTED_EDGE('',*,*,#1349,.F.);
#1787=ORIENTED_EDGE('',*,*,#1357,.F.);
#1788=ORIENTED_EDGE('',*,*,#1299,.F.);
#1789=ORIENTED_EDGE('',*,*,#1293,.T.);
#1790=ORIENTED_EDGE('',*,*,#1358,.F.);
#1791=ORIENTED_EDGE('',*,*,#1359,.F.);
#1792=ORIENTED_EDGE('',*,*,#1355,.F.);
#1793=ORIENTED_EDGE('',*,*,#1300,.F.);
#1794=ORIENTED_EDGE('',*,*,#1357,.T.);
#1795=ORIENTED_EDGE('',*,*,#1345,.F.);
#1796=ORIENTED_EDGE('',*,*,#1360,.T.);
#1797=ORIENTED_EDGE('',*,*,#1298,.F.);
#1798=ORIENTED_EDGE('',*,*,#1360,.F.);
#1799=ORIENTED_EDGE('',*,*,#1301,.F.);
#1800=ORIENTED_EDGE('',*,*,#1361,.F.);
#1801=ORIENTED_EDGE('',*,*,#1338,.F.);
#1802=ORIENTED_EDGE('',*,*,#1362,.F.);
#1803=ORIENTED_EDGE('',*,*,#1363,.F.);
#1804=ORIENTED_EDGE('',*,*,#1364,.T.);
#1805=ORIENTED_EDGE('',*,*,#1291,.T.);
#1806=ORIENTED_EDGE('',*,*,#1296,.T.);
#1807=ORIENTED_EDGE('',*,*,#1361,.T.);
#1808=ORIENTED_EDGE('',*,*,#1331,.F.);
#1809=ORIENTED_EDGE('',*,*,#1365,.T.);
#1810=ORIENTED_EDGE('',*,*,#1366,.T.);
#1811=ORIENTED_EDGE('',*,*,#1362,.T.);
#1812=ORIENTED_EDGE('',*,*,#1305,.F.);
#1813=ORIENTED_EDGE('',*,*,#1284,.F.);
#1814=ORIENTED_EDGE('',*,*,#1277,.F.);
#1815=ORIENTED_EDGE('',*,*,#1268,.T.);
#1816=ORIENTED_EDGE('',*,*,#1367,.F.);
#1817=ORIENTED_EDGE('',*,*,#1368,.F.);
#1818=ORIENTED_EDGE('',*,*,#1365,.F.);
#1819=ORIENTED_EDGE('',*,*,#1307,.F.);
#1820=ORIENTED_EDGE('',*,*,#1333,.F.);
#1821=ORIENTED_EDGE('',*,*,#1337,.F.);
#1822=ORIENTED_EDGE('',*,*,#1303,.F.);
#1823=ORIENTED_EDGE('',*,*,#1347,.F.);
#1824=ORIENTED_EDGE('',*,*,#1348,.F.);
#1825=ORIENTED_EDGE('',*,*,#1344,.F.);
#1826=ORIENTED_EDGE('',*,*,#1339,.F.);
#1827=ORIENTED_EDGE('',*,*,#1336,.F.);
#1828=ORIENTED_EDGE('',*,*,#1328,.F.);
#1829=ORIENTED_EDGE('',*,*,#1327,.F.);
#1830=ORIENTED_EDGE('',*,*,#1324,.F.);
#1831=ORIENTED_EDGE('',*,*,#1322,.F.);
#1832=ORIENTED_EDGE('',*,*,#1320,.F.);
#1833=ORIENTED_EDGE('',*,*,#1315,.F.);
#1834=ORIENTED_EDGE('',*,*,#1313,.F.);
#1835=ORIENTED_EDGE('',*,*,#1311,.F.);
#1836=ORIENTED_EDGE('',*,*,#1309,.F.);
#1837=ORIENTED_EDGE('',*,*,#1369,.F.);
#1838=ORIENTED_EDGE('',*,*,#1370,.F.);
#1839=ORIENTED_EDGE('',*,*,#1371,.F.);
#1840=ORIENTED_EDGE('',*,*,#1372,.F.);
#1841=ORIENTED_EDGE('',*,*,#1373,.F.);
#1842=ORIENTED_EDGE('',*,*,#1374,.F.);
#1843=ORIENTED_EDGE('',*,*,#1375,.F.);
#1844=ORIENTED_EDGE('',*,*,#1376,.F.);
#1845=ORIENTED_EDGE('',*,*,#1377,.F.);
#1846=ORIENTED_EDGE('',*,*,#1378,.F.);
#1847=ORIENTED_EDGE('',*,*,#1379,.F.);
#1848=ORIENTED_EDGE('',*,*,#1380,.F.);
#1849=ORIENTED_EDGE('',*,*,#1381,.F.);
#1850=ORIENTED_EDGE('',*,*,#1369,.T.);
#1851=ORIENTED_EDGE('',*,*,#1382,.T.);
#1852=ORIENTED_EDGE('',*,*,#1244,.T.);
#1853=ORIENTED_EDGE('',*,*,#1382,.F.);
#1854=ORIENTED_EDGE('',*,*,#1381,.T.);
#1855=ORIENTED_EDGE('',*,*,#1383,.T.);
#1856=ORIENTED_EDGE('',*,*,#1294,.T.);
#1857=ORIENTED_EDGE('',*,*,#1383,.F.);
#1858=ORIENTED_EDGE('',*,*,#1370,.T.);
#1859=ORIENTED_EDGE('',*,*,#1384,.T.);
#1860=ORIENTED_EDGE('',*,*,#1264,.T.);
#1861=ORIENTED_EDGE('',*,*,#1384,.F.);
#1862=ORIENTED_EDGE('',*,*,#1385,.T.);
#1863=ORIENTED_EDGE('',*,*,#1386,.T.);
#1864=ORIENTED_EDGE('',*,*,#1379,.T.);
#1865=ORIENTED_EDGE('',*,*,#1387,.T.);
#1866=ORIENTED_EDGE('',*,*,#1377,.T.);
#1867=ORIENTED_EDGE('',*,*,#1388,.T.);
#1868=ORIENTED_EDGE('',*,*,#1389,.T.);
#1869=ORIENTED_EDGE('',*,*,#1390,.T.);
#1870=ORIENTED_EDGE('',*,*,#1378,.T.);
#1871=ORIENTED_EDGE('',*,*,#1390,.F.);
#1872=ORIENTED_EDGE('',*,*,#1391,.T.);
#1873=ORIENTED_EDGE('',*,*,#1387,.F.);
#1874=ORIENTED_EDGE('',*,*,#1388,.F.);
#1875=ORIENTED_EDGE('',*,*,#1380,.T.);
#1876=ORIENTED_EDGE('',*,*,#1386,.F.);
#1877=ORIENTED_EDGE('',*,*,#1392,.T.);
#1878=ORIENTED_EDGE('',*,*,#1391,.F.);
#1879=ORIENTED_EDGE('',*,*,#1393,.F.);
#1880=ORIENTED_EDGE('',*,*,#1394,.T.);
#1881=ORIENTED_EDGE('',*,*,#1395,.F.);
#1882=ORIENTED_EDGE('',*,*,#1396,.F.);
#1883=ORIENTED_EDGE('',*,*,#1397,.T.);
#1884=ORIENTED_EDGE('',*,*,#1398,.F.);
#1885=ORIENTED_EDGE('',*,*,#1399,.T.);
#1886=ORIENTED_EDGE('',*,*,#1400,.F.);
#1887=ORIENTED_EDGE('',*,*,#1401,.T.);
#1888=ORIENTED_EDGE('',*,*,#1402,.T.);
#1889=ORIENTED_EDGE('',*,*,#1403,.T.);
#1890=ORIENTED_EDGE('',*,*,#1404,.T.);
#1891=ORIENTED_EDGE('',*,*,#1405,.F.);
#1892=ORIENTED_EDGE('',*,*,#1406,.T.);
#1893=ORIENTED_EDGE('',*,*,#1407,.T.);
#1894=ORIENTED_EDGE('',*,*,#1389,.F.);
#1895=ORIENTED_EDGE('',*,*,#1408,.F.);
#1896=ORIENTED_EDGE('',*,*,#1409,.F.);
#1897=ORIENTED_EDGE('',*,*,#1410,.T.);
#1898=ORIENTED_EDGE('',*,*,#1403,.F.);
#1899=ORIENTED_EDGE('',*,*,#1411,.F.);
#1900=ORIENTED_EDGE('',*,*,#1393,.T.);
#1901=ORIENTED_EDGE('',*,*,#1371,.T.);
#1902=ORIENTED_EDGE('',*,*,#1412,.T.);
#1903=ORIENTED_EDGE('',*,*,#1413,.T.);
#1904=ORIENTED_EDGE('',*,*,#1412,.F.);
#1905=ORIENTED_EDGE('',*,*,#1414,.T.);
#1906=ORIENTED_EDGE('',*,*,#1415,.F.);
#1907=ORIENTED_EDGE('',*,*,#1416,.T.);
#1908=ORIENTED_EDGE('',*,*,#1413,.F.);
#1909=ORIENTED_EDGE('',*,*,#1416,.F.);
#1910=ORIENTED_EDGE('',*,*,#1417,.F.);
#1911=ORIENTED_EDGE('',*,*,#1418,.T.);
#1912=ORIENTED_EDGE('',*,*,#1419,.F.);
#1913=ORIENTED_EDGE('',*,*,#1376,.T.);
#1914=ORIENTED_EDGE('',*,*,#1420,.T.);
#1915=ORIENTED_EDGE('',*,*,#1421,.T.);
#1916=ORIENTED_EDGE('',*,*,#1420,.F.);
#1917=ORIENTED_EDGE('',*,*,#1422,.T.);
#1918=ORIENTED_EDGE('',*,*,#1423,.F.);
#1919=ORIENTED_EDGE('',*,*,#1424,.T.);
#1920=ORIENTED_EDGE('',*,*,#1425,.F.);
#1921=ORIENTED_EDGE('',*,*,#1426,.T.);
#1922=ORIENTED_EDGE('',*,*,#1421,.F.);
#1923=ORIENTED_EDGE('',*,*,#1426,.F.);
#1924=ORIENTED_EDGE('',*,*,#1427,.F.);
#1925=ORIENTED_EDGE('',*,*,#1428,.T.);
#1926=ORIENTED_EDGE('',*,*,#1372,.T.);
#1927=ORIENTED_EDGE('',*,*,#1429,.T.);
#1928=ORIENTED_EDGE('',*,*,#1430,.T.);
#1929=ORIENTED_EDGE('',*,*,#1431,.T.);
#1930=ORIENTED_EDGE('',*,*,#1429,.F.);
#1931=ORIENTED_EDGE('',*,*,#1375,.T.);
#1932=ORIENTED_EDGE('',*,*,#1432,.F.);
#1933=ORIENTED_EDGE('',*,*,#1373,.T.);
#1934=ORIENTED_EDGE('',*,*,#1428,.F.);
#1935=ORIENTED_EDGE('',*,*,#1433,.T.);
#1936=ORIENTED_EDGE('',*,*,#1434,.T.);
#1937=ORIENTED_EDGE('',*,*,#1374,.T.);
#1938=ORIENTED_EDGE('',*,*,#1434,.F.);
#1939=ORIENTED_EDGE('',*,*,#1435,.T.);
#1940=ORIENTED_EDGE('',*,*,#1432,.T.);
#1941=ORIENTED_EDGE('',*,*,#1433,.F.);
#1942=ORIENTED_EDGE('',*,*,#1436,.F.);
#1943=ORIENTED_EDGE('',*,*,#1437,.F.);
#1944=ORIENTED_EDGE('',*,*,#1438,.T.);
#1945=ORIENTED_EDGE('',*,*,#1439,.F.);
#1946=ORIENTED_EDGE('',*,*,#1440,.F.);
#1947=ORIENTED_EDGE('',*,*,#1441,.T.);
#1948=ORIENTED_EDGE('',*,*,#1430,.F.);
#1949=ORIENTED_EDGE('',*,*,#1442,.F.);
#1950=ORIENTED_EDGE('',*,*,#1443,.F.);
#1951=ORIENTED_EDGE('',*,*,#1436,.T.);
#1952=ORIENTED_EDGE('',*,*,#1437,.T.);
#1953=ORIENTED_EDGE('',*,*,#1443,.T.);
#1954=ORIENTED_EDGE('',*,*,#1444,.T.);
#1955=ORIENTED_EDGE('',*,*,#1445,.T.);
#1956=ORIENTED_EDGE('',*,*,#1409,.T.);
#1957=ORIENTED_EDGE('',*,*,#1446,.T.);
#1958=ORIENTED_EDGE('',*,*,#1447,.T.);
#1959=ORIENTED_EDGE('',*,*,#1448,.T.);
#1960=ORIENTED_EDGE('',*,*,#1392,.F.);
#1961=ORIENTED_EDGE('',*,*,#1449,.F.);
#1962=ORIENTED_EDGE('',*,*,#1446,.F.);
#1963=ORIENTED_EDGE('',*,*,#1408,.T.);
#1964=ORIENTED_EDGE('',*,*,#1450,.T.);
#1965=ORIENTED_EDGE('',*,*,#1451,.T.);
#1966=ORIENTED_EDGE('',*,*,#1452,.T.);
#1967=ORIENTED_EDGE('',*,*,#1398,.T.);
#1968=ORIENTED_EDGE('',*,*,#1451,.F.);
#1969=ORIENTED_EDGE('',*,*,#1453,.F.);
#1970=ORIENTED_EDGE('',*,*,#1454,.F.);
#1971=ORIENTED_EDGE('',*,*,#1455,.F.);
#1972=ORIENTED_EDGE('',*,*,#1456,.T.);
#1973=ORIENTED_EDGE('',*,*,#1454,.T.);
#1974=ORIENTED_EDGE('',*,*,#1457,.T.);
#1975=ORIENTED_EDGE('',*,*,#1419,.T.);
#1976=ORIENTED_EDGE('',*,*,#1230,.T.);
#1977=ORIENTED_EDGE('',*,*,#1458,.T.);
#1978=ORIENTED_EDGE('',*,*,#1459,.T.);
#1979=ORIENTED_EDGE('',*,*,#1460,.F.);
#1980=ORIENTED_EDGE('',*,*,#1237,.T.);
#1981=ORIENTED_EDGE('',*,*,#1461,.T.);
#1982=ORIENTED_EDGE('',*,*,#1462,.T.);
#1983=ORIENTED_EDGE('',*,*,#1458,.F.);
#1984=ORIENTED_EDGE('',*,*,#1463,.T.);
#1985=ORIENTED_EDGE('',*,*,#1464,.T.);
#1986=ORIENTED_EDGE('',*,*,#1231,.T.);
#1987=ORIENTED_EDGE('',*,*,#1460,.T.);
#1988=ORIENTED_EDGE('',*,*,#1236,.T.);
#1989=ORIENTED_EDGE('',*,*,#1465,.T.);
#1990=ORIENTED_EDGE('',*,*,#1396,.T.);
#1991=ORIENTED_EDGE('',*,*,#1461,.F.);
#1992=ORIENTED_EDGE('',*,*,#1235,.T.);
#1993=ORIENTED_EDGE('',*,*,#1466,.T.);
#1994=ORIENTED_EDGE('',*,*,#1467,.T.);
#1995=ORIENTED_EDGE('',*,*,#1465,.F.);
#1996=ORIENTED_EDGE('',*,*,#1234,.T.);
#1997=ORIENTED_EDGE('',*,*,#1468,.T.);
#1998=ORIENTED_EDGE('',*,*,#1417,.T.);
#1999=ORIENTED_EDGE('',*,*,#1415,.T.);
#2000=ORIENTED_EDGE('',*,*,#1466,.F.);
#2001=ORIENTED_EDGE('',*,*,#1469,.T.);
#2002=ORIENTED_EDGE('',*,*,#1468,.F.);
#2003=ORIENTED_EDGE('',*,*,#1233,.T.);
#2004=ORIENTED_EDGE('',*,*,#1470,.T.);
#2005=ORIENTED_EDGE('',*,*,#1400,.T.);
#2006=ORIENTED_EDGE('',*,*,#1470,.F.);
#2007=ORIENTED_EDGE('',*,*,#1232,.T.);
#2008=ORIENTED_EDGE('',*,*,#1464,.F.);
#2009=ORIENTED_EDGE('',*,*,#1469,.F.);
#2010=ORIENTED_EDGE('',*,*,#1399,.F.);
#2011=ORIENTED_EDGE('',*,*,#1452,.F.);
#2012=ORIENTED_EDGE('',*,*,#1455,.T.);
#2013=ORIENTED_EDGE('',*,*,#1456,.F.);
#2014=ORIENTED_EDGE('',*,*,#1418,.F.);
#2015=ORIENTED_EDGE('',*,*,#1463,.F.);
#2016=ORIENTED_EDGE('',*,*,#1471,.T.);
#2017=ORIENTED_EDGE('',*,*,#1472,.T.);
#2018=ORIENTED_EDGE('',*,*,#1473,.T.);
#2019=ORIENTED_EDGE('',*,*,#1401,.F.);
#2020=ORIENTED_EDGE('',*,*,#1459,.F.);
#2021=ORIENTED_EDGE('',*,*,#1474,.T.);
#2022=ORIENTED_EDGE('',*,*,#1475,.F.);
#2023=ORIENTED_EDGE('',*,*,#1471,.F.);
#2024=ORIENTED_EDGE('',*,*,#1218,.T.);
#2025=ORIENTED_EDGE('',*,*,#1476,.T.);
#2026=ORIENTED_EDGE('',*,*,#1477,.T.);
#2027=ORIENTED_EDGE('',*,*,#1478,.T.);
#2028=ORIENTED_EDGE('',*,*,#1221,.T.);
#2029=ORIENTED_EDGE('',*,*,#1479,.T.);
#2030=ORIENTED_EDGE('',*,*,#1480,.T.);
#2031=ORIENTED_EDGE('',*,*,#1476,.F.);
#2032=ORIENTED_EDGE('',*,*,#1481,.T.);
#2033=ORIENTED_EDGE('',*,*,#1479,.F.);
#2034=ORIENTED_EDGE('',*,*,#1220,.T.);
#2035=ORIENTED_EDGE('',*,*,#1482,.T.);
#2036=ORIENTED_EDGE('',*,*,#1219,.T.);
#2037=ORIENTED_EDGE('',*,*,#1478,.F.);
#2038=ORIENTED_EDGE('',*,*,#1483,.T.);
#2039=ORIENTED_EDGE('',*,*,#1482,.F.);
#2040=ORIENTED_EDGE('',*,*,#1483,.F.);
#2041=ORIENTED_EDGE('',*,*,#1484,.T.);
#2042=ORIENTED_EDGE('',*,*,#1485,.T.);
#2043=ORIENTED_EDGE('',*,*,#1486,.T.);
#2044=ORIENTED_EDGE('',*,*,#1487,.F.);
#2045=ORIENTED_EDGE('',*,*,#1477,.F.);
#2046=ORIENTED_EDGE('',*,*,#1488,.T.);
#2047=ORIENTED_EDGE('',*,*,#1489,.F.);
#2048=ORIENTED_EDGE('',*,*,#1484,.F.);
#2049=ORIENTED_EDGE('',*,*,#1490,.T.);
#2050=ORIENTED_EDGE('',*,*,#1491,.T.);
#2051=ORIENTED_EDGE('',*,*,#1492,.T.);
#2052=ORIENTED_EDGE('',*,*,#1493,.T.);
#2053=ORIENTED_EDGE('',*,*,#1491,.F.);
#2054=ORIENTED_EDGE('',*,*,#1494,.F.);
#2055=ORIENTED_EDGE('',*,*,#1495,.F.);
#2056=ORIENTED_EDGE('',*,*,#1496,.F.);
#2057=ORIENTED_EDGE('',*,*,#1497,.T.);
#2058=ORIENTED_EDGE('',*,*,#1495,.T.);
#2059=ORIENTED_EDGE('',*,*,#1498,.T.);
#2060=ORIENTED_EDGE('',*,*,#1427,.T.);
#2061=ORIENTED_EDGE('',*,*,#1425,.T.);
#2062=ORIENTED_EDGE('',*,*,#1225,.T.);
#2063=ORIENTED_EDGE('',*,*,#1499,.T.);
#2064=ORIENTED_EDGE('',*,*,#1423,.T.);
#2065=ORIENTED_EDGE('',*,*,#1500,.F.);
#2066=ORIENTED_EDGE('',*,*,#1224,.T.);
#2067=ORIENTED_EDGE('',*,*,#1501,.T.);
#2068=ORIENTED_EDGE('',*,*,#1502,.T.);
#2069=ORIENTED_EDGE('',*,*,#1499,.F.);
#2070=ORIENTED_EDGE('',*,*,#1222,.T.);
#2071=ORIENTED_EDGE('',*,*,#1503,.T.);
#2072=ORIENTED_EDGE('',*,*,#1504,.T.);
#2073=ORIENTED_EDGE('',*,*,#1505,.T.);
#2074=ORIENTED_EDGE('',*,*,#1229,.T.);
#2075=ORIENTED_EDGE('',*,*,#1506,.T.);
#2076=ORIENTED_EDGE('',*,*,#1507,.T.);
#2077=ORIENTED_EDGE('',*,*,#1503,.F.);
#2078=ORIENTED_EDGE('',*,*,#1508,.T.);
#2079=ORIENTED_EDGE('',*,*,#1506,.F.);
#2080=ORIENTED_EDGE('',*,*,#1228,.T.);
#2081=ORIENTED_EDGE('',*,*,#1509,.T.);
#2082=ORIENTED_EDGE('',*,*,#1510,.T.);
#2083=ORIENTED_EDGE('',*,*,#1509,.F.);
#2084=ORIENTED_EDGE('',*,*,#1227,.T.);
#2085=ORIENTED_EDGE('',*,*,#1511,.T.);
#2086=ORIENTED_EDGE('',*,*,#1223,.T.);
#2087=ORIENTED_EDGE('',*,*,#1505,.F.);
#2088=ORIENTED_EDGE('',*,*,#1512,.T.);
#2089=ORIENTED_EDGE('',*,*,#1501,.F.);
#2090=ORIENTED_EDGE('',*,*,#1513,.T.);
#2091=ORIENTED_EDGE('',*,*,#1511,.F.);
#2092=ORIENTED_EDGE('',*,*,#1226,.T.);
#2093=ORIENTED_EDGE('',*,*,#1500,.T.);
#2094=ORIENTED_EDGE('',*,*,#1502,.F.);
#2095=ORIENTED_EDGE('',*,*,#1514,.F.);
#2096=ORIENTED_EDGE('',*,*,#1492,.F.);
#2097=ORIENTED_EDGE('',*,*,#1496,.T.);
#2098=ORIENTED_EDGE('',*,*,#1497,.F.);
#2099=ORIENTED_EDGE('',*,*,#1424,.F.);
#2100=ORIENTED_EDGE('',*,*,#1504,.F.);
#2101=ORIENTED_EDGE('',*,*,#1515,.T.);
#2102=ORIENTED_EDGE('',*,*,#1516,.T.);
#2103=ORIENTED_EDGE('',*,*,#1517,.T.);
#2104=ORIENTED_EDGE('',*,*,#1518,.F.);
#2105=ORIENTED_EDGE('',*,*,#1472,.F.);
#2106=ORIENTED_EDGE('',*,*,#1475,.T.);
#2107=ORIENTED_EDGE('',*,*,#1519,.F.);
#2108=ORIENTED_EDGE('',*,*,#1520,.T.);
#2109=ORIENTED_EDGE('',*,*,#1520,.F.);
#2110=ORIENTED_EDGE('',*,*,#1521,.F.);
#2111=ORIENTED_EDGE('',*,*,#1394,.F.);
#2112=ORIENTED_EDGE('',*,*,#1411,.T.);
#2113=ORIENTED_EDGE('',*,*,#1402,.F.);
#2114=ORIENTED_EDGE('',*,*,#1473,.F.);
#2115=ORIENTED_EDGE('',*,*,#1516,.F.);
#2116=ORIENTED_EDGE('',*,*,#1522,.T.);
#2117=ORIENTED_EDGE('',*,*,#1523,.F.);
#2118=ORIENTED_EDGE('',*,*,#1524,.T.);
#2119=ORIENTED_EDGE('',*,*,#1524,.F.);
#2120=ORIENTED_EDGE('',*,*,#1525,.F.);
#2121=ORIENTED_EDGE('',*,*,#1526,.F.);
#2122=ORIENTED_EDGE('',*,*,#1527,.T.);
#2123=ORIENTED_EDGE('',*,*,#1528,.F.);
#2124=ORIENTED_EDGE('',*,*,#1517,.F.);
#2125=ORIENTED_EDGE('',*,*,#1485,.F.);
#2126=ORIENTED_EDGE('',*,*,#1489,.T.);
#2127=ORIENTED_EDGE('',*,*,#1529,.F.);
#2128=ORIENTED_EDGE('',*,*,#1530,.T.);
#2129=ORIENTED_EDGE('',*,*,#1480,.F.);
#2130=ORIENTED_EDGE('',*,*,#1531,.T.);
#2131=ORIENTED_EDGE('',*,*,#1532,.T.);
#2132=ORIENTED_EDGE('',*,*,#1529,.T.);
#2133=ORIENTED_EDGE('',*,*,#1488,.F.);
#2134=ORIENTED_EDGE('',*,*,#1211,.T.);
#2135=ORIENTED_EDGE('',*,*,#1533,.F.);
#2136=ORIENTED_EDGE('',*,*,#1356,.F.);
#2137=ORIENTED_EDGE('',*,*,#1534,.F.);
#2138=ORIENTED_EDGE('',*,*,#1216,.T.);
#2139=ORIENTED_EDGE('',*,*,#1535,.F.);
#2140=ORIENTED_EDGE('',*,*,#1366,.F.);
#2141=ORIENTED_EDGE('',*,*,#1536,.F.);
#2142=ORIENTED_EDGE('',*,*,#1363,.T.);
#2143=ORIENTED_EDGE('',*,*,#1535,.T.);
#2144=ORIENTED_EDGE('',*,*,#1215,.T.);
#2145=ORIENTED_EDGE('',*,*,#1239,.F.);
#2146=ORIENTED_EDGE('',*,*,#1209,.T.);
#2147=ORIENTED_EDGE('',*,*,#1537,.F.);
#2148=ORIENTED_EDGE('',*,*,#1351,.F.);
#2149=ORIENTED_EDGE('',*,*,#1538,.F.);
#2150=ORIENTED_EDGE('',*,*,#1368,.T.);
#2151=ORIENTED_EDGE('',*,*,#1539,.T.);
#2152=ORIENTED_EDGE('',*,*,#1217,.T.);
#2153=ORIENTED_EDGE('',*,*,#1536,.T.);
#2154=ORIENTED_EDGE('',*,*,#1540,.T.);
#2155=ORIENTED_EDGE('',*,*,#1541,.T.);
#2156=ORIENTED_EDGE('',*,*,#1203,.T.);
#2157=ORIENTED_EDGE('',*,*,#1542,.T.);
#2158=ORIENTED_EDGE('',*,*,#1207,.T.);
#2159=ORIENTED_EDGE('',*,*,#1543,.T.);
#2160=ORIENTED_EDGE('',*,*,#1544,.T.);
#2161=ORIENTED_EDGE('',*,*,#1545,.T.);
#2162=ORIENTED_EDGE('',*,*,#1205,.T.);
#2163=ORIENTED_EDGE('',*,*,#1546,.F.);
#2164=ORIENTED_EDGE('',*,*,#1547,.F.);
#2165=ORIENTED_EDGE('',*,*,#1548,.F.);
#2166=ORIENTED_EDGE('',*,*,#1549,.T.);
#2167=ORIENTED_EDGE('',*,*,#1546,.T.);
#2168=ORIENTED_EDGE('',*,*,#1204,.T.);
#2169=ORIENTED_EDGE('',*,*,#1541,.F.);
#2170=ORIENTED_EDGE('',*,*,#1319,.F.);
#2171=ORIENTED_EDGE('',*,*,#1550,.T.);
#2172=ORIENTED_EDGE('',*,*,#1547,.T.);
#2173=ORIENTED_EDGE('',*,*,#1551,.T.);
#2174=ORIENTED_EDGE('',*,*,#1206,.T.);
#2175=ORIENTED_EDGE('',*,*,#1548,.T.);
#2176=ORIENTED_EDGE('',*,*,#1552,.T.);
#2177=ORIENTED_EDGE('',*,*,#1543,.F.);
#2178=ORIENTED_EDGE('',*,*,#1202,.T.);
#2179=ORIENTED_EDGE('',*,*,#1539,.F.);
#2180=ORIENTED_EDGE('',*,*,#1553,.T.);
#2181=ORIENTED_EDGE('',*,*,#1542,.F.);
#2182=ORIENTED_EDGE('',*,*,#1554,.T.);
#2183=ORIENTED_EDGE('',*,*,#1537,.T.);
#2184=ORIENTED_EDGE('',*,*,#1208,.T.);
#2185=ORIENTED_EDGE('',*,*,#1545,.F.);
#2186=ORIENTED_EDGE('',*,*,#1538,.T.);
#2187=ORIENTED_EDGE('',*,*,#1354,.T.);
#2188=ORIENTED_EDGE('',*,*,#1533,.T.);
#2189=ORIENTED_EDGE('',*,*,#1210,.T.);
#2190=ORIENTED_EDGE('',*,*,#1212,.T.);
#2191=ORIENTED_EDGE('',*,*,#1534,.T.);
#2192=ORIENTED_EDGE('',*,*,#1359,.T.);
#2193=ORIENTED_EDGE('',*,*,#1555,.T.);
#2194=ORIENTED_EDGE('',*,*,#1556,.T.);
#2195=ORIENTED_EDGE('',*,*,#1240,.F.);
#2196=ORIENTED_EDGE('',*,*,#1213,.T.);
#2197=ORIENTED_EDGE('',*,*,#1555,.F.);
#2198=ORIENTED_EDGE('',*,*,#1540,.F.);
#2199=ORIENTED_EDGE('',*,*,#1553,.F.);
#2200=ORIENTED_EDGE('',*,*,#1367,.T.);
#2201=ORIENTED_EDGE('',*,*,#1267,.F.);
#2202=ORIENTED_EDGE('',*,*,#1557,.F.);
#2203=ORIENTED_EDGE('',*,*,#1238,.F.);
#2204=ORIENTED_EDGE('',*,*,#1556,.F.);
#2205=ORIENTED_EDGE('',*,*,#1358,.T.);
#2206=ORIENTED_EDGE('',*,*,#1292,.F.);
#2207=ORIENTED_EDGE('',*,*,#1364,.F.);
#2208=ORIENTED_EDGE('',*,*,#1467,.F.);
#2209=ORIENTED_EDGE('',*,*,#1414,.F.);
#2210=ORIENTED_EDGE('',*,*,#1457,.F.);
#2211=ORIENTED_EDGE('',*,*,#1453,.T.);
#2212=ORIENTED_EDGE('',*,*,#1450,.F.);
#2213=ORIENTED_EDGE('',*,*,#1397,.F.);
#2214=ORIENTED_EDGE('',*,*,#1513,.F.);
#2215=ORIENTED_EDGE('',*,*,#1422,.F.);
#2216=ORIENTED_EDGE('',*,*,#1498,.F.);
#2217=ORIENTED_EDGE('',*,*,#1494,.T.);
#2218=ORIENTED_EDGE('',*,*,#1490,.F.);
#2219=ORIENTED_EDGE('',*,*,#1558,.F.);
#2220=ORIENTED_EDGE('',*,*,#1435,.F.);
#2221=ORIENTED_EDGE('',*,*,#1441,.F.);
#2222=ORIENTED_EDGE('',*,*,#1559,.T.);
#2223=ORIENTED_EDGE('',*,*,#1439,.T.);
#2224=ORIENTED_EDGE('',*,*,#1560,.T.);
#2225=ORIENTED_EDGE('',*,*,#1561,.F.);
#2226=ORIENTED_EDGE('',*,*,#1526,.T.);
#2227=ORIENTED_EDGE('',*,*,#1562,.F.);
#2228=ORIENTED_EDGE('',*,*,#1510,.F.);
#2229=ORIENTED_EDGE('',*,*,#1558,.T.);
#2230=ORIENTED_EDGE('',*,*,#1493,.F.);
#2231=ORIENTED_EDGE('',*,*,#1514,.T.);
#2232=ORIENTED_EDGE('',*,*,#1512,.F.);
#2233=ORIENTED_EDGE('',*,*,#1518,.T.);
#2234=ORIENTED_EDGE('',*,*,#1528,.T.);
#2235=ORIENTED_EDGE('',*,*,#1563,.T.);
#2236=ORIENTED_EDGE('',*,*,#1385,.F.);
#2237=ORIENTED_EDGE('',*,*,#1407,.F.);
#2238=ORIENTED_EDGE('',*,*,#1564,.F.);
#2239=ORIENTED_EDGE('',*,*,#1405,.T.);
#2240=ORIENTED_EDGE('',*,*,#1565,.T.);
#2241=ORIENTED_EDGE('',*,*,#1447,.F.);
#2242=ORIENTED_EDGE('',*,*,#1449,.T.);
#2243=ORIENTED_EDGE('',*,*,#1445,.F.);
#2244=ORIENTED_EDGE('',*,*,#1566,.F.);
#2245=ORIENTED_EDGE('',*,*,#1560,.F.);
#2246=ORIENTED_EDGE('',*,*,#1438,.F.);
#2247=ORIENTED_EDGE('',*,*,#1431,.F.);
#2248=ORIENTED_EDGE('',*,*,#1563,.F.);
#2249=ORIENTED_EDGE('',*,*,#1527,.F.);
#2250=ORIENTED_EDGE('',*,*,#1561,.T.);
#2251=ORIENTED_EDGE('',*,*,#1566,.T.);
#2252=ORIENTED_EDGE('',*,*,#1444,.F.);
#2253=ORIENTED_EDGE('',*,*,#1442,.T.);
#2254=ORIENTED_EDGE('',*,*,#1448,.F.);
#2255=ORIENTED_EDGE('',*,*,#1565,.F.);
#2256=ORIENTED_EDGE('',*,*,#1404,.F.);
#2257=ORIENTED_EDGE('',*,*,#1410,.F.);
#2258=ORIENTED_EDGE('',*,*,#1507,.F.);
#2259=ORIENTED_EDGE('',*,*,#1567,.T.);
#2260=ORIENTED_EDGE('',*,*,#1522,.F.);
#2261=ORIENTED_EDGE('',*,*,#1515,.F.);
#2262=ORIENTED_EDGE('',*,*,#1508,.F.);
#2263=ORIENTED_EDGE('',*,*,#1562,.T.);
#2264=ORIENTED_EDGE('',*,*,#1525,.T.);
#2265=ORIENTED_EDGE('',*,*,#1523,.T.);
#2266=ORIENTED_EDGE('',*,*,#1567,.F.);
#2267=ORIENTED_EDGE('',*,*,#1440,.T.);
#2268=ORIENTED_EDGE('',*,*,#1559,.F.);
#2269=ORIENTED_EDGE('',*,*,#1462,.F.);
#2270=ORIENTED_EDGE('',*,*,#1395,.T.);
#2271=ORIENTED_EDGE('',*,*,#1521,.T.);
#2272=ORIENTED_EDGE('',*,*,#1519,.T.);
#2273=ORIENTED_EDGE('',*,*,#1474,.F.);
#2274=ORIENTED_EDGE('',*,*,#1564,.T.);
#2275=ORIENTED_EDGE('',*,*,#1406,.F.);
#2276=ORIENTED_EDGE('',*,*,#1481,.F.);
#2277=ORIENTED_EDGE('',*,*,#1487,.T.);
#2278=ORIENTED_EDGE('',*,*,#1568,.T.);
#2279=ORIENTED_EDGE('',*,*,#1531,.F.);
#2280=ORIENTED_EDGE('',*,*,#1530,.F.);
#2281=ORIENTED_EDGE('',*,*,#1532,.F.);
#2282=ORIENTED_EDGE('',*,*,#1568,.F.);
#2283=ORIENTED_EDGE('',*,*,#1486,.F.);
#2284=ORIENTED_EDGE('',*,*,#1330,.F.);
#2285=ORIENTED_EDGE('',*,*,#1352,.F.);
#2286=ORIENTED_EDGE('',*,*,#1554,.F.);
#2287=ORIENTED_EDGE('',*,*,#1569,.T.);
#2288=ORIENTED_EDGE('',*,*,#1247,.T.);
#2289=ORIENTED_EDGE('',*,*,#1254,.F.);
#2290=ORIENTED_EDGE('',*,*,#1258,.F.);
#2291=ORIENTED_EDGE('',*,*,#1317,.F.);
#2292=ORIENTED_EDGE('',*,*,#1551,.F.);
#2293=ORIENTED_EDGE('',*,*,#1549,.F.);
#2294=ORIENTED_EDGE('',*,*,#1557,.T.);
#2295=ORIENTED_EDGE('',*,*,#1266,.T.);
#2296=ORIENTED_EDGE('',*,*,#1273,.T.);
#2297=ORIENTED_EDGE('',*,*,#1281,.T.);
#2298=ORIENTED_EDGE('',*,*,#1321,.F.);
#2299=ORIENTED_EDGE('',*,*,#1259,.F.);
#2300=ORIENTED_EDGE('',*,*,#1251,.F.);
#2301=ORIENTED_EDGE('',*,*,#1249,.T.);
#2302=ORIENTED_EDGE('',*,*,#1570,.F.);
#2303=ORIENTED_EDGE('',*,*,#1552,.F.);
#2304=ORIENTED_EDGE('',*,*,#1550,.F.);
#2305=ORIENTED_EDGE('',*,*,#1544,.F.);
#2306=ORIENTED_EDGE('',*,*,#1570,.T.);
#2307=ORIENTED_EDGE('',*,*,#1248,.F.);
#2308=ORIENTED_EDGE('',*,*,#1569,.F.);
#2309=PLANE('',#2524);
#2310=PLANE('',#2549);
#2311=PLANE('',#2566);
#2312=PLANE('',#2586);
#2313=PLANE('',#2599);
#2314=PLANE('',#2606);
#2315=PLANE('',#2610);
#2316=PLANE('',#2615);
#2317=PLANE('',#2622);
#2318=PLANE('',#2623);
#2319=PLANE('',#2630);
#2320=PLANE('',#2633);
#2321=PLANE('',#2636);
#2322=PLANE('',#2639);
#2323=PLANE('',#2642);
#2324=PLANE('',#2643);
#2325=PLANE('',#2656);
#2326=PLANE('',#2657);
#2327=PLANE('',#2670);
#2328=PLANE('',#2685);
#2329=PLANE('',#2686);
#2330=PLANE('',#2689);
#2331=PLANE('',#2700);
#2332=PLANE('',#2703);
#2333=PLANE('',#2704);
#2334=PLANE('',#2705);
#2335=PLANE('',#2707);
#2336=PLANE('',#2709);
#2337=PLANE('',#2711);
#2338=PLANE('',#2712);
#2339=PLANE('',#2713);
#2340=PLANE('',#2714);
#2341=PLANE('',#2715);
#2342=PLANE('',#2718);
#2343=PLANE('',#2719);
#2344=PLANE('',#2720);
#2345=PLANE('',#2724);
#2346=PLANE('',#2728);
#2347=PLANE('',#2729);
#2348=PLANE('',#2730);
#2349=PLANE('',#2731);
#2350=PLANE('',#2736);
#2351=PLANE('',#2737);
#2352=PLANE('',#2738);
#2353=PLANE('',#2739);
#2354=PLANE('',#2740);
#2355=PLANE('',#2741);
#2356=PLANE('',#2742);
#2357=PLANE('',#2745);
#2358=PLANE('',#2746);
#2359=PLANE('',#2779);
#2360=PLANE('',#2780);
#2361=PLANE('',#2784);
#2362=PLANE('',#2785);
#2363=PLANE('',#2786);
#2364=PLANE('',#2787);
#2365=PLANE('',#2788);
#2366=PLANE('',#2789);
#2367=PLANE('',#2790);
#2368=PLANE('',#2791);
#2369=PLANE('',#2792);
#2370=PLANE('',#2795);
#2371=PLANE('',#2796);
#2372=PLANE('',#2797);
#2373=PLANE('',#2798);
#2374=ADVANCED_FACE('',(#161,#148,#149,#150),#2309,.T.);
#2375=ADVANCED_FACE('',(#162),#139,.T.);
#2376=ADVANCED_FACE('',(#163),#64,.F.);
#2377=ADVANCED_FACE('',(#164),#33,.F.);
#2378=ADVANCED_FACE('',(#165,#151),#2310,.F.);
#2379=ADVANCED_FACE('',(#166),#65,.T.);
#2380=ADVANCED_FACE('',(#167),#66,.F.);
#2381=ADVANCED_FACE('',(#168),#34,.F.);
#2382=ADVANCED_FACE('',(#169),#35,.T.);
#2383=ADVANCED_FACE('',(#170),#67,.F.);
#2384=ADVANCED_FACE('',(#171),#36,.F.);
#2385=ADVANCED_FACE('',(#172,#152),#2311,.F.);
#2386=ADVANCED_FACE('',(#173),#68,.T.);
#2387=ADVANCED_FACE('',(#174),#69,.F.);
#2388=ADVANCED_FACE('',(#175),#70,.T.);
#2389=ADVANCED_FACE('',(#176),#37,.T.);
#2390=ADVANCED_FACE('',(#177),#38,.F.);
#2391=ADVANCED_FACE('',(#178),#39,.T.);
#2392=ADVANCED_FACE('',(#179),#71,.F.);
#2393=ADVANCED_FACE('',(#180,#153),#2312,.F.);
#2394=ADVANCED_FACE('',(#181),#40,.F.);
#2395=ADVANCED_FACE('',(#182),#72,.T.);
#2396=ADVANCED_FACE('',(#183),#73,.F.);
#2397=ADVANCED_FACE('',(#184),#74,.T.);
#2398=ADVANCED_FACE('',(#185),#2313,.T.);
#2399=ADVANCED_FACE('',(#186),#75,.T.);
#2400=ADVANCED_FACE('',(#187),#76,.F.);
#2401=ADVANCED_FACE('',(#188),#77,.T.);
#2402=ADVANCED_FACE('',(#189),#2314,.T.);
#2403=ADVANCED_FACE('',(#190),#78,.T.);
#2404=ADVANCED_FACE('',(#191),#2315,.T.);
#2405=ADVANCED_FACE('',(#192),#79,.T.);
#2406=ADVANCED_FACE('',(#193),#80,.F.);
#2407=ADVANCED_FACE('',(#194),#2316,.T.);
#2408=ADVANCED_FACE('',(#195),#81,.T.);
#2409=ADVANCED_FACE('',(#196),#82,.T.);
#2410=ADVANCED_FACE('',(#197),#2317,.T.);
#2411=ADVANCED_FACE('',(#198),#2318,.T.);
#2412=ADVANCED_FACE('',(#199),#83,.T.);
#2413=ADVANCED_FACE('',(#200),#84,.F.);
#2414=ADVANCED_FACE('',(#201),#2319,.T.);
#2415=ADVANCED_FACE('',(#202),#41,.T.);
#2416=ADVANCED_FACE('',(#203),#2320,.T.);
#2417=ADVANCED_FACE('',(#204),#42,.T.);
#2418=ADVANCED_FACE('',(#205),#2321,.T.);
#2419=ADVANCED_FACE('',(#206),#43,.F.);
#2420=ADVANCED_FACE('',(#207),#44,.T.);
#2421=ADVANCED_FACE('',(#208),#2322,.T.);
#2422=ADVANCED_FACE('',(#209),#45,.T.);
#2423=ADVANCED_FACE('',(#210),#2323,.T.);
#2424=ADVANCED_FACE('',(#211,#154,#155,#156,#157,#158,#159,#160),#2324,
 .T.);
#2425=ADVANCED_FACE('',(#212),#85,.F.);
#2426=ADVANCED_FACE('',(#213),#86,.F.);
#2427=ADVANCED_FACE('',(#214),#87,.F.);
#2428=ADVANCED_FACE('',(#215),#2325,.T.);
#2429=ADVANCED_FACE('',(#216),#2326,.T.);
#2430=ADVANCED_FACE('',(#217),#88,.F.);
#2431=ADVANCED_FACE('',(#218),#89,.F.);
#2432=ADVANCED_FACE('',(#219),#46,.F.);
#2433=ADVANCED_FACE('',(#220),#2327,.F.);
#2434=ADVANCED_FACE('',(#221),#90,.F.);
#2435=ADVANCED_FACE('',(#222),#47,.F.);
#2436=ADVANCED_FACE('',(#223),#91,.F.);
#2437=ADVANCED_FACE('',(#224),#48,.F.);
#2438=ADVANCED_FACE('',(#225),#92,.F.);
#2439=ADVANCED_FACE('',(#226),#2328,.T.);
#2440=ADVANCED_FACE('',(#227),#2329,.T.);
#2441=ADVANCED_FACE('',(#228),#93,.F.);
#2442=ADVANCED_FACE('',(#229),#2330,.F.);
#2443=ADVANCED_FACE('',(#230),#49,.F.);
#2444=ADVANCED_FACE('',(#231),#94,.F.);
#2445=ADVANCED_FACE('',(#232),#95,.F.);
#2446=ADVANCED_FACE('',(#233),#50,.F.);
#2447=ADVANCED_FACE('',(#234),#96,.F.);
#2448=ADVANCED_FACE('',(#235),#2331,.T.);
#2449=ADVANCED_FACE('',(#236),#97,.F.);
#2450=ADVANCED_FACE('',(#237),#2332,.T.);
#2451=ADVANCED_FACE('',(#238),#2333,.T.);
#2452=ADVANCED_FACE('',(#239),#2334,.T.);
#2453=ADVANCED_FACE('',(#240),#98,.F.);
#2454=ADVANCED_FACE('',(#241),#2335,.T.);
#2455=ADVANCED_FACE('',(#242),#99,.F.);
#2456=ADVANCED_FACE('',(#243),#2336,.T.);
#2457=ADVANCED_FACE('',(#244),#100,.F.);
#2458=ADVANCED_FACE('',(#245),#2337,.F.);
#2459=ADVANCED_FACE('',(#246),#2338,.F.);
#2460=ADVANCED_FACE('',(#247),#2339,.F.);
#2461=ADVANCED_FACE('',(#248),#2340,.T.);
#2462=ADVANCED_FACE('',(#249),#2341,.T.);
#2463=ADVANCED_FACE('',(#250),#101,.F.);
#2464=ADVANCED_FACE('',(#251),#2342,.T.);
#2465=ADVANCED_FACE('',(#252),#2343,.F.);
#2466=ADVANCED_FACE('',(#253),#2344,.F.);
#2467=ADVANCED_FACE('',(#254),#102,.F.);
#2468=ADVANCED_FACE('',(#255),#2345,.T.);
#2469=ADVANCED_FACE('',(#256),#103,.F.);
#2470=ADVANCED_FACE('',(#257),#104,.F.);
#2471=ADVANCED_FACE('',(#258),#2346,.T.);
#2472=ADVANCED_FACE('',(#259),#2347,.T.);
#2473=ADVANCED_FACE('',(#260),#2348,.T.);
#2474=ADVANCED_FACE('',(#261),#2349,.T.);
#2475=ADVANCED_FACE('',(#262),#105,.F.);
#2476=ADVANCED_FACE('',(#263),#106,.F.);
#2477=ADVANCED_FACE('',(#264),#2350,.T.);
#2478=ADVANCED_FACE('',(#265),#2351,.F.);
#2479=ADVANCED_FACE('',(#266),#2352,.F.);
#2480=ADVANCED_FACE('',(#267),#2353,.T.);
#2481=ADVANCED_FACE('',(#268),#2354,.T.);
#2482=ADVANCED_FACE('',(#269),#2355,.T.);
#2483=ADVANCED_FACE('',(#270),#2356,.T.);
#2484=ADVANCED_FACE('',(#271),#2357,.T.);
#2485=ADVANCED_FACE('',(#272),#2358,.F.);
#2486=ADVANCED_FACE('',(#273),#140,.T.);
#2487=ADVANCED_FACE('',(#274),#141,.T.);
#2488=ADVANCED_FACE('',(#275),#51,.T.);
#2489=ADVANCED_FACE('',(#276),#142,.T.);
#2490=ADVANCED_FACE('',(#277),#52,.T.);
#2491=ADVANCED_FACE('',(#278),#143,.T.);
#2492=ADVANCED_FACE('',(#279),#144,.T.);
#2493=ADVANCED_FACE('',(#280),#145,.T.);
#2494=ADVANCED_FACE('',(#281),#53,.T.);
#2495=ADVANCED_FACE('',(#282),#54,.T.);
#2496=ADVANCED_FACE('',(#283),#55,.T.);
#2497=ADVANCED_FACE('',(#284),#146,.T.);
#2498=ADVANCED_FACE('',(#285),#56,.T.);
#2499=ADVANCED_FACE('',(#286),#57,.T.);
#2500=ADVANCED_FACE('',(#287),#58,.T.);
#2501=ADVANCED_FACE('',(#288),#147,.T.);
#2502=ADVANCED_FACE('',(#289),#59,.F.);
#2503=ADVANCED_FACE('',(#290),#60,.F.);
#2504=ADVANCED_FACE('',(#291),#2359,.F.);
#2505=ADVANCED_FACE('',(#292),#2360,.F.);
#2506=ADVANCED_FACE('',(#293),#61,.F.);
#2507=ADVANCED_FACE('',(#294),#2361,.F.);
#2508=ADVANCED_FACE('',(#295),#2362,.T.);
#2509=ADVANCED_FACE('',(#296),#2363,.F.);
#2510=ADVANCED_FACE('',(#297),#2364,.T.);
#2511=ADVANCED_FACE('',(#298),#2365,.F.);
#2512=ADVANCED_FACE('',(#299),#2366,.F.);
#2513=ADVANCED_FACE('',(#300),#2367,.T.);
#2514=ADVANCED_FACE('',(#301),#2368,.F.);
#2515=ADVANCED_FACE('',(#302),#2369,.T.);
#2516=ADVANCED_FACE('',(#303),#62,.F.);
#2517=ADVANCED_FACE('',(#304),#2370,.T.);
#2518=ADVANCED_FACE('',(#305),#2371,.T.);
#2519=ADVANCED_FACE('',(#306),#2372,.T.);
#2520=ADVANCED_FACE('',(#307),#2373,.T.);
#2521=ADVANCED_FACE('',(#308),#63,.F.);
#2522=CLOSED_SHELL('',(#2374,#2375,#2376,#2377,#2378,#2379,#2380,#2381,
#2382,#2383,#2384,#2385,#2386,#2387,#2388,#2389,#2390,#2391,#2392,#2393,
#2394,#2395,#2396,#2397,#2398,#2399,#2400,#2401,#2402,#2403,#2404,#2405,
#2406,#2407,#2408,#2409,#2410,#2411,#2412,#2413,#2414,#2415,#2416,#2417,
#2418,#2419,#2420,#2421,#2422,#2423,#2424,#2425,#2426,#2427,#2428,#2429,
#2430,#2431,#2432,#2433,#2434,#2435,#2436,#2437,#2438,#2439,#2440,#2441,
#2442,#2443,#2444,#2445,#2446,#2447,#2448,#2449,#2450,#2451,#2452,#2453,
#2454,#2455,#2456,#2457,#2458,#2459,#2460,#2461,#2462,#2463,#2464,#2465,
#2466,#2467,#2468,#2469,#2470,#2471,#2472,#2473,#2474,#2475,#2476,#2477,
#2478,#2479,#2480,#2481,#2482,#2483,#2484,#2485,#2486,#2487,#2488,#2489,
#2490,#2491,#2492,#2493,#2494,#2495,#2496,#2497,#2498,#2499,#2500,#2501,
#2502,#2503,#2504,#2505,#2506,#2507,#2508,#2509,#2510,#2511,#2512,#2513,
#2514,#2515,#2516,#2517,#2518,#2519,#2520,#2521));
#2523=AXIS2_PLACEMENT_3D('',#3545,#2800,#2801);
#2524=AXIS2_PLACEMENT_3D('',#3546,#2802,#2803);
#2525=AXIS2_PLACEMENT_3D('',#3549,#2804,#2805);
#2526=AXIS2_PLACEMENT_3D('',#3551,#2806,#2807);
#2527=AXIS2_PLACEMENT_3D('',#3555,#2809,#2810);
#2528=AXIS2_PLACEMENT_3D('',#3559,#2812,#2813);
#2529=AXIS2_PLACEMENT_3D('',#3563,#2815,#2816);
#2530=AXIS2_PLACEMENT_3D('',#3567,#2818,#2819);
#2531=AXIS2_PLACEMENT_3D('',#3571,#2821,#2822);
#2532=AXIS2_PLACEMENT_3D('',#3573,#2823,#2824);
#2533=AXIS2_PLACEMENT_3D('',#3577,#2826,#2827);
#2534=AXIS2_PLACEMENT_3D('',#3585,#2831,#2832);
#2535=AXIS2_PLACEMENT_3D('',#3591,#2835,#2836);
#2536=AXIS2_PLACEMENT_3D('',#3595,#2838,#2839);
#2537=AXIS2_PLACEMENT_3D('',#3599,#2841,#2842);
#2538=AXIS2_PLACEMENT_3D('',#3609,#2847,#2848);
#2539=AXIS2_PLACEMENT_3D('',#3613,#2850,#2851);
#2540=AXIS2_PLACEMENT_3D('',#3617,#2853,#2854);
#2541=AXIS2_PLACEMENT_3D('',#3619,#2856,#2857);
#2542=AXIS2_PLACEMENT_3D('',#3622,#2858,#2859);
#2543=AXIS2_PLACEMENT_3D('',#3637,#2860,#2861);
#2544=AXIS2_PLACEMENT_3D('',#3638,#2862,#2863);
#2545=AXIS2_PLACEMENT_3D('',#3640,#2864,#2865);
#2546=AXIS2_PLACEMENT_3D('',#3643,#2867,#2868);
#2547=AXIS2_PLACEMENT_3D('',#3644,#2869,#2870);
#2548=AXIS2_PLACEMENT_3D('',#3646,#2871,#2872);
#2549=AXIS2_PLACEMENT_3D('',#3648,#2874,#2875);
#2550=AXIS2_PLACEMENT_3D('',#3651,#2876,#2877);
#2551=AXIS2_PLACEMENT_3D('',#3655,#2879,#2880);
#2552=AXIS2_PLACEMENT_3D('',#3658,#2882,#2883);
#2553=AXIS2_PLACEMENT_3D('',#3659,#2884,#2885);
#2554=AXIS2_PLACEMENT_3D('',#3665,#2886,#2887);
#2555=AXIS2_PLACEMENT_3D('',#3667,#2889,#2890);
#2556=AXIS2_PLACEMENT_3D('',#3672,#2891,#2892);
#2557=AXIS2_PLACEMENT_3D('',#3673,#2893,#2894);
#2558=AXIS2_PLACEMENT_3D('',#3677,#2896,#2897);
#2559=AXIS2_PLACEMENT_3D('',#3679,#2899,#2900);
#2560=AXIS2_PLACEMENT_3D('',#3682,#2902,#2903);
#2561=AXIS2_PLACEMENT_3D('',#3683,#2904,#2905);
#2562=AXIS2_PLACEMENT_3D('',#3685,#2906,#2907);
#2563=AXIS2_PLACEMENT_3D('',#3688,#2909,#2910);
#2564=AXIS2_PLACEMENT_3D('',#3689,#2911,#2912);
#2565=AXIS2_PLACEMENT_3D('',#3691,#2913,#2914);
#2566=AXIS2_PLACEMENT_3D('',#3693,#2916,#2917);
#2567=AXIS2_PLACEMENT_3D('',#3698,#2919,#2920);
#2568=AXIS2_PLACEMENT_3D('',#3702,#2922,#2923);
#2569=AXIS2_PLACEMENT_3D('',#3704,#2924,#2925);
#2570=AXIS2_PLACEMENT_3D('',#3705,#2926,#2927);
#2571=AXIS2_PLACEMENT_3D('',#3706,#2928,#2929);
#2572=AXIS2_PLACEMENT_3D('',#3709,#2930,#2931);
#2573=AXIS2_PLACEMENT_3D('',#3717,#2932,#2933);
#2574=AXIS2_PLACEMENT_3D('',#3719,#2934,#2935);
#2575=AXIS2_PLACEMENT_3D('',#3724,#2936,#2937);
#2576=AXIS2_PLACEMENT_3D('',#3729,#2938,#2939);
#2577=AXIS2_PLACEMENT_3D('',#3730,#2940,#2941);
#2578=AXIS2_PLACEMENT_3D('',#3734,#2943,#2944);
#2579=AXIS2_PLACEMENT_3D('',#3736,#2946,#2947);
#2580=AXIS2_PLACEMENT_3D('',#3739,#2949,#2950);
#2581=AXIS2_PLACEMENT_3D('',#3740,#2951,#2952);
#2582=AXIS2_PLACEMENT_3D('',#3743,#2954,#2955);
#2583=AXIS2_PLACEMENT_3D('',#3744,#2956,#2957);
#2584=AXIS2_PLACEMENT_3D('',#3746,#2958,#2959);
#2585=AXIS2_PLACEMENT_3D('',#3749,#2961,#2962);
#2586=AXIS2_PLACEMENT_3D('',#3750,#2963,#2964);
#2587=AXIS2_PLACEMENT_3D('',#3753,#2965,#2966);
#2588=AXIS2_PLACEMENT_3D('',#3755,#2967,#2968);
#2589=AXIS2_PLACEMENT_3D('',#3759,#2970,#2971);
#2590=AXIS2_PLACEMENT_3D('',#3761,#2973,#2974);
#2591=AXIS2_PLACEMENT_3D('',#3763,#2975,#2976);
#2592=AXIS2_PLACEMENT_3D('',#3765,#2978,#2979);
#2593=AXIS2_PLACEMENT_3D('',#3772,#2981,#2982);
#2594=AXIS2_PLACEMENT_3D('',#3773,#2983,#2984);
#2595=AXIS2_PLACEMENT_3D('',#3778,#2985,#2986);
#2596=AXIS2_PLACEMENT_3D('',#3779,#2987,#2988);
#2597=AXIS2_PLACEMENT_3D('',#3782,#2989,#2990);
#2598=AXIS2_PLACEMENT_3D('',#3786,#2992,#2993);
#2599=AXIS2_PLACEMENT_3D('',#3791,#2994,#2995);
#2600=AXIS2_PLACEMENT_3D('',#3802,#2999,#3000);
#2601=AXIS2_PLACEMENT_3D('',#3804,#3001,#3002);
#2602=AXIS2_PLACEMENT_3D('',#3809,#3003,#3004);
#2603=AXIS2_PLACEMENT_3D('',#3811,#3005,#3006);
#2604=AXIS2_PLACEMENT_3D('',#3816,#3007,#3008);
#2605=AXIS2_PLACEMENT_3D('',#3818,#3009,#3010);
#2606=AXIS2_PLACEMENT_3D('',#3823,#3011,#3012);
#2607=AXIS2_PLACEMENT_3D('',#3829,#3016,#3017);
#2608=AXIS2_PLACEMENT_3D('',#3833,#3019,#3020);
#2609=AXIS2_PLACEMENT_3D('',#3834,#3021,#3022);
#2610=AXIS2_PLACEMENT_3D('',#3835,#3023,#3024);
#2611=AXIS2_PLACEMENT_3D('',#3843,#3027,#3028);
#2612=AXIS2_PLACEMENT_3D('',#3845,#3029,#3030);
#2613=AXIS2_PLACEMENT_3D('',#3847,#3032,#3033);
#2614=AXIS2_PLACEMENT_3D('',#3850,#3035,#3036);
#2615=AXIS2_PLACEMENT_3D('',#3851,#3037,#3038);
#2616=AXIS2_PLACEMENT_3D('',#3857,#3042,#3043);
#2617=AXIS2_PLACEMENT_3D('',#3859,#3044,#3045);
#2618=AXIS2_PLACEMENT_3D('',#3862,#3047,#3048);
#2619=AXIS2_PLACEMENT_3D('',#3863,#3049,#3050);
#2620=AXIS2_PLACEMENT_3D('',#3867,#3052,#3053);
#2621=AXIS2_PLACEMENT_3D('',#3868,#3054,#3055);
#2622=AXIS2_PLACEMENT_3D('',#3869,#3056,#3057);
#2623=AXIS2_PLACEMENT_3D('',#3872,#3060,#3061);
#2624=AXIS2_PLACEMENT_3D('',#3878,#3065,#3066);
#2625=AXIS2_PLACEMENT_3D('',#3882,#3068,#3069);
#2626=AXIS2_PLACEMENT_3D('',#3883,#3070,#3071);
#2627=AXIS2_PLACEMENT_3D('',#3884,#3072,#3073);
#2628=AXIS2_PLACEMENT_3D('',#3886,#3074,#3075);
#2629=AXIS2_PLACEMENT_3D('',#3889,#3077,#3078);
#2630=AXIS2_PLACEMENT_3D('',#3890,#3079,#3080);
#2631=AXIS2_PLACEMENT_3D('',#3893,#3083,#3084);
#2632=AXIS2_PLACEMENT_3D('',#3897,#3086,#3087);
#2633=AXIS2_PLACEMENT_3D('',#3899,#3089,#3090);
#2634=AXIS2_PLACEMENT_3D('',#3903,#3093,#3094);
#2635=AXIS2_PLACEMENT_3D('',#3906,#3096,#3097);
#2636=AXIS2_PLACEMENT_3D('',#3907,#3098,#3099);
#2637=AXIS2_PLACEMENT_3D('',#3912,#3103,#3104);
#2638=AXIS2_PLACEMENT_3D('',#3914,#3106,#3107);
#2639=AXIS2_PLACEMENT_3D('',#3916,#3109,#3110);
#2640=AXIS2_PLACEMENT_3D('',#3921,#3114,#3115);
#2641=AXIS2_PLACEMENT_3D('',#3924,#3117,#3118);
#2642=AXIS2_PLACEMENT_3D('',#3925,#3119,#3120);
#2643=AXIS2_PLACEMENT_3D('',#3929,#3123,#3124);
#2644=AXIS2_PLACEMENT_3D('',#3931,#3125,#3126);
#2645=AXIS2_PLACEMENT_3D('',#3933,#3127,#3128);
#2646=AXIS2_PLACEMENT_3D('',#3935,#3129,#3130);
#2647=AXIS2_PLACEMENT_3D('',#3938,#3131,#3132);
#2648=AXIS2_PLACEMENT_3D('',#3942,#3134,#3135);
#2649=AXIS2_PLACEMENT_3D('',#3945,#3137,#3138);
#2650=AXIS2_PLACEMENT_3D('',#3950,#3140,#3141);
#2651=AXIS2_PLACEMENT_3D('',#3953,#3143,#3144);
#2652=AXIS2_PLACEMENT_3D('',#3955,#3145,#3146);
#2653=AXIS2_PLACEMENT_3D('',#3956,#3147,#3148);
#2654=AXIS2_PLACEMENT_3D('',#3958,#3150,#3151);
#2655=AXIS2_PLACEMENT_3D('',#3960,#3153,#3154);
#2656=AXIS2_PLACEMENT_3D('',#3962,#3156,#3157);
#2657=AXIS2_PLACEMENT_3D('',#3971,#3160,#3161);
#2658=AXIS2_PLACEMENT_3D('',#3980,#3164,#3165);
#2659=AXIS2_PLACEMENT_3D('',#3981,#3166,#3167);
#2660=AXIS2_PLACEMENT_3D('',#3982,#3168,#3169);
#2661=AXIS2_PLACEMENT_3D('',#3983,#3170,#3171);
#2662=AXIS2_PLACEMENT_3D('',#3984,#3172,#3173);
#2663=AXIS2_PLACEMENT_3D('',#3988,#3175,#3176);
#2664=AXIS2_PLACEMENT_3D('',#3992,#3178,#3179);
#2665=AXIS2_PLACEMENT_3D('',#3996,#3181,#3182);
#2666=AXIS2_PLACEMENT_3D('',#4000,#3184,#3185);
#2667=AXIS2_PLACEMENT_3D('',#4004,#3187,#3188);
#2668=AXIS2_PLACEMENT_3D('',#4008,#3190,#3191);
#2669=AXIS2_PLACEMENT_3D('',#4012,#3193,#3194);
#2670=AXIS2_PLACEMENT_3D('',#4014,#3196,#3197);
#2671=AXIS2_PLACEMENT_3D('',#4023,#3201,#3202);
#2672=AXIS2_PLACEMENT_3D('',#4026,#3204,#3205);
#2673=AXIS2_PLACEMENT_3D('',#4027,#3206,#3207);
#2674=AXIS2_PLACEMENT_3D('',#4032,#3209,#3210);
#2675=AXIS2_PLACEMENT_3D('',#4035,#3212,#3213);
#2676=AXIS2_PLACEMENT_3D('',#4038,#3215,#3216);
#2677=AXIS2_PLACEMENT_3D('',#4039,#3217,#3218);
#2678=AXIS2_PLACEMENT_3D('',#4042,#3220,#3221);
#2679=AXIS2_PLACEMENT_3D('',#4043,#3222,#3223);
#2680=AXIS2_PLACEMENT_3D('',#4048,#3225,#3226);
#2681=AXIS2_PLACEMENT_3D('',#4052,#3228,#3229);
#2682=AXIS2_PLACEMENT_3D('',#4054,#3231,#3232);
#2683=AXIS2_PLACEMENT_3D('',#4055,#3233,#3234);
#2684=AXIS2_PLACEMENT_3D('',#4060,#3237,#3238);
#2685=AXIS2_PLACEMENT_3D('',#4061,#3239,#3240);
#2686=AXIS2_PLACEMENT_3D('',#4068,#3242,#3243);
#2687=AXIS2_PLACEMENT_3D('',#4075,#3245,#3246);
#2688=AXIS2_PLACEMENT_3D('',#4076,#3247,#3248);
#2689=AXIS2_PLACEMENT_3D('',#4077,#3249,#3250);
#2690=AXIS2_PLACEMENT_3D('',#4091,#3256,#3257);
#2691=AXIS2_PLACEMENT_3D('',#4094,#3259,#3260);
#2692=AXIS2_PLACEMENT_3D('',#4095,#3261,#3262);
#2693=AXIS2_PLACEMENT_3D('',#4100,#3263,#3264);
#2694=AXIS2_PLACEMENT_3D('',#4101,#3265,#3266);
#2695=AXIS2_PLACEMENT_3D('',#4103,#3267,#3268);
#2696=AXIS2_PLACEMENT_3D('',#4108,#3269,#3270);
#2697=AXIS2_PLACEMENT_3D('',#4109,#3271,#3272);
#2698=AXIS2_PLACEMENT_3D('',#4111,#3274,#3275);
#2699=AXIS2_PLACEMENT_3D('',#4117,#3276,#3277);
#2700=AXIS2_PLACEMENT_3D('',#4121,#3278,#3279);
#2701=AXIS2_PLACEMENT_3D('',#4125,#3281,#3282);
#2702=AXIS2_PLACEMENT_3D('',#4127,#3284,#3285);
#2703=AXIS2_PLACEMENT_3D('',#4134,#3286,#3287);
#2704=AXIS2_PLACEMENT_3D('',#4140,#3291,#3292);
#2705=AXIS2_PLACEMENT_3D('',#4146,#3294,#3295);
#2706=AXIS2_PLACEMENT_3D('',#4152,#3297,#3298);
#2707=AXIS2_PLACEMENT_3D('',#4157,#3299,#3300);
#2708=AXIS2_PLACEMENT_3D('',#4163,#3302,#3303);
#2709=AXIS2_PLACEMENT_3D('',#4168,#3304,#3305);
#2710=AXIS2_PLACEMENT_3D('',#4174,#3307,#3308);
#2711=AXIS2_PLACEMENT_3D('',#4175,#3309,#3310);
#2712=AXIS2_PLACEMENT_3D('',#4176,#3311,#3312);
#2713=AXIS2_PLACEMENT_3D('',#4182,#3316,#3317);
#2714=AXIS2_PLACEMENT_3D('',#4186,#3320,#3321);
#2715=AXIS2_PLACEMENT_3D('',#4192,#3325,#3326);
#2716=AXIS2_PLACEMENT_3D('',#4199,#3328,#3329);
#2717=AXIS2_PLACEMENT_3D('',#4201,#3330,#3331);
#2718=AXIS2_PLACEMENT_3D('',#4206,#3332,#3333);
#2719=AXIS2_PLACEMENT_3D('',#4208,#3335,#3336);
#2720=AXIS2_PLACEMENT_3D('',#4216,#3341,#3342);
#2721=AXIS2_PLACEMENT_3D('',#4220,#3345,#3346);
#2722=AXIS2_PLACEMENT_3D('',#4227,#3347,#3348);
#2723=AXIS2_PLACEMENT_3D('',#4232,#3349,#3350);
#2724=AXIS2_PLACEMENT_3D('',#4233,#3351,#3352);
#2725=AXIS2_PLACEMENT_3D('',#4237,#3354,#3355);
#2726=AXIS2_PLACEMENT_3D('',#4239,#3357,#3358);
#2727=AXIS2_PLACEMENT_3D('',#4246,#3359,#3360);
#2728=AXIS2_PLACEMENT_3D('',#4255,#3361,#3362);
#2729=AXIS2_PLACEMENT_3D('',#4262,#3364,#3365);
#2730=AXIS2_PLACEMENT_3D('',#4271,#3368,#3369);
#2731=AXIS2_PLACEMENT_3D('',#4275,#3372,#3373);
#2732=AXIS2_PLACEMENT_3D('',#4282,#3375,#3376);
#2733=AXIS2_PLACEMENT_3D('',#4284,#3377,#3378);
#2734=AXIS2_PLACEMENT_3D('',#4289,#3379,#3380);
#2735=AXIS2_PLACEMENT_3D('',#4290,#3381,#3382);
#2736=AXIS2_PLACEMENT_3D('',#4291,#3383,#3384);
#2737=AXIS2_PLACEMENT_3D('',#4293,#3386,#3387);
#2738=AXIS2_PLACEMENT_3D('',#4295,#3389,#3390);
#2739=AXIS2_PLACEMENT_3D('',#4303,#3395,#3396);
#2740=AXIS2_PLACEMENT_3D('',#4307,#3399,#3400);
#2741=AXIS2_PLACEMENT_3D('',#4309,#3402,#3403);
#2742=AXIS2_PLACEMENT_3D('',#4315,#3407,#3408);
#2743=AXIS2_PLACEMENT_3D('',#4319,#3410,#3411);
#2744=AXIS2_PLACEMENT_3D('',#4322,#3413,#3414);
#2745=AXIS2_PLACEMENT_3D('',#4323,#3415,#3416);
#2746=AXIS2_PLACEMENT_3D('',#4327,#3419,#3420);
#2747=AXIS2_PLACEMENT_3D('',#4331,#3423,#3424);
#2748=AXIS2_PLACEMENT_3D('',#4332,#3425,#3426);
#2749=AXIS2_PLACEMENT_3D('',#4333,#3427,#3428);
#2750=AXIS2_PLACEMENT_3D('',#4334,#3429,#3430);
#2751=AXIS2_PLACEMENT_3D('',#4335,#3431,#3432);
#2752=AXIS2_PLACEMENT_3D('',#4336,#3433,#3434);
#2753=AXIS2_PLACEMENT_3D('',#4337,#3435,#3436);
#2754=AXIS2_PLACEMENT_3D('',#4338,#3437,#3438);
#2755=AXIS2_PLACEMENT_3D('',#4339,#3439,#3440);
#2756=AXIS2_PLACEMENT_3D('',#4340,#3441,#3442);
#2757=AXIS2_PLACEMENT_3D('',#4341,#3443,#3444);
#2758=AXIS2_PLACEMENT_3D('',#4356,#3445,#3446);
#2759=AXIS2_PLACEMENT_3D('',#4359,#3447,#3448);
#2760=AXIS2_PLACEMENT_3D('',#4374,#3449,#3450);
#2761=AXIS2_PLACEMENT_3D('',#4375,#3451,#3452);
#2762=AXIS2_PLACEMENT_3D('',#4392,#3453,#3454);
#2763=AXIS2_PLACEMENT_3D('',#4407,#3455,#3456);
#2764=AXIS2_PLACEMENT_3D('',#4409,#3457,#3458);
#2765=AXIS2_PLACEMENT_3D('',#4411,#3459,#3460);
#2766=AXIS2_PLACEMENT_3D('',#4412,#3461,#3462);
#2767=AXIS2_PLACEMENT_3D('',#4413,#3463,#3464);
#2768=AXIS2_PLACEMENT_3D('',#4415,#3466,#3467);
#2769=AXIS2_PLACEMENT_3D('',#4418,#3470,#3471);
#2770=AXIS2_PLACEMENT_3D('',#4420,#3473,#3474);
#2771=AXIS2_PLACEMENT_3D('',#4421,#3475,#3476);
#2772=AXIS2_PLACEMENT_3D('',#4422,#3477,#3478);
#2773=AXIS2_PLACEMENT_3D('',#4424,#3480,#3481);
#2774=AXIS2_PLACEMENT_3D('',#4425,#3482,#3483);
#2775=AXIS2_PLACEMENT_3D('',#4440,#3484,#3485);
#2776=AXIS2_PLACEMENT_3D('',#4441,#3486,#3487);
#2777=AXIS2_PLACEMENT_3D('',#4442,#3488,#3489);
#2778=AXIS2_PLACEMENT_3D('',#4444,#3491,#3492);
#2779=AXIS2_PLACEMENT_3D('',#4445,#3493,#3494);
#2780=AXIS2_PLACEMENT_3D('',#4446,#3495,#3496);
#2781=AXIS2_PLACEMENT_3D('',#4448,#3498,#3499);
#2782=AXIS2_PLACEMENT_3D('',#4449,#3500,#3501);
#2783=AXIS2_PLACEMENT_3D('',#4451,#3502,#3503);
#2784=AXIS2_PLACEMENT_3D('',#4455,#3507,#3508);
#2785=AXIS2_PLACEMENT_3D('',#4458,#3511,#3512);
#2786=AXIS2_PLACEMENT_3D('',#4460,#3514,#3515);
#2787=AXIS2_PLACEMENT_3D('',#4461,#3516,#3517);
#2788=AXIS2_PLACEMENT_3D('',#4462,#3518,#3519);
#2789=AXIS2_PLACEMENT_3D('',#4464,#3521,#3522);
#2790=AXIS2_PLACEMENT_3D('',#4465,#3523,#3524);
#2791=AXIS2_PLACEMENT_3D('',#4466,#3525,#3526);
#2792=AXIS2_PLACEMENT_3D('',#4467,#3527,#3528);
#2793=AXIS2_PLACEMENT_3D('',#4468,#3529,#3530);
#2794=AXIS2_PLACEMENT_3D('',#4469,#3531,#3532);
#2795=AXIS2_PLACEMENT_3D('',#4470,#3533,#3534);
#2796=AXIS2_PLACEMENT_3D('',#4471,#3535,#3536);
#2797=AXIS2_PLACEMENT_3D('',#4473,#3538,#3539);
#2798=AXIS2_PLACEMENT_3D('',#4474,#3540,#3541);
#2799=AXIS2_PLACEMENT_3D('',#4476,#3543,#3544);
#2800=DIRECTION('axis',(0.,0.,1.));
#2801=DIRECTION('refdir',(1.,0.,0.));
#2802=DIRECTION('center_axis',(1.6507631777954E-15,-1.,8.96180528071612E-16));
#2803=DIRECTION('ref_axis',(1.,1.6507631777954E-15,3.79488733991596E-31));
#2804=DIRECTION('center_axis',(1.37545806605182E-11,-1.,1.57487823159625E-10));
#2805=DIRECTION('ref_axis',(0.,-1.57487823159625E-10,-1.));
#2806=DIRECTION('center_axis',(1.6507631777954E-15,-1.,8.96180528071612E-16));
#2807=DIRECTION('ref_axis',(0.091723141218591,1.04381590584582E-15,0.995784547663296));
#2808=DIRECTION('',(-0.999964726916696,-1.64317783819523E-15,0.00839910247690567));
#2809=DIRECTION('center_axis',(-1.6507631777954E-15,1.,-8.96180528071612E-16));
#2810=DIRECTION('ref_axis',(0.704130988354971,0.,-0.71007010304494));
#2811=DIRECTION('',(4.01893354831583E-13,-8.96180528070949E-16,-1.));
#2812=DIRECTION('center_axis',(1.6507631777954E-15,-1.,8.96180528071612E-16));
#2813=DIRECTION('ref_axis',(-0.992212489522215,-1.52628253824505E-15,0.124556716543619));
#2814=DIRECTION('',(1.91824335829117E-26,-8.96180528071612E-16,-1.));
#2815=DIRECTION('center_axis',(-1.6507631777954E-15,1.,-8.96180528071612E-16));
#2816=DIRECTION('ref_axis',(0.707106781186544,1.04672830578918E-14,0.707106781186551));
#2817=DIRECTION('',(1.,1.6507631777954E-15,6.70130422465656E-25));
#2818=DIRECTION('center_axis',(-1.6507631777954E-15,1.,-8.96180528071612E-16));
#2819=DIRECTION('ref_axis',(-0.707106781186545,0.,0.70710678118655));
#2820=DIRECTION('',(-1.91824335829117E-26,8.96180528071612E-16,1.));
#2821=DIRECTION('center_axis',(1.6507631777954E-15,-1.,8.96180528071612E-16));
#2822=DIRECTION('ref_axis',(0.949556244512078,1.84853180884724E-15,0.313596776941535));
#2823=DIRECTION('center_axis',(1.37545806605182E-11,-1.,1.57487823159625E-10));
#2824=DIRECTION('ref_axis',(0.,-1.57487823159625E-10,-1.));
#2825=DIRECTION('',(-8.66410884504669E-21,3.14974750138722E-10,1.));
#2826=DIRECTION('center_axis',(-2.75075105578586E-11,1.,-3.14974750138722E-10));
#2827=DIRECTION('ref_axis',(-0.707106781186548,-2.42171060827385E-10,-0.707106781186548));
#2828=DIRECTION('',(-1.,-2.75075105578586E-11,8.66306871233316E-21));
#2829=DIRECTION('',(5.43678260295026E-10,-8.96180527174128E-16,-1.));
#2830=DIRECTION('',(-1.,-1.65076317828263E-15,-5.43678450947035E-10));
#2831=DIRECTION('center_axis',(1.6507631777954E-15,-1.,8.96180528071612E-16));
#2832=DIRECTION('ref_axis',(1.,1.6507631777954E-15,1.65273476998995E-30));
#2833=DIRECTION('',(1.,1.65076317828263E-15,5.43678008094999E-10));
#2834=DIRECTION('',(-5.43673845020914E-10,8.96180527174136E-16,1.));
#2835=DIRECTION('center_axis',(1.6507631777954E-15,-1.,8.96180528071612E-16));
#2836=DIRECTION('ref_axis',(1.,1.6507631777954E-15,1.56841610418606E-30));
#2837=DIRECTION('',(-1.,-1.65076317779531E-15,9.76480035691643E-14));
#2838=DIRECTION('center_axis',(1.6507631777954E-15,-1.,8.96180528071612E-16));
#2839=DIRECTION('ref_axis',(1.,1.6507631777954E-15,1.64989865654201E-30));
#2840=DIRECTION('',(1.,1.65076317779531E-15,-9.85400567158102E-14));
#2841=DIRECTION('center_axis',(1.6507631777954E-15,-1.,8.96180528071612E-16));
#2842=DIRECTION('ref_axis',(-1.,-1.6507631777954E-15,-1.56841610418606E-30));
#2843=DIRECTION('',(5.43673923251258E-10,-8.96180527174136E-16,-1.));
#2844=DIRECTION('',(-1.,-1.65076317828263E-15,-5.43674162152336E-10));
#2845=DIRECTION('',(-1.,-1.65076318023182E-15,-2.71867300840865E-9));
#2846=DIRECTION('',(-2.71867339791294E-9,8.96180523583726E-16,1.));
#2847=DIRECTION('center_axis',(1.6507631777954E-15,-1.,8.96180528071612E-16));
#2848=DIRECTION('ref_axis',(1.,1.6507631777954E-15,1.56841610418606E-30));
#2849=DIRECTION('',(1.,1.6507631777954E-15,-8.38681056686811E-31));
#2850=DIRECTION('center_axis',(1.6507631777954E-15,-1.,8.96180528071612E-16));
#2851=DIRECTION('ref_axis',(-1.,-1.6507631777954E-15,-1.67136151483525E-30));
#2852=DIRECTION('',(-1.,-1.6507631777954E-15,8.53787861445656E-31));
#2853=DIRECTION('center_axis',(1.6507631777954E-15,-1.,8.96180528071612E-16));
#2854=DIRECTION('ref_axis',(-1.,-1.6507631777954E-15,-1.56841610418606E-30));
#2855=DIRECTION('',(2.71867334684164E-9,-8.96180523583726E-16,-1.));
#2856=DIRECTION('center_axis',(2.75075105578586E-11,-1.,3.14974750138722E-10));
#2857=DIRECTION('ref_axis',(0.,-3.1497455149127E-10,-1.));
#2858=DIRECTION('center_axis',(-2.75075105578586E-11,1.,-3.14974750138722E-10));
#2859=DIRECTION('ref_axis',(0.429428246684367,-2.72641508135428E-10,-0.90310098048313));
#2860=DIRECTION('center_axis',(-0.844217981329476,-1.92048249843466E-10,
-0.535999999999985));
#2861=DIRECTION('ref_axis',(2.75068851144402E-11,-1.,3.1497470675279E-10));
#2862=DIRECTION('center_axis',(0.,-1.,0.));
#2863=DIRECTION('ref_axis',(1.,1.65076317779517E-15,5.81581716553292E-25));
#2864=DIRECTION('center_axis',(1.6507631777954E-15,-1.,8.96180528071612E-16));
#2865=DIRECTION('ref_axis',(1.,1.6507631777954E-15,5.81581716553292E-25));
#2866=DIRECTION('',(0.707106781176818,0.707106781196277,8.65956060335982E-17));
#2867=DIRECTION('center_axis',(-1.6507631777954E-15,1.,-8.96180528071612E-16));
#2868=DIRECTION('ref_axis',(1.,1.65076317779488E-15,5.81581716553292E-25));
#2869=DIRECTION('center_axis',(-2.7507625806796E-11,1.,-3.14974712978256E-10));
#2870=DIRECTION('ref_axis',(1.,2.7507625806796E-11,-8.66310501283414E-21));
#2871=DIRECTION('center_axis',(1.6507631777954E-15,-1.,8.96180528071612E-16));
#2872=DIRECTION('ref_axis',(1.,1.65076317779678E-15,5.81581716552221E-25));
#2873=DIRECTION('',(2.7507625806796E-11,-1.,3.14974712978256E-10));
#2874=DIRECTION('center_axis',(-1.6507631777954E-15,1.,-8.96180528071612E-16));
#2875=DIRECTION('ref_axis',(0.,8.96180528071612E-16,1.));
#2876=DIRECTION('center_axis',(1.6507631777954E-15,-1.,8.96180528071612E-16));
#2877=DIRECTION('ref_axis',(-0.798183421397331,-1.85748394291934E-15,-0.602414496676874));
#2878=DIRECTION('',(-1.91824335829117E-26,8.96180528071612E-16,1.));
#2879=DIRECTION('center_axis',(3.49720252756924E-15,-1.,1.98849088865274E-16));
#2880=DIRECTION('ref_axis',(1.,3.49720252756924E-15,1.23259516440783E-32));
#2881=DIRECTION('',(4.01893354831583E-13,-8.96180528070949E-16,-1.));
#2882=DIRECTION('center_axis',(-1.6507631777954E-15,1.,-8.96180528071612E-16));
#2883=DIRECTION('ref_axis',(1.,1.6507631777954E-15,5.81581716553681E-25));
#2884=DIRECTION('center_axis',(0.,1.,0.));
#2885=DIRECTION('ref_axis',(1.,1.65076317779589E-15,5.81581716553681E-25));
#2886=DIRECTION('center_axis',(1.6507631777954E-15,-1.,8.96180528071612E-16));
#2887=DIRECTION('ref_axis',(1.,1.65076317779633E-15,5.81581716553681E-25));
#2888=DIRECTION('',(-0.193884117416733,-0.707106781206193,-0.680006580104745));
#2889=DIRECTION('center_axis',(0.,-1.,0.));
#2890=DIRECTION('ref_axis',(-0.798183421397331,-1.85748394292084E-15,-0.602414496676874));
#2891=DIRECTION('center_axis',(-1.6507631777954E-15,1.,-8.96180528071612E-16));
#2892=DIRECTION('ref_axis',(-0.798183421397331,-1.85748394292269E-15,-0.602414496676874));
#2893=DIRECTION('center_axis',(-2.7507625806796E-11,1.,-3.14974712978256E-10));
#2894=DIRECTION('ref_axis',(-0.798183421397331,-2.11703916803481E-10,-0.602414496676874));
#2895=DIRECTION('',(-2.7507625806796E-11,1.,-3.14974712978256E-10));
#2896=DIRECTION('center_axis',(1.6507631777954E-15,-1.,8.96180528071612E-16));
#2897=DIRECTION('ref_axis',(-0.798183421397331,-1.85748394289598E-15,-0.602414496676874));
#2898=DIRECTION('',(2.75073297473227E-11,-1.,3.14974712978256E-10));
#2899=DIRECTION('center_axis',(-2.7507625806796E-11,1.,-3.14974712978256E-10));
#2900=DIRECTION('ref_axis',(1.,2.7507625806796E-11,-8.66310501283414E-21));
#2901=DIRECTION('',(-2.7507625806796E-11,1.,-3.14974712978256E-10));
#2902=DIRECTION('center_axis',(-1.6507631777954E-15,1.,-8.96180528071612E-16));
#2903=DIRECTION('ref_axis',(1.,1.6507631777942E-15,5.81581716554716E-25));
#2904=DIRECTION('center_axis',(1.65076317780889E-15,-1.,0.));
#2905=DIRECTION('ref_axis',(1.,1.65076317779517E-15,5.81581716553292E-25));
#2906=DIRECTION('center_axis',(1.6507631777954E-15,-1.,8.96180528071612E-16));
#2907=DIRECTION('ref_axis',(1.,1.6507631777954E-15,5.81581716553292E-25));
#2908=DIRECTION('',(0.707106781176825,0.70710678119627,8.65956060335992E-17));
#2909=DIRECTION('center_axis',(-1.6507631777954E-15,1.,-8.96180528071612E-16));
#2910=DIRECTION('ref_axis',(1.,1.65076317779487E-15,5.81581716553292E-25));
#2911=DIRECTION('center_axis',(-2.7507625806796E-11,1.,-3.14974712978256E-10));
#2912=DIRECTION('ref_axis',(1.,2.7507625806796E-11,-8.66310501283414E-21));
#2913=DIRECTION('center_axis',(1.6507631777954E-15,-1.,8.96180528071612E-16));
#2914=DIRECTION('ref_axis',(1.,1.65076317779679E-15,5.81581716554012E-25));
#2915=DIRECTION('',(2.7507625806796E-11,-1.,3.14974712978256E-10));
#2916=DIRECTION('center_axis',(-1.6507631777954E-15,1.,-8.96180528071612E-16));
#2917=DIRECTION('ref_axis',(0.,8.96180528071612E-16,1.));
#2918=DIRECTION('',(-0.999964726916696,-1.64317783819523E-15,0.00839910247690567));
#2919=DIRECTION('center_axis',(3.49720252756924E-15,-1.,1.98849088865274E-16));
#2920=DIRECTION('ref_axis',(1.,3.49720252756924E-15,1.23259516440783E-32));
#2921=DIRECTION('',(-1.,-1.6507631777954E-15,-5.81581716552724E-25));
#2922=DIRECTION('center_axis',(-1.6507631777954E-15,1.,-8.96180528071612E-16));
#2923=DIRECTION('ref_axis',(-1.,-1.6507631777954E-15,-5.81581716552714E-25));
#2924=DIRECTION('center_axis',(1.6507631777954E-15,-1.,8.96180528071612E-16));
#2925=DIRECTION('ref_axis',(0.635135178064321,1.74066850138909E-15,0.77240100050764));
#2926=DIRECTION('center_axis',(-1.6507631777954E-15,1.,-8.96180528071612E-16));
#2927=DIRECTION('ref_axis',(1.,1.6507631777954E-15,5.81581716551819E-25));
#2928=DIRECTION('center_axis',(-1.65076317780094E-15,1.,0.));
#2929=DIRECTION('ref_axis',(1.,1.65076317779578E-15,5.81581716551819E-25));
#2930=DIRECTION('center_axis',(1.6507631777954E-15,-1.,8.96180528071612E-16));
#2931=DIRECTION('ref_axis',(1.,1.65076317779612E-15,5.81581716551819E-25));
#2932=DIRECTION('center_axis',(1.65076317782919E-15,-1.,0.));
#2933=DIRECTION('ref_axis',(0.635135178064321,1.74066850138682E-15,0.77240100050764));
#2934=DIRECTION('center_axis',(-1.6507631777954E-15,1.,-8.96180528071612E-16));
#2935=DIRECTION('ref_axis',(0.635135178064321,1.74066850138447E-15,0.77240100050764));
#2936=DIRECTION('center_axis',(-1.65076317780368E-15,1.,0.));
#2937=DIRECTION('ref_axis',(-1.,-1.65076317779571E-15,-5.81581716552713E-25));
#2938=DIRECTION('center_axis',(1.6507631777954E-15,-1.,8.96180528071612E-16));
#2939=DIRECTION('ref_axis',(-1.,-1.65076317779599E-15,-5.81581716552713E-25));
#2940=DIRECTION('center_axis',(-2.7507625806796E-11,1.,-3.14974712978256E-10));
#2941=DIRECTION('ref_axis',(1.,2.7507625806796E-11,-8.66310501283415E-21));
#2942=DIRECTION('',(-2.7507625806796E-11,1.,-3.14974712978256E-10));
#2943=DIRECTION('center_axis',(-1.6507631777954E-15,1.,-8.96180528071612E-16));
#2944=DIRECTION('ref_axis',(1.,1.65076317779436E-15,5.81581716554725E-25));
#2945=DIRECTION('',(-2.7507625806796E-11,1.,-3.14974712978256E-10));
#2946=DIRECTION('center_axis',(-2.7507625806796E-11,1.,-3.14974712978256E-10));
#2947=DIRECTION('ref_axis',(0.635135178064321,2.60757844253937E-10,0.77240100050764));
#2948=DIRECTION('',(-2.7507625806796E-11,1.,-3.14974712978256E-10));
#2949=DIRECTION('center_axis',(1.6507631777954E-15,-1.,8.96180528071612E-16));
#2950=DIRECTION('ref_axis',(0.635135178064321,1.74066850137759E-15,0.77240100050764));
#2951=DIRECTION('center_axis',(-2.7507625806796E-11,1.,-3.14974712978256E-10));
#2952=DIRECTION('ref_axis',(-0.82577811578187,-2.00359398716643E-10,-0.56399512719149));
#2953=DIRECTION('',(-2.7507625806796E-11,1.,-3.14974712978256E-10));
#2954=DIRECTION('center_axis',(-1.6507631777954E-15,1.,-8.96180528071612E-16));
#2955=DIRECTION('ref_axis',(-1.,-1.6507631777945E-15,-5.81581716553831E-25));
#2956=DIRECTION('center_axis',(0.,-1.,0.));
#2957=DIRECTION('ref_axis',(1.,1.65076317779517E-15,5.81581716553292E-25));
#2958=DIRECTION('center_axis',(1.6507631777954E-15,-1.,8.96180528071612E-16));
#2959=DIRECTION('ref_axis',(1.,1.6507631777954E-15,5.81581716553292E-25));
#2960=DIRECTION('',(0.707106781176818,0.707106781196277,8.65956060335982E-17));
#2961=DIRECTION('center_axis',(-1.6507631777954E-15,1.,-8.96180528071612E-16));
#2962=DIRECTION('ref_axis',(1.,1.65076317779488E-15,5.81581716553292E-25));
#2963=DIRECTION('center_axis',(-1.6507631777954E-15,1.,-8.96180528071612E-16));
#2964=DIRECTION('ref_axis',(0.,8.96180528071612E-16,1.));
#2965=DIRECTION('center_axis',(1.6507631777954E-15,-1.,8.96180528071612E-16));
#2966=DIRECTION('ref_axis',(0.79818342139733,7.77739659419586E-16,-0.602414496676874));
#2967=DIRECTION('center_axis',(-1.6507631777954E-15,1.,-8.96180528071612E-16));
#2968=DIRECTION('ref_axis',(-1.,-1.6507631777954E-15,-5.81581716553024E-25));
#2969=DIRECTION('',(-1.91824335829117E-26,8.96180528071612E-16,1.));
#2970=DIRECTION('center_axis',(3.49720252756924E-15,-1.,1.98849088865274E-16));
#2971=DIRECTION('ref_axis',(1.,3.49720252756924E-15,1.23259516440783E-32));
#2972=DIRECTION('',(1.91824335829117E-26,-8.96180528071612E-16,-1.));
#2973=DIRECTION('center_axis',(-2.7507625806796E-11,1.,-3.14974712978256E-10));
#2974=DIRECTION('ref_axis',(1.,2.7507625806796E-11,-8.66310501283414E-21));
#2975=DIRECTION('center_axis',(1.6507631777954E-15,-1.,8.96180528071612E-16));
#2976=DIRECTION('ref_axis',(1.,1.65076317779678E-15,5.81581716552221E-25));
#2977=DIRECTION('',(2.7507625806796E-11,-1.,3.14974712978256E-10));
#2978=DIRECTION('center_axis',(0.,1.,0.));
#2979=DIRECTION('ref_axis',(-1.,-1.65076317779624E-15,-5.81581716553024E-25));
#2980=DIRECTION('',(-0.193884117411587,0.707106781224959,0.680006580086699));
#2981=DIRECTION('center_axis',(1.6507631777954E-15,-1.,8.96180528071612E-16));
#2982=DIRECTION('ref_axis',(-1.,-1.65076317779701E-15,-5.81581716553024E-25));
#2983=DIRECTION('center_axis',(0.,-1.,0.));
#2984=DIRECTION('ref_axis',(0.79818342139733,7.77739659416091E-16,-0.602414496676874));
#2985=DIRECTION('center_axis',(-1.6507631777954E-15,1.,-8.96180528071612E-16));
#2986=DIRECTION('ref_axis',(0.79818342139733,7.77739659411772E-16,-0.602414496676874));
#2987=DIRECTION('center_axis',(0.,-1.,0.));
#2988=DIRECTION('ref_axis',(-1.,-1.65076317779442E-15,-5.81581716555371E-25));
#2989=DIRECTION('center_axis',(-1.6507631777954E-15,1.,-8.96180528071612E-16));
#2990=DIRECTION('ref_axis',(-1.,-1.65076317779353E-15,-5.81581716555371E-25));
#2991=DIRECTION('',(0.193884117432652,0.707106781148131,-0.680006580160582));
#2992=DIRECTION('center_axis',(1.6507631777954E-15,-1.,8.96180528071612E-16));
#2993=DIRECTION('ref_axis',(-1.,-1.6507631777954E-15,-5.81581716555371E-25));
#2994=DIRECTION('center_axis',(-1.16726583674094E-15,0.707106781186545,
-0.70710678118655));
#2995=DIRECTION('ref_axis',(-1.,0.,1.65076317721381E-15));
#2996=DIRECTION('',(-1.,-1.6507631777954E-15,-5.81581716552724E-25));
#2997=DIRECTION('',(0.,0.70710678118655,0.707106781186545));
#2998=DIRECTION('',(1.,1.6507631777954E-15,5.81581716552724E-25));
#2999=DIRECTION('center_axis',(1.65076317783414E-15,-1.,0.));
#3000=DIRECTION('ref_axis',(-1.,-1.65076317779493E-15,-5.81581716553831E-25));
#3001=DIRECTION('center_axis',(1.6507631777954E-15,-1.,8.96180528071612E-16));
#3002=DIRECTION('ref_axis',(-1.,-1.6507631777954E-15,-5.81581716553831E-25));
#3003=DIRECTION('center_axis',(-1.65076317780862E-15,1.,0.));
#3004=DIRECTION('ref_axis',(0.635135178064321,1.74066850138344E-15,0.77240100050764));
#3005=DIRECTION('center_axis',(-1.6507631777954E-15,1.,-8.96180528071612E-16));
#3006=DIRECTION('ref_axis',(0.635135178064321,1.74066850138908E-15,0.77240100050764));
#3007=DIRECTION('center_axis',(1.65076317775609E-15,-1.,0.));
#3008=DIRECTION('ref_axis',(1.,1.65076317779486E-15,5.81581716554725E-25));
#3009=DIRECTION('center_axis',(1.6507631777954E-15,-1.,8.96180528071612E-16));
#3010=DIRECTION('ref_axis',(1.,1.6507631777954E-15,5.81581716554725E-25));
#3011=DIRECTION('center_axis',(-0.00593906231730185,0.707106781186552,-0.707081839350145));
#3012=DIRECTION('ref_axis',(-0.999964726916696,0.,0.00839910247690732));
#3013=DIRECTION('',(0.999964726916696,1.64317783819523E-15,-0.00839910247690567));
#3014=DIRECTION('',(-0.00593906231730215,-0.707106781186543,-0.707081839350155));
#3015=DIRECTION('',(-0.999964726916696,-1.64317783819523E-15,0.00839910247690567));
#3016=DIRECTION('center_axis',(0.,-1.,0.));
#3017=DIRECTION('ref_axis',(0.704130988354971,5.26002508006411E-16,-0.71007010304494));
#3018=DIRECTION('',(0.70710678125878,-0.707106781114315,2.86541873797594E-13));
#3019=DIRECTION('center_axis',(-1.6507631777954E-15,1.,-8.96180528071612E-16));
#3020=DIRECTION('ref_axis',(0.704130988354971,5.2600250800643E-16,-0.71007010304494));
#3021=DIRECTION('center_axis',(1.6507631777954E-15,-1.,8.96180528071612E-16));
#3022=DIRECTION('ref_axis',(0.704130988354971,5.2600250800639E-16,-0.71007010304494));
#3023=DIRECTION('center_axis',(0.707106781186557,0.707106781186538,2.83547821186661E-13));
#3024=DIRECTION('ref_axis',(4.00997174303512E-13,0.,-1.));
#3025=DIRECTION('',(4.01893354831583E-13,-8.96180528070949E-16,-1.));
#3026=DIRECTION('',(-4.01893354831583E-13,8.96180528070949E-16,1.));
#3027=DIRECTION('center_axis',(0.,-1.,0.));
#3028=DIRECTION('ref_axis',(1.,1.65076317779477E-15,5.81581716554716E-25));
#3029=DIRECTION('center_axis',(1.6507631777954E-15,-1.,8.96180528071612E-16));
#3030=DIRECTION('ref_axis',(1.,1.6507631777954E-15,5.81581716554716E-25));
#3031=DIRECTION('',(0.193884117427507,-0.7071067811669,0.680006580142532));
#3032=DIRECTION('center_axis',(0.,1.,0.));
#3033=DIRECTION('ref_axis',(-0.798183421397331,-1.85748394290889E-15,-0.602414496676874));
#3034=DIRECTION('',(0.707106781111703,-0.707106781261392,0.));
#3035=DIRECTION('center_axis',(-1.6507631777954E-15,1.,-8.96180528071612E-16));
#3036=DIRECTION('ref_axis',(-0.798183421397331,-1.85748394291934E-15,-0.602414496676874));
#3037=DIRECTION('center_axis',(0.707106781186546,0.707106781186549,-6.33695328553216E-16));
#3038=DIRECTION('ref_axis',(-8.96180528052435E-16,0.,-1.));
#3039=DIRECTION('',(-1.91824335829117E-26,8.96180528071612E-16,1.));
#3040=DIRECTION('',(0.707106781186549,-0.707106781186546,0.));
#3041=DIRECTION('',(1.91824335829117E-26,-8.96180528071612E-16,-1.));
#3042=DIRECTION('center_axis',(0.,-1.,0.));
#3043=DIRECTION('ref_axis',(-0.707106781186548,-1.80096116573826E-15,-0.707106781186548));
#3044=DIRECTION('center_axis',(-1.6507631777954E-15,1.,-8.96180528071612E-16));
#3045=DIRECTION('ref_axis',(-0.707106781186548,-1.80096116575498E-15,-0.707106781186548));
#3046=DIRECTION('',(0.707106781272161,0.707106781100934,0.));
#3047=DIRECTION('center_axis',(1.6507631777954E-15,-1.,8.96180528071612E-16));
#3048=DIRECTION('ref_axis',(-0.707106781186548,-1.80096116571896E-15,-0.707106781186548));
#3049=DIRECTION('center_axis',(0.,-1.,0.));
#3050=DIRECTION('ref_axis',(0.707106781186547,1.80096116571259E-15,0.707106781186547));
#3051=DIRECTION('',(0.,-0.707106781272165,0.70710678110093));
#3052=DIRECTION('center_axis',(-1.6507631777954E-15,1.,-8.96180528071612E-16));
#3053=DIRECTION('ref_axis',(0.707106781186548,1.80096116570772E-15,0.707106781186548));
#3054=DIRECTION('center_axis',(1.6507631777954E-15,-1.,8.96180528071612E-16));
#3055=DIRECTION('ref_axis',(0.707106781186548,1.80096116571896E-15,0.707106781186548));
#3056=DIRECTION('center_axis',(-0.707106781186544,0.707106781186551,-6.33695328580346E-16));
#3057=DIRECTION('ref_axis',(-8.96180528090805E-16,0.,1.));
#3058=DIRECTION('',(1.91824335829117E-26,-8.96180528071612E-16,-1.));
#3059=DIRECTION('',(-1.91824335829117E-26,8.96180528071612E-16,1.));
#3060=DIRECTION('center_axis',(-1.16726583762606E-15,0.707106781186559,
0.707106781186536));
#3061=DIRECTION('ref_axis',(1.,0.,1.65076317846559E-15));
#3062=DIRECTION('',(-1.,-1.6507631777954E-15,-6.70130422465656E-25));
#3063=DIRECTION('',(0.,-0.707106781186536,0.707106781186559));
#3064=DIRECTION('',(1.,1.6507631777954E-15,6.70130422465656E-25));
#3065=DIRECTION('center_axis',(0.,-1.,0.));
#3066=DIRECTION('ref_axis',(-0.707106781186547,-5.33570508594576E-16,0.707106781186547));
#3067=DIRECTION('',(-0.707106781114684,-0.707106781258411,0.));
#3068=DIRECTION('center_axis',(-1.6507631777954E-15,1.,-8.96180528071612E-16));
#3069=DIRECTION('ref_axis',(-0.707106781186548,-5.3357050860159E-16,0.707106781186548));
#3070=DIRECTION('center_axis',(1.6507631777954E-15,-1.,8.96180528071612E-16));
#3071=DIRECTION('ref_axis',(-0.707106781186548,-5.33570508585404E-16,0.707106781186548));
#3072=DIRECTION('center_axis',(0.,1.,0.));
#3073=DIRECTION('ref_axis',(0.79818342139733,7.77739659421385E-16,-0.602414496676874));
#3074=DIRECTION('center_axis',(1.6507631777954E-15,-1.,8.96180528071612E-16));
#3075=DIRECTION('ref_axis',(0.79818342139733,7.77739659423607E-16,-0.602414496676874));
#3076=DIRECTION('',(0.707106781127222,0.707106781245873,0.));
#3077=DIRECTION('center_axis',(-1.6507631777954E-15,1.,-8.96180528071612E-16));
#3078=DIRECTION('ref_axis',(0.79818342139733,7.77739659419587E-16,-0.602414496676874));
#3079=DIRECTION('center_axis',(-0.707106781186536,0.707106781186559,-6.33695328580353E-16));
#3080=DIRECTION('ref_axis',(-8.96180528090824E-16,0.,1.));
#3081=DIRECTION('',(1.91824335829117E-26,-8.96180528071612E-16,-1.));
#3082=DIRECTION('',(-1.91824335829117E-26,8.96180528071612E-16,1.));
#3083=DIRECTION('center_axis',(-2.75073297473227E-11,1.,-3.14974712978255E-10));
#3084=DIRECTION('ref_axis',(0.707106781186548,2.42171060827386E-10,0.707106781186548));
#3085=DIRECTION('',(2.75073297473227E-11,-1.,3.14974712978255E-10));
#3086=DIRECTION('center_axis',(2.30424829543849E-10,-1.,3.14974190520362E-10));
#3087=DIRECTION('ref_axis',(0.,3.14974190520362E-10,1.));
#3088=DIRECTION('',(-2.75073297473227E-11,1.,-3.14974712978255E-10));
#3089=DIRECTION('center_axis',(-1.19007908058684E-24,3.14974712978255E-10,
1.));
#3090=DIRECTION('ref_axis',(1.,3.77833227598E-15,-4.35764426803236E-32));
#3091=DIRECTION('',(-2.75073297473227E-11,1.,-3.14974712978255E-10));
#3092=DIRECTION('',(-1.,-1.6507631777954E-15,-6.70130422465656E-25));
#3093=DIRECTION('center_axis',(-2.75073297473227E-11,1.,-3.14974712978255E-10));
#3094=DIRECTION('ref_axis',(-0.707106781186548,2.03269711203997E-10,0.707106781186548));
#3095=DIRECTION('',(2.75073297473227E-11,-1.,3.14974712978255E-10));
#3096=DIRECTION('center_axis',(2.75074081160068E-11,-1.,7.32224738358662E-11));
#3097=DIRECTION('ref_axis',(-1.,-2.75074081160068E-11,0.));
#3098=DIRECTION('center_axis',(-1.,-2.75073297473227E-11,5.46909971588395E-27));
#3099=DIRECTION('ref_axis',(-7.07741487828556E-31,1.98849088865274E-16,
1.));
#3100=DIRECTION('',(-2.75073297473227E-11,1.,-3.14974712978256E-10));
#3101=DIRECTION('',(-2.75073297473227E-11,1.,-3.14974712978255E-10));
#3102=DIRECTION('',(1.91824335829117E-26,-8.96180528071612E-16,-1.));
#3103=DIRECTION('center_axis',(-2.7507625806796E-11,1.,-3.14974712978256E-10));
#3104=DIRECTION('ref_axis',(0.79818342139733,-1.67789574354279E-10,-0.602414496676874));
#3105=DIRECTION('',(2.7507625806796E-11,-1.,3.14974712978256E-10));
#3106=DIRECTION('center_axis',(-2.7507625806796E-11,1.,-3.14974712978256E-10));
#3107=DIRECTION('ref_axis',(-0.965417422789738,-1.08673093984747E-10,-0.260709032781799));
#3108=DIRECTION('',(-2.7507625806796E-11,1.,-3.14974712978256E-10));
#3109=DIRECTION('center_axis',(-1.,-2.75073297473227E-11,5.46909971588395E-27));
#3110=DIRECTION('ref_axis',(-7.07741487828556E-31,1.98849088865274E-16,
1.));
#3111=DIRECTION('',(-2.75073297473227E-11,1.,-3.14974712978255E-10));
#3112=DIRECTION('',(8.66410884504669E-21,-3.14974750138722E-10,-1.));
#3113=DIRECTION('',(-2.75073297473227E-11,1.,-3.14974712978255E-10));
#3114=DIRECTION('center_axis',(-2.75073297473227E-11,1.,-3.14974712978255E-10));
#3115=DIRECTION('ref_axis',(-0.707106781186547,-2.42171060827385E-10,-0.707106781186547));
#3116=DIRECTION('',(2.75073297473227E-11,-1.,3.14974712978255E-10));
#3117=DIRECTION('center_axis',(2.75098462528452E-11,-1.,3.14974712978255E-10));
#3118=DIRECTION('ref_axis',(0.,-3.14974712978255E-10,-1.));
#3119=DIRECTION('center_axis',(1.1015303746739E-24,-3.14974712978255E-10,
-1.));
#3120=DIRECTION('ref_axis',(-1.,-3.49720252756924E-15,-1.23259516440785E-32));
#3121=DIRECTION('',(-2.75073297473227E-11,1.,-3.14974712978255E-10));
#3122=DIRECTION('',(1.,2.75075105578586E-11,-8.66306871233316E-21));
#3123=DIRECTION('center_axis',(-1.6507631777954E-15,1.,-8.96180528071612E-16));
#3124=DIRECTION('ref_axis',(0.,8.96180528071612E-16,1.));
#3125=DIRECTION('center_axis',(-1.6507631777954E-15,1.,-8.96180528071612E-16));
#3126=DIRECTION('ref_axis',(1.,1.6507631777954E-15,5.81581716552221E-25));
#3127=DIRECTION('center_axis',(-1.6507631777954E-15,1.,-8.96180528071612E-16));
#3128=DIRECTION('ref_axis',(1.,1.6507631777954E-15,5.81581716554012E-25));
#3129=DIRECTION('center_axis',(-1.6507631777954E-15,1.,-8.96180528071612E-16));
#3130=DIRECTION('ref_axis',(1.,1.6507631777954E-15,1.67136151483525E-30));
#3131=DIRECTION('center_axis',(-1.6507631777954E-15,1.,-8.96180528071612E-16));
#3132=DIRECTION('ref_axis',(9.75278098979878E-14,8.96180528071773E-16,1.));
#3133=DIRECTION('',(-1.,-1.65076317779531E-15,9.8855787762401E-14));
#3134=DIRECTION('center_axis',(-1.6507631777954E-15,1.,-8.96180528071612E-16));
#3135=DIRECTION('ref_axis',(1.,1.6507631777954E-15,1.56841610418606E-30));
#3136=DIRECTION('',(1.,1.65076317779531E-15,-9.89171164516704E-14));
#3137=DIRECTION('center_axis',(-1.6507631777954E-15,1.,-8.96180528071612E-16));
#3138=DIRECTION('ref_axis',(1.,1.6507631777954E-15,1.64989865654201E-30));
#3139=DIRECTION('',(1.,1.6507631777954E-15,1.23259516440783E-32));
#3140=DIRECTION('center_axis',(-1.6507631777954E-15,1.,-8.96180528071612E-16));
#3141=DIRECTION('ref_axis',(-1.,-1.6507631777954E-15,-1.56841610418606E-30));
#3142=DIRECTION('',(-1.,-1.6507631777954E-15,-1.23259516440783E-32));
#3143=DIRECTION('center_axis',(-1.6507631777954E-15,1.,-8.96180528071612E-16));
#3144=DIRECTION('ref_axis',(2.00201308910969E-30,-8.96180528071612E-16,
-1.));
#3145=DIRECTION('center_axis',(-1.6507631777954E-15,1.,-8.96180528071612E-16));
#3146=DIRECTION('ref_axis',(1.,1.6507631777954E-15,5.81581716552221E-25));
#3147=DIRECTION('center_axis',(0.,1.,0.));
#3148=DIRECTION('ref_axis',(1.,1.65076317779602E-15,5.81581716552221E-25));
#3149=DIRECTION('',(0.707106781196277,-0.707106781176818,-8.65956052135005E-17));
#3150=DIRECTION('center_axis',(0.,1.,0.));
#3151=DIRECTION('ref_axis',(1.,1.65076317779602E-15,5.81581716552221E-25));
#3152=DIRECTION('',(0.707106781196277,-0.707106781176818,-8.65956052135005E-17));
#3153=DIRECTION('center_axis',(-1.65076317782892E-15,1.,0.));
#3154=DIRECTION('ref_axis',(1.,1.65076317779602E-15,5.81581716554012E-25));
#3155=DIRECTION('',(0.707106781196269,-0.707106781176826,-8.65956052134994E-17));
#3156=DIRECTION('center_axis',(-1.16726583715219E-15,0.707106781186549,
0.707106781186546));
#3157=DIRECTION('ref_axis',(1.,0.,1.65076317779541E-15));
#3158=DIRECTION('',(1.,1.6507631777954E-15,1.23259516440783E-32));
#3159=DIRECTION('',(-1.96261557335472E-15,0.707106781186548,-0.707106781186548));
#3160=DIRECTION('center_axis',(-1.16726583715217E-15,0.707106781186538,
-0.707106781186557));
#3161=DIRECTION('ref_axis',(-1.,0.,1.65076317779535E-15));
#3162=DIRECTION('',(1.9626155733547E-15,-0.707106781186555,-0.70710678118654));
#3163=DIRECTION('',(-1.,-1.6507631777954E-15,-1.23259516440783E-32));
#3164=DIRECTION('center_axis',(-2.77555756156301E-15,1.,0.));
#3165=DIRECTION('ref_axis',(-1.,-2.46425369669099E-15,-8.39381741380959E-31));
#3166=DIRECTION('center_axis',(1.6507631777954E-15,-1.,8.96180528071612E-16));
#3167=DIRECTION('ref_axis',(-1.,-3.38712109207675E-15,-1.23259516440783E-32));
#3168=DIRECTION('center_axis',(-2.77555756156295E-15,1.,0.));
#3169=DIRECTION('ref_axis',(1.57643070217946E-30,-6.3837105385097E-16,-1.));
#3170=DIRECTION('center_axis',(1.6507631777954E-15,-1.,8.96180528071612E-16));
#3171=DIRECTION('ref_axis',(9.80810094759796E-31,-2.77555756156289E-16,
-1.));
#3172=DIRECTION('center_axis',(-3.38712109207675E-15,1.,0.));
#3173=DIRECTION('ref_axis',(-0.00277744630780072,-9.40754697126287E-18,
-0.999996142888565));
#3174=DIRECTION('',(0.,1.,0.));
#3175=DIRECTION('center_axis',(-3.49720252756924E-15,1.,-1.98849088865274E-16));
#3176=DIRECTION('ref_axis',(1.,3.49720252756924E-15,1.23259516440783E-32));
#3177=DIRECTION('',(-3.38712109207675E-15,1.,0.));
#3178=DIRECTION('center_axis',(-1.6507631777954E-15,1.,-8.96180528071612E-16));
#3179=DIRECTION('ref_axis',(-1.,-3.38712109207675E-15,-1.23259516440783E-32));
#3180=DIRECTION('',(-3.38712109207675E-15,1.,0.));
#3181=DIRECTION('center_axis',(-3.49720252756924E-15,1.,-1.98849088865274E-16));
#3182=DIRECTION('ref_axis',(-1.,-3.38712109207675E-15,-1.23259516440783E-32));
#3183=DIRECTION('',(3.38712109207675E-15,-1.,0.));
#3184=DIRECTION('center_axis',(-1.6507631777954E-15,1.,-8.96180528071612E-16));
#3185=DIRECTION('ref_axis',(1.,3.38712109207675E-15,1.23259516440783E-32));
#3186=DIRECTION('',(-3.38712109207675E-15,1.,0.));
#3187=DIRECTION('center_axis',(-3.49720252756924E-15,1.,-1.98849088865274E-16));
#3188=DIRECTION('ref_axis',(1.,3.49720252756924E-15,1.23259516440783E-32));
#3189=DIRECTION('',(0.,1.,0.));
#3190=DIRECTION('center_axis',(-3.49720252756924E-15,1.,-1.98849088865274E-16));
#3191=DIRECTION('ref_axis',(1.,3.42133443644115E-15,1.23259516440783E-32));
#3192=DIRECTION('',(0.,1.,0.));
#3193=DIRECTION('center_axis',(-3.49720252756924E-15,1.,-1.98849088865274E-16));
#3194=DIRECTION('ref_axis',(1.,3.49720252756924E-15,1.23259516440783E-32));
#3195=DIRECTION('',(0.,1.,0.));
#3196=DIRECTION('center_axis',(-1.23259516440783E-32,0.,1.));
#3197=DIRECTION('ref_axis',(1.,3.49720252756924E-15,1.23259516440783E-32));
#3198=DIRECTION('',(-3.46944695195361E-15,1.,-2.77555756156289E-16));
#3199=DIRECTION('',(1.,3.49720252756924E-15,1.23259516440783E-32));
#3200=DIRECTION('',(1.,3.49720252756924E-15,1.23259516440783E-32));
#3201=DIRECTION('center_axis',(-1.38777878078141E-15,1.,0.));
#3202=DIRECTION('ref_axis',(1.,2.44506813937158E-15,9.59520874920013E-31));
#3203=DIRECTION('',(0.707106781186541,-0.707106781186554,-8.65956056235477E-17));
#3204=DIRECTION('center_axis',(1.6507631777954E-15,-1.,8.96180528071612E-16));
#3205=DIRECTION('ref_axis',(1.,3.50414142147315E-15,1.04000216996909E-32));
#3206=DIRECTION('center_axis',(-3.50414142147315E-15,1.,-2.77555756156289E-16));
#3207=DIRECTION('ref_axis',(1.,3.50414142147315E-15,1.04000216996909E-32));
#3208=DIRECTION('',(3.50414142147315E-15,-1.,2.77555756156289E-16));
#3209=DIRECTION('center_axis',(-1.6507631777954E-15,1.,-8.96180528071612E-16));
#3210=DIRECTION('ref_axis',(-1.,-3.50414142147315E-15,-1.04000216996909E-32));
#3211=DIRECTION('',(-3.50414142147315E-15,1.,-2.77555756156289E-16));
#3212=DIRECTION('center_axis',(-1.6507631777954E-15,1.,-8.96180528071612E-16));
#3213=DIRECTION('ref_axis',(-1.,-3.50414142147315E-15,-1.04000216996909E-32));
#3214=DIRECTION('',(-3.50414142147315E-15,1.,-2.77555756156289E-16));
#3215=DIRECTION('center_axis',(-3.49720252756924E-15,1.,-1.98849088865274E-16));
#3216=DIRECTION('ref_axis',(1.,3.50414142147315E-15,1.04000216996909E-32));
#3217=DIRECTION('center_axis',(-1.38777878078141E-15,1.,0.));
#3218=DIRECTION('ref_axis',(1.,2.43019908100606E-15,9.51383377204702E-31));
#3219=DIRECTION('',(0.70710678118654,-0.707106781186555,-8.65956056235477E-17));
#3220=DIRECTION('center_axis',(1.6507631777954E-15,-1.,8.96180528071612E-16));
#3221=DIRECTION('ref_axis',(1.,3.46944695195361E-15,2.0029671421627E-32));
#3222=DIRECTION('center_axis',(-3.46944695195361E-15,1.,-2.77555756156289E-16));
#3223=DIRECTION('ref_axis',(1.,3.46944695195361E-15,2.0029671421627E-32));
#3224=DIRECTION('',(3.46944695195361E-15,-1.,2.77555756156289E-16));
#3225=DIRECTION('center_axis',(-1.6507631777954E-15,1.,-8.96180528071612E-16));
#3226=DIRECTION('ref_axis',(1.,3.46944695195361E-15,2.0029671421627E-32));
#3227=DIRECTION('',(-3.46944695195361E-15,1.,-2.77555756156289E-16));
#3228=DIRECTION('center_axis',(-3.49720252756924E-15,1.,-1.98849088865274E-16));
#3229=DIRECTION('ref_axis',(-1.,-3.46944695195361E-15,-2.0029671421627E-32));
#3230=DIRECTION('',(-3.46944695195361E-15,1.,-2.77555756156289E-16));
#3231=DIRECTION('center_axis',(-3.49720252756924E-15,1.,-1.98849088865274E-16));
#3232=DIRECTION('ref_axis',(-1.,-3.46944695195361E-15,-2.0029671421627E-32));
#3233=DIRECTION('center_axis',(-2.77555756156277E-15,1.,0.));
#3234=DIRECTION('ref_axis',(9.75278098979878E-14,6.38344633989335E-16,1.));
#3235=DIRECTION('',(-7.06541606407683E-14,0.707106781186563,-0.707106781186532));
#3236=DIRECTION('',(-6.67289294940589E-14,-0.707106781186563,-0.707106781186532));
#3237=DIRECTION('center_axis',(1.6507631777954E-15,-1.,8.96180528071612E-16));
#3238=DIRECTION('ref_axis',(9.75278098979878E-14,2.77555756156628E-16,1.));
#3239=DIRECTION('center_axis',(-7.11122296555479E-14,0.707106781186546,
-0.70710678118655));
#3240=DIRECTION('ref_axis',(-1.,0.,1.00567879629466E-13));
#3241=DIRECTION('',(-1.,-1.65076317779531E-15,9.89171164516704E-14));
#3242=DIRECTION('center_axis',(6.87343320491794E-14,0.707106781186551,0.707106781186544));
#3243=DIRECTION('ref_axis',(1.,0.,-9.72050245846057E-14));
#3244=DIRECTION('',(1.,1.65076317779531E-15,-9.8855787762401E-14));
#3245=DIRECTION('center_axis',(-2.77555756156277E-15,1.,0.));
#3246=DIRECTION('ref_axis',(1.,2.46425369669099E-15,8.39381741380959E-31));
#3247=DIRECTION('center_axis',(1.6507631777954E-15,-1.,8.96180528071612E-16));
#3248=DIRECTION('ref_axis',(1.,3.38712109207675E-15,1.23259516440783E-32));
#3249=DIRECTION('center_axis',(-9.8855787762401E-14,-5.48759858456389E-28,
-1.));
#3250=DIRECTION('ref_axis',(-1.,-3.49720252756922E-15,9.8855787762401E-14));
#3251=DIRECTION('',(-3.46944695195361E-15,1.,-2.77555756156289E-16));
#3252=DIRECTION('',(-1.,-3.49720252756922E-15,9.8855787762401E-14));
#3253=DIRECTION('',(-5.5511151231259E-15,1.,0.));
#3254=DIRECTION('',(-1.,-3.49720252756922E-15,9.8855787762401E-14));
#3255=DIRECTION('',(-5.5511151231259E-15,1.,0.));
#3256=DIRECTION('center_axis',(-3.46944695195361E-15,1.,-2.77555756156289E-16));
#3257=DIRECTION('ref_axis',(9.75278098979878E-14,2.77555756156628E-16,1.));
#3258=DIRECTION('',(-3.46944695195361E-15,1.,-2.77555756156289E-16));
#3259=DIRECTION('center_axis',(-3.49720252756924E-15,1.,-1.98849088865274E-16));
#3260=DIRECTION('ref_axis',(9.75278098979878E-14,2.77555756156628E-16,1.));
#3261=DIRECTION('center_axis',(2.77555756156283E-15,-1.,0.));
#3262=DIRECTION('ref_axis',(9.75278098979878E-14,2.31653148535587E-16,1.));
#3263=DIRECTION('center_axis',(3.49720252756924E-15,-1.,1.98849088865274E-16));
#3264=DIRECTION('ref_axis',(9.75278098979878E-14,1.98849088865615E-16,1.));
#3265=DIRECTION('center_axis',(2.77555756156295E-15,-1.,0.));
#3266=DIRECTION('ref_axis',(8.20267624016046E-31,-2.31649787177325E-16,
-1.));
#3267=DIRECTION('center_axis',(-3.49720252756924E-15,1.,-1.98849088865274E-16));
#3268=DIRECTION('ref_axis',(9.80810094759796E-31,-2.77555756156289E-16,
-1.));
#3269=DIRECTION('center_axis',(3.49720252756924E-15,-1.,1.98849088865274E-16));
#3270=DIRECTION('ref_axis',(7.05556938973107E-31,-1.98849088865274E-16,
-1.));
#3271=DIRECTION('center_axis',(-3.46944695195361E-15,1.,-2.77555756156289E-16));
#3272=DIRECTION('ref_axis',(9.80810094759796E-31,-2.77555756156289E-16,
-1.));
#3273=DIRECTION('',(-3.46944695195361E-15,1.,-2.77555756156289E-16));
#3274=DIRECTION('center_axis',(2.77555756156283E-15,-1.,0.));
#3275=DIRECTION('ref_axis',(-1.,-3.44562894164953E-15,-6.91719065064101E-34));
#3276=DIRECTION('center_axis',(3.49720252756924E-15,-1.,1.98849088865274E-16));
#3277=DIRECTION('ref_axis',(-1.,-3.49720252756924E-15,9.56364150458544E-33));
#3278=DIRECTION('center_axis',(3.49720252756924E-15,-1.,1.98849088865274E-16));
#3279=DIRECTION('ref_axis',(1.,3.49720252756924E-15,1.23259516440783E-32));
#3280=DIRECTION('',(1.,7.85283633022926E-15,-8.53787861445656E-31));
#3281=DIRECTION('center_axis',(3.49720252756924E-15,-1.,1.98849088865274E-16));
#3282=DIRECTION('ref_axis',(1.,3.49720252756924E-15,1.17798144302159E-32));
#3283=DIRECTION('',(-1.,-7.77686512591019E-15,8.38681056686811E-31));
#3284=DIRECTION('center_axis',(3.46944695195369E-15,-1.,0.));
#3285=DIRECTION('ref_axis',(1.,3.50017633924235E-15,1.11884746885623E-32));
#3286=DIRECTION('center_axis',(1.92239328734041E-9,-0.707106781186553,-0.707106781186542));
#3287=DIRECTION('ref_axis',(-1.,0.,-2.71867465917183E-9));
#3288=DIRECTION('',(0.577350270759255,0.577350269189627,-0.577350267619996));
#3289=DIRECTION('',(1.,1.65076318023182E-15,2.71867300840865E-9));
#3290=DIRECTION('',(-0.577350267620004,0.577350269189618,-0.577350270759255));
#3291=DIRECTION('center_axis',(0.707106781186548,-0.707106781186548,1.92239299307818E-9));
#3292=DIRECTION('ref_axis',(2.71867424302217E-9,0.,-1.));
#3293=DIRECTION('',(-2.71867334684164E-9,8.96180523583726E-16,1.));
#3294=DIRECTION('center_axis',(-0.707106781186546,-0.707106781186549,-1.92239176180038E-9));
#3295=DIRECTION('ref_axis',(-2.71867250173242E-9,0.,1.));
#3296=DIRECTION('',(2.71867339791294E-9,-8.96180523583726E-16,-1.));
#3297=DIRECTION('center_axis',(2.77555756156277E-15,-1.,0.));
#3298=DIRECTION('ref_axis',(-1.,-2.46425369669099E-15,-8.39381741380959E-31));
#3299=DIRECTION('center_axis',(1.16726583715217E-15,-0.70710678118654,-0.707106781186555));
#3300=DIRECTION('ref_axis',(-1.,0.,-1.65076317779536E-15));
#3301=DIRECTION('',(1.,1.6507631777954E-15,-8.53787861445656E-31));
#3302=DIRECTION('center_axis',(1.38777878078141E-15,-1.,0.));
#3303=DIRECTION('ref_axis',(-1.,-2.44506813937158E-15,-9.59520874920013E-31));
#3304=DIRECTION('center_axis',(1.16726583715218E-15,-0.707106781186548,
0.707106781186548));
#3305=DIRECTION('ref_axis',(1.,0.,-1.6507631777954E-15));
#3306=DIRECTION('',(-1.,-1.6507631777954E-15,8.38681056686811E-31));
#3307=DIRECTION('center_axis',(2.77555756156283E-15,-1.,0.));
#3308=DIRECTION('ref_axis',(1.,2.46425369669099E-15,8.39381741380959E-31));
#3309=DIRECTION('center_axis',(-8.38681056686811E-31,-2.79336905835197E-45,
-1.));
#3310=DIRECTION('ref_axis',(-1.,-7.77686512591019E-15,8.38681056686811E-31));
#3311=DIRECTION('center_axis',(1.,3.38712109207675E-15,2.71867339791294E-9));
#3312=DIRECTION('ref_axis',(2.71867339791294E-9,-1.98849079357523E-16,-1.));
#3313=DIRECTION('',(-3.38712109207675E-15,1.,0.));
#3314=DIRECTION('',(2.35443853362502E-9,0.5,-0.866025403784439));
#3315=DIRECTION('',(2.71867339791294E-9,-1.98849079357523E-16,-1.));
#3316=DIRECTION('center_axis',(-2.71867300840865E-9,-9.20847468924068E-24,
1.));
#3317=DIRECTION('ref_axis',(1.,3.49720252810985E-15,2.71867300840865E-9));
#3318=DIRECTION('',(-3.38712109207675E-15,1.,0.));
#3319=DIRECTION('',(-1.,-3.49720252810985E-15,-2.71867300840865E-9));
#3320=DIRECTION('center_axis',(0.707106781186548,-0.707106781186547,3.84439218333646E-10));
#3321=DIRECTION('ref_axis',(5.43679156475553E-10,0.,-1.));
#3322=DIRECTION('',(0.577350268875731,0.577350269189626,0.577350269503521));
#3323=DIRECTION('',(-5.43678260295026E-10,8.96180527174128E-16,1.));
#3324=DIRECTION('',(-0.577350269503519,-0.577350269189628,0.57735026887573));
#3325=DIRECTION('center_axis',(-3.84437239040131E-10,-0.707106781186548,
0.707106781186548));
#3326=DIRECTION('ref_axis',(1.,0.,5.43676357331821E-10));
#3327=DIRECTION('',(-1.,-1.65076317828263E-15,-5.43678008094999E-10));
#3328=DIRECTION('center_axis',(1.38777878078148E-15,-1.,0.));
#3329=DIRECTION('ref_axis',(1.,2.50833368465656E-15,8.84196780292472E-31));
#3330=DIRECTION('center_axis',(-1.6507631777954E-15,1.,-8.96180528071612E-16));
#3331=DIRECTION('ref_axis',(1.,3.48120778907888E-15,1.23259516440783E-32));
#3332=DIRECTION('center_axis',(3.84439886715483E-10,-0.707106781186548,
-0.707106781186548));
#3333=DIRECTION('ref_axis',(-1.,0.,-5.43680101710213E-10));
#3334=DIRECTION('',(1.,1.65076317828263E-15,5.43678450947035E-10));
#3335=DIRECTION('center_axis',(-5.43678450947035E-10,-1.89265765819116E-24,
1.));
#3336=DIRECTION('ref_axis',(1.,3.49720252767735E-15,5.43678450947035E-10));
#3337=DIRECTION('',(-3.48120778907888E-15,1.,0.));
#3338=DIRECTION('',(0.866025403784437,0.500000000000002,4.70839350010304E-10));
#3339=DIRECTION('',(1.,3.49720252767735E-15,5.43678450947035E-10));
#3340=DIRECTION('',(-3.48120778907888E-15,1.,0.));
#3341=DIRECTION('center_axis',(-1.,-3.48120778907888E-15,-5.43678260295026E-10));
#3342=DIRECTION('ref_axis',(-5.43678260295026E-10,1.98849086963921E-16,
1.));
#3343=DIRECTION('',(-3.48120778907888E-15,1.,0.));
#3344=DIRECTION('',(5.43678260295026E-10,-1.98849086963921E-16,-1.));
#3345=DIRECTION('center_axis',(2.77555756156295E-15,-1.,0.));
#3346=DIRECTION('ref_axis',(1.,3.44562894164953E-15,6.91719065064079E-34));
#3347=DIRECTION('center_axis',(3.49720252756924E-15,-1.,1.98849088865274E-16));
#3348=DIRECTION('ref_axis',(1.,3.49720252756924E-15,-9.56364150458552E-33));
#3349=DIRECTION('center_axis',(-3.49720252756924E-15,1.,-1.98849088865274E-16));
#3350=DIRECTION('ref_axis',(1.,3.38712109207675E-15,1.23259516440783E-32));
#3351=DIRECTION('center_axis',(3.49720252756924E-15,-1.,1.98849088865274E-16));
#3352=DIRECTION('ref_axis',(1.,3.49720252756924E-15,1.23259516440783E-32));
#3353=DIRECTION('',(-1.,-3.49720252756922E-15,9.85400567158102E-14));
#3354=DIRECTION('center_axis',(3.49720252756924E-15,-1.,1.98849088865274E-16));
#3355=DIRECTION('ref_axis',(-1.,-3.49720252756924E-15,-1.45105004995281E-32));
#3356=DIRECTION('',(1.,3.49720252756922E-15,-9.76480035691643E-14));
#3357=DIRECTION('center_axis',(3.46944695195353E-15,-1.,0.));
#3358=DIRECTION('ref_axis',(-1.,-3.48530728087683E-15,-1.68758594661419E-32));
#3359=DIRECTION('center_axis',(1.38777878078144E-15,-1.,0.));
#3360=DIRECTION('ref_axis',(1.,2.43019908100606E-15,9.51383377204703E-31));
#3361=DIRECTION('center_axis',(-6.78802996559327E-14,-0.707106781186542,
-0.707106781186553));
#3362=DIRECTION('ref_axis',(-1.,0.,9.5997240391369E-14));
#3363=DIRECTION('',(1.,1.65076317779531E-15,-9.76480035691643E-14));
#3364=DIRECTION('center_axis',(-0.707106781186547,-0.707106781186549,-3.84434828872724E-10));
#3365=DIRECTION('ref_axis',(-5.43672948840387E-10,0.,1.));
#3366=DIRECTION('',(-0.577350268875741,0.577350269189616,-0.577350269503521));
#3367=DIRECTION('',(5.43673845020914E-10,-8.96180527174136E-16,-1.));
#3368=DIRECTION('center_axis',(3.84436854079664E-10,-0.707106781186555,
-0.70710678118654));
#3369=DIRECTION('ref_axis',(-1.,0.,-5.43675812915514E-10));
#3370=DIRECTION('',(0.577350269503514,0.577350269189627,-0.577350268875736));
#3371=DIRECTION('',(1.,1.65076317828263E-15,5.43674162152336E-10));
#3372=DIRECTION('center_axis',(0.70710678118655,-0.707106781186546,3.84436151580588E-10));
#3373=DIRECTION('ref_axis',(5.43674819431785E-10,0.,-1.));
#3374=DIRECTION('',(-5.43673923251258E-10,8.96180527174136E-16,1.));
#3375=DIRECTION('center_axis',(2.77555756156295E-15,-1.,0.));
#3376=DIRECTION('ref_axis',(-1.,-2.46425369669099E-15,-8.39381741380959E-31));
#3377=DIRECTION('center_axis',(-1.6507631777954E-15,1.,-8.96180528071612E-16));
#3378=DIRECTION('ref_axis',(-1.,-3.38712109207675E-15,-1.23259516440783E-32));
#3379=DIRECTION('center_axis',(2.77555756156295E-15,-1.,0.));
#3380=DIRECTION('ref_axis',(1.,2.46425369669099E-15,8.39381741380959E-31));
#3381=DIRECTION('center_axis',(-1.6507631777954E-15,1.,-8.96180528071612E-16));
#3382=DIRECTION('ref_axis',(1.,3.38712109207675E-15,1.23259516440783E-32));
#3383=DIRECTION('center_axis',(7.08456081594091E-14,-0.707106781186542,
0.707106781186553));
#3384=DIRECTION('ref_axis',(1.,0.,-1.00190819893605E-13));
#3385=DIRECTION('',(-1.,-1.65076317779531E-15,9.85400567158102E-14));
#3386=DIRECTION('center_axis',(9.76480035691643E-14,3.25233185613498E-28,
1.));
#3387=DIRECTION('ref_axis',(1.,3.49720252756922E-15,-9.76480035691643E-14));
#3388=DIRECTION('',(3.38712109207675E-15,-1.,0.));
#3389=DIRECTION('center_axis',(1.,3.38712109207675E-15,5.43673845020914E-10));
#3390=DIRECTION('ref_axis',(5.43673845020914E-10,-1.98849086963937E-16,
-1.));
#3391=DIRECTION('',(-3.38712109207675E-15,1.,0.));
#3392=DIRECTION('',(4.7083366760073E-10,0.500000000000001,-0.866025403784438));
#3393=DIRECTION('',(5.43673845020914E-10,-1.98849086963937E-16,-1.));
#3394=DIRECTION('',(-3.38712109207675E-15,1.,0.));
#3395=DIRECTION('center_axis',(1.35933953287056E-9,-0.866025403784439,-0.5));
#3396=DIRECTION('ref_axis',(0.,0.5,-0.866025403784439));
#3397=DIRECTION('',(-2.35443848939598E-9,-0.5,0.866025403784439));
#3398=DIRECTION('',(1.,3.49720252810985E-15,2.71867300840865E-9));
#3399=DIRECTION('center_axis',(3.49720252756924E-15,-1.,1.98849088865274E-16));
#3400=DIRECTION('ref_axis',(1.,3.49720252756924E-15,1.23259516440783E-32));
#3401=DIRECTION('',(-2.71867334684164E-9,1.98849079357523E-16,1.));
#3402=DIRECTION('center_axis',(2.71840109742399E-10,-0.866025403784438,
-0.500000000000001));
#3403=DIRECTION('ref_axis',(-1.,0.,-5.43680219484798E-10));
#3404=DIRECTION('',(-1.,-3.49720252767735E-15,-5.43674162152336E-10));
#3405=DIRECTION('',(-4.70833735350194E-10,-0.500000000000001,0.866025403784438));
#3406=DIRECTION('',(1.,3.49720252767735E-15,5.43674162152336E-10));
#3407=DIRECTION('center_axis',(3.49720252756924E-15,-1.,1.98849088865274E-16));
#3408=DIRECTION('ref_axis',(1.,3.49720252756924E-15,1.23259516440783E-32));
#3409=DIRECTION('',(-5.43673923251258E-10,1.98849086963936E-16,1.));
#3410=DIRECTION('center_axis',(-3.49720252756924E-15,1.,-1.98849088865274E-16));
#3411=DIRECTION('ref_axis',(1.,3.49720252756924E-15,1.23259516440783E-32));
#3412=DIRECTION('',(1.,3.49720252756922E-15,-9.89171164516704E-14));
#3413=DIRECTION('center_axis',(-3.49720252756924E-15,1.,-1.98849088865274E-16));
#3414=DIRECTION('ref_axis',(1.,3.49720252756924E-15,1.23259516440783E-32));
#3415=DIRECTION('center_axis',(0.500000000000002,-0.866025403784437,2.71839302355875E-10));
#3416=DIRECTION('ref_axis',(5.43678604711748E-10,0.,-1.));
#3417=DIRECTION('',(-0.866025403784437,-0.500000000000002,-4.70838966489191E-10));
#3418=DIRECTION('',(-5.43678260295026E-10,1.98849086963921E-16,1.));
#3419=DIRECTION('center_axis',(5.43678008094999E-10,1.8926561165312E-24,
-1.));
#3420=DIRECTION('ref_axis',(-1.,-3.49720252767735E-15,-5.43678008094999E-10));
#3421=DIRECTION('',(-3.48120778907888E-15,1.,0.));
#3422=DIRECTION('',(-1.,-3.49720252767735E-15,-5.43678008094999E-10));
#3423=DIRECTION('center_axis',(0.,1.,0.));
#3424=DIRECTION('ref_axis',(0.,0.,1.));
#3425=DIRECTION('center_axis',(1.,0.,0.));
#3426=DIRECTION('ref_axis',(0.,3.14965831194062E-10,1.));
#3427=DIRECTION('center_axis',(0.,0.,-1.));
#3428=DIRECTION('ref_axis',(0.,-1.,0.));
#3429=DIRECTION('center_axis',(-2.75068856581125E-11,1.,-3.14974712978257E-10));
#3430=DIRECTION('ref_axis',(0.,3.14974120859308E-10,1.));
#3431=DIRECTION('center_axis',(-8.666770952518E-21,3.14974712978257E-10,
1.));
#3432=DIRECTION('ref_axis',(-1.,-2.75157674423099E-11,0.));
#3433=DIRECTION('center_axis',(1.,2.75068856581125E-11,-8.66421772531201E-21));
#3434=DIRECTION('ref_axis',(2.75068856581125E-11,-1.,3.14974712978251E-10));
#3435=DIRECTION('center_axis',(8.66410884504669E-21,-3.14974750138722E-10,
-1.));
#3436=DIRECTION('ref_axis',(-0.707106781167094,-0.707106781206001,2.22720755449211E-10));
#3437=DIRECTION('center_axis',(0.,1.,0.));
#3438=DIRECTION('ref_axis',(0.,0.,1.));
#3439=DIRECTION('center_axis',(0.,0.,-1.));
#3440=DIRECTION('ref_axis',(1.,2.75157674423099E-11,0.));
#3441=DIRECTION('center_axis',(-1.,0.,0.));
#3442=DIRECTION('ref_axis',(0.,-1.,0.));
#3443=DIRECTION('center_axis',(1.,2.75075105578586E-11,-8.66306871233316E-21));
#3444=DIRECTION('ref_axis',(1.94503053781744E-11,-0.707106781409276,-0.707106780963819));
#3445=DIRECTION('center_axis',(1.6507631777954E-15,-1.,8.96180528071612E-16));
#3446=DIRECTION('ref_axis',(0.0741604385603214,0.,0.99724632330861));
#3447=DIRECTION('center_axis',(-1.6507631777954E-15,1.,-8.96180528071612E-16));
#3448=DIRECTION('ref_axis',(0.091723141218591,1.04854396766469E-15,0.995784547663296));
#3449=DIRECTION('center_axis',(0.300791058449176,6.67890317383249E-16,0.953690064516258));
#3450=DIRECTION('ref_axis',(2.22044604925016E-15,-1.,0.));
#3451=DIRECTION('center_axis',(1.6507631777954E-15,-1.,8.96180528071612E-16));
#3452=DIRECTION('ref_axis',(0.,0.,-1.));
#3453=DIRECTION('center_axis',(-1.6507631777954E-15,1.,-8.96180528071612E-16));
#3454=DIRECTION('ref_axis',(-0.992212489522216,-1.52655665885757E-15,0.124556716543619));
#3455=DIRECTION('center_axis',(-4.44089209850066E-15,1.,-1.79465855937782E-27));
#3456=DIRECTION('ref_axis',(0.704130988354972,4.736951571734E-15,-0.710070103044939));
#3457=DIRECTION('center_axis',(-0.999964726916696,-4.44073545454371E-15,
0.0083991024769059));
#3458=DIRECTION('ref_axis',(-0.0083991024769059,-3.15196757583181E-10,-0.999964726916696));
#3459=DIRECTION('center_axis',(2.7506885658101E-11,-1.,2.93848324497145E-11));
#3460=DIRECTION('ref_axis',(1.,2.75068856581129E-11,4.01900734914306E-13));
#3461=DIRECTION('center_axis',(-4.04121180963558E-13,0.,1.));
#3462=DIRECTION('ref_axis',(0.,-1.,0.));
#3463=DIRECTION('center_axis',(-0.999964726916696,-1.64317783819523E-15,
0.00839910247690567));
#3464=DIRECTION('ref_axis',(-0.00593906231636487,-0.707106781297992,-0.707081839238709));
#3465=DIRECTION('',(0.999964726916696,1.64317783819523E-15,-0.00839910247690567));
#3466=DIRECTION('center_axis',(-2.75073297473227E-11,1.,-3.14974712978255E-10));
#3467=DIRECTION('ref_axis',(0.704130988354971,-2.04285080537757E-10,-0.71007010304494));
#3468=DIRECTION('',(2.75073297473227E-11,-1.,3.14974712978255E-10));
#3469=DIRECTION('',(-2.75073297473227E-11,1.,-3.14974712978255E-10));
#3470=DIRECTION('center_axis',(4.01893354831583E-13,-8.96180528070949E-16,
-1.));
#3471=DIRECTION('ref_axis',(0.707106781196276,-0.707106781176819,2.82616642566969E-13));
#3472=DIRECTION('',(-4.01893354831583E-13,8.96180528070949E-16,1.));
#3473=DIRECTION('center_axis',(2.75075105578586E-11,-1.,3.14974750138722E-10));
#3474=DIRECTION('ref_axis',(0.,-3.14974551491267E-10,-1.));
#3475=DIRECTION('center_axis',(-2.75075105578586E-11,1.,-3.14974750138722E-10));
#3476=DIRECTION('ref_axis',(-0.971514604240291,4.79186752006588E-11,0.236979690580924));
#3477=DIRECTION('center_axis',(-1.91824335829117E-26,8.96180528071612E-16,
1.));
#3478=DIRECTION('ref_axis',(0.707106781196276,-0.707106781176819,0.));
#3479=DIRECTION('',(-1.91824335829117E-26,8.96180528071612E-16,1.));
#3480=DIRECTION('center_axis',(1.,1.6507631777954E-15,6.70130422465656E-25));
#3481=DIRECTION('ref_axis',(3.14018491786209E-15,-0.70710678107519,0.707106781297905));
#3482=DIRECTION('center_axis',(-1.91824335829117E-26,8.96180528071612E-16,
1.));
#3483=DIRECTION('ref_axis',(-0.707106781176823,-0.707106781196273,0.));
#3484=DIRECTION('center_axis',(1.6507631777954E-15,-1.,8.96180528071612E-16));
#3485=DIRECTION('ref_axis',(0.,0.,-1.));
#3486=DIRECTION('center_axis',(-1.6507631777954E-15,1.,-8.96180528071612E-16));
#3487=DIRECTION('ref_axis',(0.949556244512078,1.85037170768292E-15,0.313596776941535));
#3488=DIRECTION('center_axis',(-2.75073297473227E-11,1.,-3.14974712978255E-10));
#3489=DIRECTION('ref_axis',(1.,2.75073297473227E-11,-8.66301176158653E-21));
#3490=DIRECTION('',(-2.75073297473227E-11,1.,-3.14974712978255E-10));
#3491=DIRECTION('center_axis',(-2.75073297473227E-11,1.,-3.14974712978255E-10));
#3492=DIRECTION('ref_axis',(1.,2.75073297473227E-11,-8.66301176158653E-21));
#3493=DIRECTION('center_axis',(8.53787861445656E-31,2.84368482576733E-45,
1.));
#3494=DIRECTION('ref_axis',(1.,7.85283633022926E-15,-8.53787861445656E-31));
#3495=DIRECTION('center_axis',(-9.85400567158102E-14,-3.28204319441285E-28,
-1.));
#3496=DIRECTION('ref_axis',(-1.,-3.49720252756922E-15,9.85400567158102E-14));
#3497=DIRECTION('',(-3.38712109207675E-15,1.,0.));
#3498=DIRECTION('center_axis',(-3.38712109207675E-15,1.,0.));
#3499=DIRECTION('ref_axis',(0.0352514168740287,1.19400817619613E-16,-0.999378475657933));
#3500=DIRECTION('center_axis',(-3.49720252756924E-15,1.,-1.98849088865274E-16));
#3501=DIRECTION('ref_axis',(1.,3.49720252756924E-15,1.23259516440783E-32));
#3502=DIRECTION('center_axis',(-3.49720252756924E-15,1.,-1.98849088865274E-16));
#3503=DIRECTION('ref_axis',(1.,3.42133443644116E-15,1.23259516440783E-32));
#3504=DIRECTION('',(-5.5511151231259E-15,1.,0.));
#3505=DIRECTION('',(-3.38712109207675E-15,1.,0.));
#3506=DIRECTION('',(-5.5511151231259E-15,1.,0.));
#3507=DIRECTION('center_axis',(1.23259516440783E-32,0.,-1.));
#3508=DIRECTION('ref_axis',(-1.,-3.49720252756924E-15,-1.23259516440783E-32));
#3509=DIRECTION('',(-1.,-3.49720252756924E-15,-1.23259516440783E-32));
#3510=DIRECTION('',(-1.,-3.49720252756924E-15,-1.23259516440783E-32));
#3511=DIRECTION('center_axis',(3.49720252756924E-15,-1.,1.98849088865274E-16));
#3512=DIRECTION('ref_axis',(0.,-1.98849088865274E-16,-1.));
#3513=DIRECTION('',(1.,3.49720252756922E-15,-9.89171164516704E-14));
#3514=DIRECTION('center_axis',(9.89171164516704E-14,5.49100301070874E-28,
1.));
#3515=DIRECTION('ref_axis',(1.,3.49720252756922E-15,-9.89171164516704E-14));
#3516=DIRECTION('center_axis',(3.49720252756924E-15,-1.,1.98849088865274E-16));
#3517=DIRECTION('ref_axis',(0.,-1.98849088865274E-16,-1.));
#3518=DIRECTION('center_axis',(-5.43674162152336E-10,-1.84149022184333E-24,
1.));
#3519=DIRECTION('ref_axis',(1.,3.49720252767735E-15,5.43674162152336E-10));
#3520=DIRECTION('',(-3.38712109207675E-15,1.,0.));
#3521=DIRECTION('center_axis',(-1.,-3.38712109207675E-15,-5.43673923251258E-10));
#3522=DIRECTION('ref_axis',(-5.43673923251258E-10,1.98849086963936E-16,
1.));
#3523=DIRECTION('center_axis',(3.49720252756924E-15,-1.,1.98849088865274E-16));
#3524=DIRECTION('ref_axis',(1.,3.49720252756924E-15,1.23259516440783E-32));
#3525=DIRECTION('center_axis',(-1.,-3.38712109207675E-15,-2.71867334684164E-9));
#3526=DIRECTION('ref_axis',(-2.71867334684164E-9,1.98849079357523E-16,1.));
#3527=DIRECTION('center_axis',(3.49720252756924E-15,-1.,1.98849088865274E-16));
#3528=DIRECTION('ref_axis',(1.,3.49720252756924E-15,1.23259516440783E-32));
#3529=DIRECTION('center_axis',(-3.48120778907888E-15,1.,0.));
#3530=DIRECTION('ref_axis',(1.,3.48120778907888E-15,1.23259516440783E-32));
#3531=DIRECTION('center_axis',(-3.49720252756924E-15,1.,-1.98849088865274E-16));
#3532=DIRECTION('ref_axis',(1.,3.49720252756924E-15,1.23259516440783E-32));
#3533=DIRECTION('center_axis',(3.49720252756924E-15,-1.,1.98849088865274E-16));
#3534=DIRECTION('ref_axis',(1.,3.49720252756924E-15,1.23259516440783E-32));
#3535=DIRECTION('center_axis',(1.,2.75073297473227E-11,-5.46909971588395E-27));
#3536=DIRECTION('ref_axis',(7.07741487828556E-31,-1.98849088865274E-16,
-1.));
#3537=DIRECTION('',(-2.75073297473227E-11,1.,-3.14974712978255E-10));
#3538=DIRECTION('center_axis',(-0.00839910247690567,-3.1519463973038E-10,
-0.999964726916696));
#3539=DIRECTION('ref_axis',(-0.999964726916696,-4.36276522578975E-15,0.00839910247690567));
#3540=DIRECTION('center_axis',(1.,2.75073297474493E-11,4.01893354831558E-13));
#3541=DIRECTION('ref_axis',(4.01893354831563E-13,-1.98849088863869E-16,
-1.));
#3542=DIRECTION('',(-2.75073297473227E-11,1.,-3.14974712978255E-10));
#3543=DIRECTION('center_axis',(-2.75073297473227E-11,1.,-3.14974712978255E-10));
#3544=DIRECTION('ref_axis',(-0.992212489526588,1.19390999030488E-11,0.124556716508786));
#3545=CARTESIAN_POINT('',(0.,0.,0.));
#3546=CARTESIAN_POINT('Origin',(-9.76996261670138E-14,-73.2999999999998,
13.941059658638));
#3547=CARTESIAN_POINT('',(-4.76845032259508,-73.2999999999998,7.8860733777366));
#3548=CARTESIAN_POINT('',(-4.87343203424005,-73.2999999919471,7.50000010430814));
#3549=CARTESIAN_POINT('Origin',(-6.8586110663833E-12,-73.3000000011902,
6.38211808556943));
#3550=CARTESIAN_POINT('',(4.85374810033831,-73.2999999999998,7.58258856756408));
#3551=CARTESIAN_POINT('Origin',(-1.37350759236792E-11,-73.2999999999998,
6.38211808549069));
#3552=CARTESIAN_POINT('',(11.6633142584508,-73.2999999999998,7.52539230609033));
#3553=CARTESIAN_POINT('',(7.31772520333139,-73.2999999999998,7.56189264136617));
#3554=CARTESIAN_POINT('',(14.1843120146431,-73.2999999999998,10.0253041233831));
#3555=CARTESIAN_POINT('Origin',(11.6843120146431,-73.2999999999998,10.0253041233821));
#3556=CARTESIAN_POINT('',(14.1843120146417,-73.2999999999998,13.5170779246219));
#3557=CARTESIAN_POINT('',(14.1843120146415,-73.2999999999998,13.9153445196472));
#3558=CARTESIAN_POINT('',(15.2965925826115,-73.2999999999998,23.2249371853794));
#3559=CARTESIAN_POINT('Origin',(15.7965925826115,-73.2999999999998,18.2499999998464));
#3560=CARTESIAN_POINT('',(15.2965925826115,-73.2999999999998,24.3000003872727));
#3561=CARTESIAN_POINT('',(15.2965925826115,-73.2999999999998,19.9705300230341));
#3562=CARTESIAN_POINT('',(14.0965925826115,-73.2999999999998,25.5000003872727));
#3563=CARTESIAN_POINT('Origin',(14.0965925826115,-73.2999999999998,24.3000003872727));
#3564=CARTESIAN_POINT('',(-14.0965925826392,-73.2999999999998,25.5000003872727));
#3565=CARTESIAN_POINT('',(-7.89829629131277,-73.2999999999998,25.5000003872727));
#3566=CARTESIAN_POINT('',(-15.2965925826392,-73.2999999999998,24.3000003872727));
#3567=CARTESIAN_POINT('Origin',(-14.0965925826392,-73.2999999999998,24.3000003872727));
#3568=CARTESIAN_POINT('',(-15.2965925826392,-73.2999999999998,23.2249371853795));
#3569=CARTESIAN_POINT('',(-15.2965925826392,-73.2999999999998,18.3455298293209));
#3570=CARTESIAN_POINT('',(-13.1165925826255,-73.2999999999999,14.0289100933565));
#3571=CARTESIAN_POINT('Origin',(-15.7965925826392,-73.2999999999998,18.2499999998464));
#3572=CARTESIAN_POINT('',(-14.1843120146555,-73.299999990308,13.5170779247794));
#3573=CARTESIAN_POINT('Origin',(-15.7965925826323,-73.2999999995385,18.2499999999251));
#3574=CARTESIAN_POINT('',(-14.1843120146555,-73.2999999914158,10.0000001043081));
#3575=CARTESIAN_POINT('',(-14.1843120146555,-73.2999999912431,10.5481948275612));
#3576=CARTESIAN_POINT('',(-11.6843120146555,-73.2999999921344,7.50000010430814));
#3577=CARTESIAN_POINT('Origin',(-11.6843120146555,-73.299999991347,10.0000001043081));
#3578=CARTESIAN_POINT('',(-2.632509173819,-73.2999999918854,7.50000010430814));
#3579=CARTESIAN_POINT('',(-4.53303437637014,-73.2999999999998,21.9879830624889));
#3580=CARTESIAN_POINT('',(-4.53303437430438,-73.2999999999998,18.1883864520938));
#3581=CARTESIAN_POINT('',(-4.53303437325853,-73.2999999999998,16.2647230541337));
#3582=CARTESIAN_POINT('',(-0.872252639184593,-73.2999999999998,21.9879830644792));
#3583=CARTESIAN_POINT('',(-2.06651719037259,-73.2999999999998,21.9879830638299));
#3584=CARTESIAN_POINT('',(-0.805474740394544,-73.2999999999998,18.1883864541204));
#3585=CARTESIAN_POINT('Origin',(1.9500203422036,-73.2999999999998,20.1371993876206));
#3586=CARTESIAN_POINT('',(-0.295009859056392,-73.2999999999998,18.188386454398));
#3587=CARTESIAN_POINT('',(-6.54129556576805,-73.2999999999998,15.4860018382651));
#3588=CARTESIAN_POINT('',(-6.54129556769799,-73.2999999999998,19.0358160591365));
#3589=CARTESIAN_POINT('',(-6.54129556620432,-73.2999999999998,16.2884378571091));
#3590=CARTESIAN_POINT('',(-5.12928860778762,-73.2999999999998,13.6529293547759));
#3591=CARTESIAN_POINT('Origin',(-8.34702320533103,-73.2999999999998,12.6346911411087));
#3592=CARTESIAN_POINT('',(-3.47984869763432,-73.2999999999998,13.6529293547757));
#3593=CARTESIAN_POINT('',(-2.71848527032982,-73.2999999999998,13.6529293547756));
#3594=CARTESIAN_POINT('',(-3.52772326887628,-73.2999999999998,11.6532072794009));
#3595=CARTESIAN_POINT('Origin',(-2.25526226529256,-73.2999999999998,12.6231778946046));
#3596=CARTESIAN_POINT('',(-5.11788796053135,-73.2999999999998,11.653207279401));
#3597=CARTESIAN_POINT('',(-1.65563054027024,-73.2999999999998,11.6532072794007));
#3598=CARTESIAN_POINT('',(-10.3339962682825,-73.2999999999998,15.3627972693789));
#3599=CARTESIAN_POINT('Origin',(-8.34702320533103,-73.2999999999998,12.6346911411087));
#3600=CARTESIAN_POINT('',(-10.3339962702794,-73.2999999999998,19.0358160570745));
#3601=CARTESIAN_POINT('',(-10.3339962678385,-73.2999999999998,14.5460627337452));
#3602=CARTESIAN_POINT('',(-4.9669981365247,-73.2999999999998,19.0358160599924));
#3603=CARTESIAN_POINT('',(10.2523135329705,-73.2999999999998,19.0639299524173));
#3604=CARTESIAN_POINT('',(6.46821986991278,-73.2999999999998,19.0639299421296));
#3605=CARTESIAN_POINT('',(3.43410992799264,-73.2999999999998,19.0639299338808));
#3606=CARTESIAN_POINT('',(10.2523135429374,-73.2999999999998,15.3978558009571));
#3607=CARTESIAN_POINT('',(10.252313540478,-73.2999999999998,16.302494819464));
#3608=CARTESIAN_POINT('',(5.1323734018174,-73.2999999999998,11.5992542285674));
#3609=CARTESIAN_POINT('Origin',(8.35311814354553,-73.2999999999998,12.6079307419405));
#3610=CARTESIAN_POINT('',(3.56882404179154,-73.2999999999998,11.5992542285674));
#3611=CARTESIAN_POINT('',(2.72052525502361,-73.2999999999998,11.5992542285674));
#3612=CARTESIAN_POINT('',(3.61467526126043,-73.2999999999998,13.6015326367965));
#3613=CARTESIAN_POINT('Origin',(2.34420062885914,-73.2999999999998,12.6289617096016));
#3614=CARTESIAN_POINT('',(5.12769099748587,-73.2999999999998,13.6015326367965));
#3615=CARTESIAN_POINT('',(1.69939589883431,-73.2999999999998,13.6015326367965));
#3616=CARTESIAN_POINT('',(6.46821987985332,-73.2999999999998,15.4075349167356));
#3617=CARTESIAN_POINT('Origin',(8.35311814354553,-73.2999999999998,12.6079307419405));
#3618=CARTESIAN_POINT('',(6.46821988214809,-73.2999999999998,14.5634581781646));
#3619=CARTESIAN_POINT('Origin',(-15.7965925826392,-72.7999999888616,18.2499999998464));
#3620=CARTESIAN_POINT('',(-13.3845925826393,-72.7999999899918,14.4510190838637));
#3621=CARTESIAN_POINT('',(-14.6843120146692,-72.7999999902044,13.8896293804934));
#3622=CARTESIAN_POINT('Origin',(-15.7965925826392,-72.7999999888616,18.2499999998464));
#3623=CARTESIAN_POINT('Ctrl Pts',(-14.6843120146692,-72.7999999902044,13.8896293804934));
#3624=CARTESIAN_POINT('Ctrl Pts',(-14.6843120146678,-72.8520299342974,13.8896293805098));
#3625=CARTESIAN_POINT('Ctrl Pts',(-14.6762028555186,-72.9030193216934,13.8833175108157));
#3626=CARTESIAN_POINT('Ctrl Pts',(-14.6438630330645,-73.0048577228065,13.8582959469273));
#3627=CARTESIAN_POINT('Ctrl Pts',(-14.618540201752,-73.0534130867426,13.8387608095144));
#3628=CARTESIAN_POINT('Ctrl Pts',(-14.5488733371055,-73.1483259160047,13.7855455230662));
#3629=CARTESIAN_POINT('Ctrl Pts',(-14.5019175153971,-73.1908891488925,13.7499890603423));
#3630=CARTESIAN_POINT('Ctrl Pts',(-14.4108008434242,-73.2482427872344,13.6819724517435));
#3631=CARTESIAN_POINT('Ctrl Pts',(-14.3682315967673,-73.2671789253449,13.650495440836));
#3632=CARTESIAN_POINT('Ctrl Pts',(-14.2797794357851,-73.2930000310463,13.5857975939583));
#3633=CARTESIAN_POINT('Ctrl Pts',(-14.2336818595084,-73.2996983234149,13.5524320909726));
#3634=CARTESIAN_POINT('Ctrl Pts',(-14.1864161010087,-73.2999966696573,13.5185841623149));
#3635=CARTESIAN_POINT('Ctrl Pts',(-14.1853640999298,-73.2999999903078,13.5178309838139));
#3636=CARTESIAN_POINT('Ctrl Pts',(-14.1843120146555,-73.299999990308,13.5170779247794));
#3637=CARTESIAN_POINT('Origin',(-13.1165925826393,-72.7999999901174,14.028910093199));
#3638=CARTESIAN_POINT('Origin',(15.7965925824767,-68.0999999999887,18.249999998303));
#3639=CARTESIAN_POINT('',(13.6965925824657,-68.2999999999998,18.249999998303));
#3640=CARTESIAN_POINT('Origin',(15.7965925824767,-68.2999999999998,18.249999998303));
#3641=CARTESIAN_POINT('',(14.0965925824767,-67.8999999999777,18.249999998303));
#3642=CARTESIAN_POINT('',(13.8965925824712,-68.0999999999887,18.249999998303));
#3643=CARTESIAN_POINT('Origin',(15.7965925824767,-67.8999999999777,18.249999998303));
#3644=CARTESIAN_POINT('Origin',(15.7965925824877,-68.2999999999998,18.249999998429));
#3645=CARTESIAN_POINT('',(14.0965925824162,-65.6999999999777,18.24999999761));
#3646=CARTESIAN_POINT('Origin',(15.7965925824162,-65.6999999999777,18.24999999761));
#3647=CARTESIAN_POINT('',(14.0965925824877,-68.3000000000465,18.249999998429));
#3648=CARTESIAN_POINT('Origin',(-1.3763525241546E-10,-68.2999999999998,
14.0027042617001));
#3649=CARTESIAN_POINT('',(15.7965925824877,-68.2999999999998,22.9794992721438));
#3650=CARTESIAN_POINT('',(16.9207861308577,-68.2999999999998,22.1928655635482));
#3651=CARTESIAN_POINT('Origin',(17.4965925824767,-68.2999999999997,24.2123820726085));
#3652=CARTESIAN_POINT('',(15.7965925824877,-68.2999999999998,22.749999998429));
#3653=CARTESIAN_POINT('',(15.7965925824877,-68.2999999999998,20.0013523245652));
#3654=CARTESIAN_POINT('',(14.6843120145178,-68.2999999999998,13.889629379076));
#3655=CARTESIAN_POINT('Origin',(15.7965925824877,-68.2999999999998,18.249999998429));
#3656=CARTESIAN_POINT('',(14.6843120145176,-68.2999999999998,14.3037572361356));
#3657=CARTESIAN_POINT('',(14.6843120145177,-68.2999999999998,13.9461668211784));
#3658=CARTESIAN_POINT('Origin',(15.7965925824767,-68.2999999999998,18.249999998303));
#3659=CARTESIAN_POINT('Origin',(15.7965925824767,-68.0999999999775,18.249999998303));
#3660=CARTESIAN_POINT('',(14.6843120145067,-67.8999999999553,13.88962937895));
#3661=CARTESIAN_POINT('Ctrl Pts',(14.6843120145068,-67.8999999999553,13.88962937895));
#3662=CARTESIAN_POINT('Ctrl Pts',(14.6843120145124,-68.1099710396298,14.1063241879377));
#3663=CARTESIAN_POINT('Ctrl Pts',(14.6843120145176,-68.2999999999903,14.3037572361258));
#3664=CARTESIAN_POINT('',(17.0304635502186,-67.8999999999553,22.5775353748151));
#3665=CARTESIAN_POINT('Origin',(15.7965925824767,-67.8999999999553,18.249999998303));
#3666=CARTESIAN_POINT('',(17.0304635502186,-67.8999999999553,22.5775353748151));
#3667=CARTESIAN_POINT('Origin',(17.4965925824767,-68.1000000000844,24.2123820726085));
#3668=CARTESIAN_POINT('',(15.7965925824767,-67.9000000001691,24.2123820726085));
#3669=CARTESIAN_POINT('Ctrl Pts',(15.7965925824877,-68.2999999999998,22.9794992721438));
#3670=CARTESIAN_POINT('Ctrl Pts',(15.7965925824767,-67.9000000001691,23.6608292408078));
#3671=CARTESIAN_POINT('Ctrl Pts',(15.7965925824767,-67.9000000001691,24.2123820726085));
#3672=CARTESIAN_POINT('Origin',(17.4965925824767,-67.9000000001691,24.2123820726085));
#3673=CARTESIAN_POINT('Origin',(17.4965925824877,-68.299999998075,24.2123820727345));
#3674=CARTESIAN_POINT('',(17.0304635501581,-65.6999999999553,22.5775353741221));
#3675=CARTESIAN_POINT('',(17.0304635502297,-68.2999999986027,22.577535374941));
#3676=CARTESIAN_POINT('',(15.7965925824162,-65.7000000001691,24.2123820719156));
#3677=CARTESIAN_POINT('Origin',(17.4965925824162,-65.7000000001691,24.2123820719156));
#3678=CARTESIAN_POINT('',(15.7965925824877,-68.2999999981217,24.2123820727345));
#3679=CARTESIAN_POINT('Origin',(15.7965925824877,-68.2999999999998,18.249999998429));
#3680=CARTESIAN_POINT('',(14.6843120144462,-65.7000000000108,13.8896293782571));
#3681=CARTESIAN_POINT('',(14.6843120145178,-68.2999999999998,13.889629379076));
#3682=CARTESIAN_POINT('Origin',(15.7965925824162,-65.6999999999553,18.24999999761));
#3683=CARTESIAN_POINT('Origin',(-1.48523422067493E-10,-68.0999999999888,
6.38211808394731));
#3684=CARTESIAN_POINT('',(-2.10000000015953,-68.2999999999998,6.38211808394731));
#3685=CARTESIAN_POINT('Origin',(-1.48523091914858E-10,-68.2999999999998,
6.38211808394731));
#3686=CARTESIAN_POINT('',(-1.70000000014852,-67.8999999999778,6.38211808394731));
#3687=CARTESIAN_POINT('',(-1.90000000015403,-68.0999999999888,6.38211808394731));
#3688=CARTESIAN_POINT('Origin',(-1.48523752220129E-10,-67.8999999999778,
6.38211808394731));
#3689=CARTESIAN_POINT('Origin',(-1.37520701896805E-10,-68.2999999999998,
6.3821180840733));
#3690=CARTESIAN_POINT('',(-1.70000000020904,-65.6999999999778,6.38211808325437));
#3691=CARTESIAN_POINT('Origin',(-2.0904052899508E-10,-65.6999999999778,
6.38211808325437));
#3692=CARTESIAN_POINT('',(-1.70000000013752,-68.3000000000466,6.3821180840733));
#3693=CARTESIAN_POINT('Origin',(-1.3763525241546E-10,-68.2999999999998,
14.0027042617001));
#3694=CARTESIAN_POINT('',(4.44460794050192,-68.2999999999998,7.08600746032883));
#3695=CARTESIAN_POINT('',(4.03853023346962,-68.2999999999998,7.08941826891352));
#3696=CARTESIAN_POINT('',(7.31326678147461,-68.2999999999998,7.06191245084694));
#3697=CARTESIAN_POINT('',(-4.45737835641571,-68.2999999999998,7.00000010273327));
#3698=CARTESIAN_POINT('Origin',(-1.3751888516822E-10,-68.2999999999998,
6.3821180840733));
#3699=CARTESIAN_POINT('',(-4.05317428830889,-68.2999999999998,7.00000010273327));
#3700=CARTESIAN_POINT('',(-2.22868917820791,-68.2999999999998,7.00000010273327));
#3701=CARTESIAN_POINT('',(-1.01572526405465,-68.2999999999998,2.40992697731534));
#3702=CARTESIAN_POINT('Origin',(-1.48523091918661E-10,-68.2999999999998,
6.38211808394731));
#3703=CARTESIAN_POINT('',(1.01572526381511,-68.2999999999998,2.40992697731018));
#3704=CARTESIAN_POINT('Origin',(-1.48573051957291E-10,-68.2999999999998,
-8.9447329555552));
#3705=CARTESIAN_POINT('Origin',(-1.48523091917603E-10,-68.2999999999998,
6.38211808394731));
#3706=CARTESIAN_POINT('Origin',(-1.48523422070238E-10,-68.0999999999389,
6.38211808394731));
#3707=CARTESIAN_POINT('',(1.04614054679526,-67.899999999878,2.00540813741891));
#3708=CARTESIAN_POINT('',(4.44460794049091,-67.899999999878,7.08600746020284));
#3709=CARTESIAN_POINT('Origin',(-1.48523752222874E-10,-67.899999999878,
6.38211808394731));
#3710=CARTESIAN_POINT('Ctrl Pts',(4.03853023346372,-68.3000000000056,7.08941826891356));
#3711=CARTESIAN_POINT('Ctrl Pts',(4.23212541936477,-68.1095878335395,7.08779218569116));
#3712=CARTESIAN_POINT('Ctrl Pts',(4.44460794047747,-67.8999999998913,7.08600746020295));
#3713=CARTESIAN_POINT('Ctrl Pts',(1.0157252638151,-68.2999999999998,2.40992697731019));
#3714=CARTESIAN_POINT('Ctrl Pts',(1.02660443998232,-68.1667595110755,2.27518125736745));
#3715=CARTESIAN_POINT('Ctrl Pts',(1.03673111004844,-68.0332990752091,2.14021310571947));
#3716=CARTESIAN_POINT('Ctrl Pts',(1.04614054718843,-67.899999999845,2.00540813747897));
#3717=CARTESIAN_POINT('Origin',(-1.48573382109927E-10,-68.0999999998738,
-8.9447329555552));
#3718=CARTESIAN_POINT('',(-1.04614054709234,-67.8999999997478,2.00540813741891));
#3719=CARTESIAN_POINT('Origin',(-1.48573712262562E-10,-67.8999999997478,
-8.9447329555552));
#3720=CARTESIAN_POINT('Ctrl Pts',(-1.01572526405463,-68.2999999999998,2.40992697731533));
#3721=CARTESIAN_POINT('Ctrl Pts',(-1.0266044393769,-68.1667595211822,2.27518126759529));
#3722=CARTESIAN_POINT('Ctrl Pts',(-1.03673110871244,-68.033299096963,2.14021312772828));
#3723=CARTESIAN_POINT('Ctrl Pts',(-1.04614054736926,-67.8999999998163,2.00540813746122));
#3724=CARTESIAN_POINT('Origin',(-1.48523422071297E-10,-68.0999999999196,
6.38211808394731));
#3725=CARTESIAN_POINT('',(-4.45737835642671,-67.8999999998395,7.00000010260728));
#3726=CARTESIAN_POINT('Ctrl Pts',(-4.45737835643005,-67.8999999998362,7.00000010260728));
#3727=CARTESIAN_POINT('Ctrl Pts',(-4.24587622775797,-68.1094988911246,7.00000010267327));
#3728=CARTESIAN_POINT('Ctrl Pts',(-4.05317428830388,-68.3000000000047,7.00000010273327));
#3729=CARTESIAN_POINT('Origin',(-1.48523752223933E-10,-67.8999999998395,
6.38211808394731));
#3730=CARTESIAN_POINT('Origin',(-1.37520701896805E-10,-68.2999999999998,
6.3821180840733));
#3731=CARTESIAN_POINT('',(1.04614054673475,-65.6999999997478,2.00540813672596));
#3732=CARTESIAN_POINT('',(1.04614054680627,-68.2999999999998,2.0054081375449));
#3733=CARTESIAN_POINT('',(4.4446079404304,-65.699999999878,7.0860074595099));
#3734=CARTESIAN_POINT('Origin',(-2.09040528997825E-10,-65.699999999878,
6.38211808325437));
#3735=CARTESIAN_POINT('',(4.44460794050192,-68.2999999999998,7.08600746032883));
#3736=CARTESIAN_POINT('Origin',(-1.37570661932913E-10,-68.2999999999998,
-8.94473295542921));
#3737=CARTESIAN_POINT('',(-1.04614054715286,-65.6999999998395,2.00540813672597));
#3738=CARTESIAN_POINT('',(-1.04614054708134,-68.2999999999998,2.0054081375449));
#3739=CARTESIAN_POINT('Origin',(-2.09090489037514E-10,-65.6999999997478,
-8.94473295624814));
#3740=CARTESIAN_POINT('Origin',(-1.37520701896805E-10,-68.2999999999998,
6.3821180840733));
#3741=CARTESIAN_POINT('',(-4.45737835648723,-65.6999999998738,7.00000010191434));
#3742=CARTESIAN_POINT('',(-4.45737835641571,-68.2999999999998,7.00000010273327));
#3743=CARTESIAN_POINT('Origin',(-2.09040528998884E-10,-65.6999999998395,
6.38211808325437));
#3744=CARTESIAN_POINT('Origin',(-15.796592582774,-68.0999999999888,18.249999998303));
#3745=CARTESIAN_POINT('',(-17.896592582785,-68.2999999999998,18.249999998303));
#3746=CARTESIAN_POINT('Origin',(-15.796592582774,-68.2999999999998,18.249999998303));
#3747=CARTESIAN_POINT('',(-17.496592582774,-67.8999999999778,18.249999998303));
#3748=CARTESIAN_POINT('',(-17.6965925827795,-68.0999999999888,18.249999998303));
#3749=CARTESIAN_POINT('Origin',(-15.796592582774,-67.8999999999778,18.249999998303));
#3750=CARTESIAN_POINT('Origin',(-1.3763525241546E-10,-68.2999999999998,
14.0027042617001));
#3751=CARTESIAN_POINT('',(-16.9207861311492,-68.2999999999998,22.1928655635277));
#3752=CARTESIAN_POINT('',(-15.796592582763,-68.2999999999998,22.9794992721442));
#3753=CARTESIAN_POINT('Origin',(-17.496592582774,-68.2999999999998,24.2123820726085));
#3754=CARTESIAN_POINT('',(-14.684312014793,-68.2999999999998,14.3037572361638));
#3755=CARTESIAN_POINT('Origin',(-15.796592582774,-68.2999999999998,18.249999998303));
#3756=CARTESIAN_POINT('',(-14.684312014793,-68.2999999999999,13.889629379076));
#3757=CARTESIAN_POINT('',(-14.684312014793,-68.2999999999998,10.5013521830041));
#3758=CARTESIAN_POINT('',(-15.796592582763,-68.2999999999999,22.749999998429));
#3759=CARTESIAN_POINT('Origin',(-15.796592582763,-68.2999999999999,18.249999998429));
#3760=CARTESIAN_POINT('',(-15.796592582763,-68.2999999999998,18.376352130852));
#3761=CARTESIAN_POINT('Origin',(-15.796592582763,-68.2999999999998,18.249999998429));
#3762=CARTESIAN_POINT('',(-17.4965925828345,-65.6999999999778,18.24999999761));
#3763=CARTESIAN_POINT('Origin',(-15.7965925828345,-65.6999999999778,18.24999999761));
#3764=CARTESIAN_POINT('',(-17.496592582763,-68.3000000000466,18.249999998429));
#3765=CARTESIAN_POINT('Origin',(-15.796592582774,-68.0999999999563,18.249999998303));
#3766=CARTESIAN_POINT('',(-14.684312014804,-67.8999999999129,13.88962937895));
#3767=CARTESIAN_POINT('Ctrl Pts',(-14.684312014793,-68.2999999999932,14.303757236157));
#3768=CARTESIAN_POINT('Ctrl Pts',(-14.6843120147982,-68.1099710396108,14.1063241879534));
#3769=CARTESIAN_POINT('Ctrl Pts',(-14.684312014804,-67.8999999999104,13.8896293789474));
#3770=CARTESIAN_POINT('',(-17.0304635505159,-67.8999999999129,22.5775353748151));
#3771=CARTESIAN_POINT('',(-16.9207861311492,-68.2999999999998,22.1928655635277));
#3772=CARTESIAN_POINT('Origin',(-15.796592582774,-67.8999999999129,18.249999998303));
#3773=CARTESIAN_POINT('Origin',(-17.496592582774,-68.1000000000669,24.2123820726085));
#3774=CARTESIAN_POINT('',(-15.796592582774,-67.900000000134,24.2123820726085));
#3775=CARTESIAN_POINT('Ctrl Pts',(-15.796592582774,-67.900000000134,24.2123820726085));
#3776=CARTESIAN_POINT('Ctrl Pts',(-15.796592582774,-67.900000000134,23.6608292408137));
#3777=CARTESIAN_POINT('Ctrl Pts',(-15.796592582763,-68.2999999999998,22.9794992721442));
#3778=CARTESIAN_POINT('Origin',(-17.496592582774,-67.900000000134,24.2123820726085));
#3779=CARTESIAN_POINT('Origin',(-15.7965925828345,-65.4999999999563,18.24999999761));
#3780=CARTESIAN_POINT('',(-14.6843120148645,-65.6999999999129,13.8896293782571));
#3781=CARTESIAN_POINT('',(-17.0304635505764,-65.6999999999129,22.5775353741221));
#3782=CARTESIAN_POINT('Origin',(-15.7965925828345,-65.6999999999129,18.24999999761));
#3783=CARTESIAN_POINT('',(-16.9207861312335,-65.2999999999998,22.1928655629184));
#3784=CARTESIAN_POINT('',(-17.0304635505764,-65.6999999999129,22.5775353741221));
#3785=CARTESIAN_POINT('',(-14.2843120148755,-65.2999999999998,14.4390936114428));
#3786=CARTESIAN_POINT('Origin',(-15.7965925828345,-65.2999999999998,18.24999999761));
#3787=CARTESIAN_POINT('Ctrl Pts',(-14.2843120148755,-65.2999999999998,14.4390936114428));
#3788=CARTESIAN_POINT('Ctrl Pts',(-14.4129405315256,-65.4286285166498,14.2496637878282));
#3789=CARTESIAN_POINT('Ctrl Pts',(-14.5469747268229,-65.5626627119472,14.0663976991071));
#3790=CARTESIAN_POINT('Ctrl Pts',(-14.6843120148162,-65.6999999999404,13.889629378241));
#3791=CARTESIAN_POINT('Origin',(-2.22868917824917,-65.4999999999368,7.20000010185134));
#3792=CARTESIAN_POINT('',(-11.6843120148645,-65.6999999998738,7.00000010191434));
#3793=CARTESIAN_POINT('',(-2.22868917824917,-65.6999999998738,7.00000010191434));
#3794=CARTESIAN_POINT('',(-11.6843120148645,-65.2999999999998,7.40000010178834));
#3795=CARTESIAN_POINT('',(-11.6843120148645,-65.6999999998738,7.00000010191434));
#3796=CARTESIAN_POINT('',(-3.97163898141099,-65.2999999999998,7.40000010178834));
#3797=CARTESIAN_POINT('',(-2.22868917824917,-65.2999999999998,7.40000010178834));
#3798=CARTESIAN_POINT('Ctrl Pts',(-3.97163898141099,-65.2999999999998,7.40000010178834));
#3799=CARTESIAN_POINT('Ctrl Pts',(-4.13887383607414,-65.4297795582767,7.27022054351141));
#3800=CARTESIAN_POINT('Ctrl Pts',(-4.30087741635522,-65.5636967594384,7.1363033423498));
#3801=CARTESIAN_POINT('Ctrl Pts',(-4.45737835649623,-65.6999999998515,7.00000010193665));
#3802=CARTESIAN_POINT('Origin',(-2.09040859151519E-10,-65.4999999999197,
6.38211808325437));
#3803=CARTESIAN_POINT('',(-1.01572526386155,-65.2999999999998,2.4099269763921));
#3804=CARTESIAN_POINT('Origin',(-2.09041189304155E-10,-65.2999999999998,
6.38211808325437));
#3805=CARTESIAN_POINT('Ctrl Pts',(-1.01572526386155,-65.2999999999998,2.4099269763921));
#3806=CARTESIAN_POINT('Ctrl Pts',(-1.02660443537351,-65.4332404332312,2.27518131269733));
#3807=CARTESIAN_POINT('Ctrl Pts',(-1.03673110141436,-65.5667008049527,2.14021322584583));
#3808=CARTESIAN_POINT('Ctrl Pts',(-1.04614054687274,-65.6999999997711,2.00540813672939));
#3809=CARTESIAN_POINT('Origin',(-2.09090819190149E-10,-65.4999999998738,
-8.94473295624814));
#3810=CARTESIAN_POINT('',(1.0157252633859,-65.2999999999998,2.40992697639724));
#3811=CARTESIAN_POINT('Origin',(-2.09091149342784E-10,-65.2999999999998,
-8.94473295624814));
#3812=CARTESIAN_POINT('Ctrl Pts',(1.0157252633859,-65.2999999999998,2.40992697639724));
#3813=CARTESIAN_POINT('Ctrl Pts',(1.02660443399897,-65.4332404224641,2.27518132359313));
#3814=CARTESIAN_POINT('Ctrl Pts',(1.03673109926211,-65.5667007817679,2.14021324930162));
#3815=CARTESIAN_POINT('Ctrl Pts',(1.04614054633703,-65.6999999997808,2.00540813673082));
#3816=CARTESIAN_POINT('Origin',(-2.09040859150461E-10,-65.4999999999389,
6.38211808325437));
#3817=CARTESIAN_POINT('',(3.94742444612363,-65.2999999999998,7.49019761153523));
#3818=CARTESIAN_POINT('Origin',(-2.09041189303096E-10,-65.2999999999998,
6.38211808325437));
#3819=CARTESIAN_POINT('Ctrl Pts',(3.94742444612362,-65.2999999999998,7.49019761153523));
#3820=CARTESIAN_POINT('Ctrl Pts',(4.11872434607556,-65.4295283651852,7.35922586115838));
#3821=CARTESIAN_POINT('Ctrl Pts',(4.28454222201362,-65.5634714202735,7.22388531085909));
#3822=CARTESIAN_POINT('Ctrl Pts',(4.44460794042782,-65.6999999998752,7.08600745950841));
#3823=CARTESIAN_POINT('Origin',(7.31494660192529,-65.4999999999367,7.26190539534808));
#3824=CARTESIAN_POINT('',(11.6624743480068,-65.2999999999998,7.42539583103627));
#3825=CARTESIAN_POINT('',(7.31662642242014,-65.2999999999998,7.46189834066838));
#3826=CARTESIAN_POINT('',(11.6591147070171,-65.6999999998737,7.02540994039566));
#3827=CARTESIAN_POINT('',(11.6624743480068,-65.2999999999998,7.42539583103627));
#3828=CARTESIAN_POINT('',(7.31326678143044,-65.6999999998737,7.06191245002778));
#3829=CARTESIAN_POINT('Origin',(11.6843120144478,-65.499999999918,10.0253041211458));
#3830=CARTESIAN_POINT('',(14.2843120145295,-65.2999999999998,10.0253041211468));
#3831=CARTESIAN_POINT('',(14.6843120144478,-65.6999999998363,10.025304121147));
#3832=CARTESIAN_POINT('',(14.2843120145295,-65.2999999999998,10.0253041211468));
#3833=CARTESIAN_POINT('Origin',(11.6843120144478,-65.6999999998363,10.0253041211458));
#3834=CARTESIAN_POINT('Origin',(11.6843120144478,-65.2999999999998,10.0253041211458));
#3835=CARTESIAN_POINT('Origin',(14.4843120144407,-65.5000000000053,13.9461668207059));
#3836=CARTESIAN_POINT('',(14.6843120144462,-65.7000000000108,13.946166820706));
#3837=CARTESIAN_POINT('',(14.284312014435,-65.2999999999998,14.4390936114745));
#3838=CARTESIAN_POINT('',(14.2843120144352,-65.2999999999998,13.9461668207058));
#3839=CARTESIAN_POINT('Ctrl Pts',(14.284312014435,-65.2999999999998,14.4390936114745));
#3840=CARTESIAN_POINT('Ctrl Pts',(14.4129405310621,-65.4286285166268,14.2496637878995));
#3841=CARTESIAN_POINT('Ctrl Pts',(14.5469747263203,-65.5626627118849,14.0663976992287));
#3842=CARTESIAN_POINT('Ctrl Pts',(14.6843120144109,-65.6999999999755,13.8896293782453));
#3843=CARTESIAN_POINT('Origin',(15.7965925824162,-65.4999999999775,18.24999999761));
#3844=CARTESIAN_POINT('',(16.9207861308094,-65.2999999999998,22.192865562898));
#3845=CARTESIAN_POINT('Origin',(15.7965925824162,-65.2999999999998,18.24999999761));
#3846=CARTESIAN_POINT('',(16.9207861308094,-65.2999999999998,22.192865562898));
#3847=CARTESIAN_POINT('Origin',(17.4965925824162,-65.5000000000844,24.2123820719156));
#3848=CARTESIAN_POINT('',(15.3965925823315,-65.2999999999997,24.2123820719156));
#3849=CARTESIAN_POINT('',(15.3965925823315,-65.2999999999997,24.2123820719156));
#3850=CARTESIAN_POINT('Origin',(17.4965925824162,-65.2999999999997,24.2123820719156));
#3851=CARTESIAN_POINT('Origin',(15.5965925824107,-65.5000000000053,20.0013523240927));
#3852=CARTESIAN_POINT('',(15.3965925824052,-65.2999999999998,24.3000003850364));
#3853=CARTESIAN_POINT('',(15.3965925824052,-65.2999999999998,20.0013523240927));
#3854=CARTESIAN_POINT('',(15.7965925824162,-65.7000000000108,24.3000003850364));
#3855=CARTESIAN_POINT('',(15.3965925824052,-65.2999999999998,24.3000003850364));
#3856=CARTESIAN_POINT('',(15.7965925824162,-65.7000000000108,20.0013523240927));
#3857=CARTESIAN_POINT('Origin',(-11.6843120148645,-65.4999999999029,10.0000001019143));
#3858=CARTESIAN_POINT('',(-14.6843120148645,-65.6999999998061,10.0000001019143));
#3859=CARTESIAN_POINT('Origin',(-11.6843120148645,-65.6999999998061,10.0000001019143));
#3860=CARTESIAN_POINT('',(-14.2843120149614,-65.2999999999998,10.0000001019143));
#3861=CARTESIAN_POINT('',(-14.6843120148645,-65.6999999998061,10.0000001019143));
#3862=CARTESIAN_POINT('Origin',(-11.6843120148645,-65.2999999999998,10.0000001019143));
#3863=CARTESIAN_POINT('Origin',(14.0965925824162,-65.5000000000966,24.3000003850364));
#3864=CARTESIAN_POINT('',(14.0965925824162,-65.2999999999997,25.6000003849395));
#3865=CARTESIAN_POINT('',(14.0965925824162,-65.7000000001935,26.0000003850364));
#3866=CARTESIAN_POINT('',(14.0965925824162,-65.2999999999997,25.6000003849395));
#3867=CARTESIAN_POINT('Origin',(14.0965925824162,-65.7000000001935,24.3000003850364));
#3868=CARTESIAN_POINT('Origin',(14.0965925824162,-65.2999999999997,24.3000003850364));
#3869=CARTESIAN_POINT('Origin',(-14.48431201487,-65.4999999999943,10.5013521825317));
#3870=CARTESIAN_POINT('',(-14.2843120148755,-65.2999999999998,10.5013521825317));
#3871=CARTESIAN_POINT('',(-14.6843120148645,-65.6999999999888,10.5013521825317));
#3872=CARTESIAN_POINT('Origin',(-7.89829629142281,-65.5000000000628,25.8000003849734));
#3873=CARTESIAN_POINT('',(-14.0965925828345,-65.2999999999998,25.6000003849104));
#3874=CARTESIAN_POINT('',(-7.89829629142281,-65.2999999999998,25.6000003849104));
#3875=CARTESIAN_POINT('',(-14.0965925828345,-65.7000000001258,26.0000003850364));
#3876=CARTESIAN_POINT('',(-14.0965925828345,-65.2999999999998,25.6000003849104));
#3877=CARTESIAN_POINT('',(-7.89829629142281,-65.7000000001258,26.0000003850364));
#3878=CARTESIAN_POINT('Origin',(-14.0965925828345,-65.5000000000811,24.3000003850364));
#3879=CARTESIAN_POINT('',(-15.3965925827532,-65.2999999999998,24.3000003850364));
#3880=CARTESIAN_POINT('',(-15.7965925828345,-65.7000000001624,24.3000003850364));
#3881=CARTESIAN_POINT('',(-15.3965925827532,-65.2999999999998,24.3000003850364));
#3882=CARTESIAN_POINT('Origin',(-14.0965925828345,-65.7000000001624,24.3000003850364));
#3883=CARTESIAN_POINT('Origin',(-14.0965925828345,-65.2999999999998,24.3000003850364));
#3884=CARTESIAN_POINT('Origin',(-17.4965925828345,-65.5000000000669,24.2123820719156));
#3885=CARTESIAN_POINT('',(-15.7965925828345,-65.700000000134,24.2123820719156));
#3886=CARTESIAN_POINT('Origin',(-17.4965925828345,-65.700000000134,24.2123820719156));
#3887=CARTESIAN_POINT('',(-15.3965925827674,-65.2999999999998,24.2123820719156));
#3888=CARTESIAN_POINT('',(-15.7965925828345,-65.700000000134,24.2123820719156));
#3889=CARTESIAN_POINT('Origin',(-17.4965925828345,-65.2999999999998,24.2123820719156));
#3890=CARTESIAN_POINT('Origin',(-15.59659258284,-65.4999999999943,18.3763521303795));
#3891=CARTESIAN_POINT('',(-15.3965925828455,-65.2999999999998,18.3763521303795));
#3892=CARTESIAN_POINT('',(-15.7965925828345,-65.6999999999888,18.3763521303795));
#3893=CARTESIAN_POINT('Origin',(14.0965925826253,-73.3000000001475,24.3000003874302));
#3894=CARTESIAN_POINT('',(14.0965925826115,-72.7999999998423,26.0000003872727));
#3895=CARTESIAN_POINT('',(14.0965925826253,-73.2999999996121,26.0000003874302));
#3896=CARTESIAN_POINT('',(15.7965925826115,-72.799999999986,24.3000003872727));
#3897=CARTESIAN_POINT('Origin',(14.0965925826115,-72.8000000003777,24.3000003872727));
#3898=CARTESIAN_POINT('',(15.7965925826253,-73.3000000001008,24.3000003874302));
#3899=CARTESIAN_POINT('Origin',(-15.7965925826254,-73.2999999999999,26.0000003874302));
#3900=CARTESIAN_POINT('',(-14.0965925826392,-72.7999999998423,26.0000003872727));
#3901=CARTESIAN_POINT('',(-14.0965925826254,-73.2999999994413,26.0000003874302));
#3902=CARTESIAN_POINT('',(-7.89829629131277,-72.7999999998423,26.0000003872727));
#3903=CARTESIAN_POINT('Origin',(-14.0965925826254,-73.2999999999767,24.3000003874302));
#3904=CARTESIAN_POINT('',(-15.7965925826392,-72.8000000000136,24.3000003872727));
#3905=CARTESIAN_POINT('',(-15.7965925826254,-73.3000000000235,24.3000003874302));
#3906=CARTESIAN_POINT('Origin',(-14.0965925826392,-72.7999999999668,24.3000003872727));
#3907=CARTESIAN_POINT('Origin',(-15.7965925826254,-73.2999999999999,22.7500000000038));
#3908=CARTESIAN_POINT('',(-15.796592582763,-68.2999999981218,24.2123820727345));
#3909=CARTESIAN_POINT('',(-15.7965925826392,-72.7999999999998,22.7499999998464));
#3910=CARTESIAN_POINT('',(-15.7965925826254,-73.2999999999999,22.7500000000038));
#3911=CARTESIAN_POINT('',(-15.7965925826392,-72.8000000000136,18.3455298293209));
#3912=CARTESIAN_POINT('Origin',(-17.496592582763,-68.2999999981686,24.2123820727345));
#3913=CARTESIAN_POINT('',(-17.0304635505049,-68.2999999986707,22.577535374941));
#3914=CARTESIAN_POINT('Origin',(-15.796592582763,-68.2999999999998,18.249999998429));
#3915=CARTESIAN_POINT('',(-14.684312014793,-68.2999999999998,13.889629379076));
#3916=CARTESIAN_POINT('Origin',(-14.6843120146555,-73.2999999999999,7.00000010430814));
#3917=CARTESIAN_POINT('',(-14.6843120146692,-72.7999999914295,10.0000001041507));
#3918=CARTESIAN_POINT('',(-14.6843120146555,-73.2999999991956,10.0000001043081));
#3919=CARTESIAN_POINT('',(-14.6843120146692,-72.7999999912569,10.5481948274037));
#3920=CARTESIAN_POINT('',(-14.6843120146555,-73.2999999999999,13.8896293806509));
#3921=CARTESIAN_POINT('Origin',(-11.6843120146555,-73.2999999991131,10.0000001043081));
#3922=CARTESIAN_POINT('',(-11.6843120146692,-72.7999999922919,7.00000010415066));
#3923=CARTESIAN_POINT('',(-11.6843120146555,-73.300000000058,7.00000010430814));
#3924=CARTESIAN_POINT('Origin',(-11.6843120146692,-72.799999991347,10.0000001041507));
#3925=CARTESIAN_POINT('Origin',(-4.45737835627817,-73.2999999999998,7.00000010430814));
#3926=CARTESIAN_POINT('',(-4.45737835629192,-72.7999999920931,7.00000010415066));
#3927=CARTESIAN_POINT('',(-4.45737835627817,-73.2999999999998,7.00000010430814));
#3928=CARTESIAN_POINT('',(-2.63250917383275,-72.7999999920429,7.00000010415066));
#3929=CARTESIAN_POINT('Origin',(-2.20158129835848E-10,-65.2999999999998,
14.0027042607552));
#3930=CARTESIAN_POINT('',(13.6965925824272,-65.2999999999998,18.24999999761));
#3931=CARTESIAN_POINT('Origin',(15.7965925824162,-65.2999999999998,18.24999999761));
#3932=CARTESIAN_POINT('',(-2.10000000019804,-65.2999999999998,6.38211808325437));
#3933=CARTESIAN_POINT('Origin',(-2.09041189300351E-10,-65.2999999999998,
6.38211808325437));
#3934=CARTESIAN_POINT('',(0.744200628859112,-65.2999999999998,12.6289617096016));
#3935=CARTESIAN_POINT('Origin',(2.34420062885911,-65.2999999999998,12.6289617096016));
#3936=CARTESIAN_POINT('',(-5.7523741763556,-65.2999999999998,11.2510556295477));
#3937=CARTESIAN_POINT('',(-5.75237417635533,-65.2999999999998,14.0545790608481));
#3938=CARTESIAN_POINT('Origin',(-5.75237417635547,-65.2999999999998,12.6528173451979));
#3939=CARTESIAN_POINT('',(-5.26868310535067,-65.2999999999998,11.2510556295477));
#3940=CARTESIAN_POINT('',(-2.76966989335869,-65.2999999999998,11.2510556295474));
#3941=CARTESIAN_POINT('',(-5.28523560731271,-65.2999999999998,14.0545790608478));
#3942=CARTESIAN_POINT('Origin',(-8.34702320533106,-65.2999999999998,12.6346911411087));
#3943=CARTESIAN_POINT('',(-5.57087104393318,-65.2999999999998,14.0545790608478));
#3944=CARTESIAN_POINT('',(-3.85526226529258,-65.2999999999998,12.6231778946046));
#3945=CARTESIAN_POINT('Origin',(-2.25526226529258,-65.2999999999998,12.6231778946046));
#3946=CARTESIAN_POINT('',(5.27921219915826,-65.2999999999998,14.0013894765505));
#3947=CARTESIAN_POINT('',(5.76862495891412,-65.2999999999998,14.0013894765505));
#3948=CARTESIAN_POINT('',(2.77444774025679,-65.2999999999998,14.0013894765505));
#3949=CARTESIAN_POINT('',(5.28622751576655,-65.2999999999998,11.1990989999494));
#3950=CARTESIAN_POINT('Origin',(8.3531181435455,-65.2999999999998,12.6079307419405));
#3951=CARTESIAN_POINT('',(5.76862495891412,-65.2999999999998,11.1990989999494));
#3952=CARTESIAN_POINT('',(5.57592352708085,-65.2999999999998,11.1990989999494));
#3953=CARTESIAN_POINT('Origin',(5.76862495891412,-65.2999999999998,12.6002442382499));
#3954=CARTESIAN_POINT('',(-17.8965925828235,-65.2999999999998,18.24999999761));
#3955=CARTESIAN_POINT('Origin',(-15.7965925828345,-65.2999999999998,18.24999999761));
#3956=CARTESIAN_POINT('Origin',(15.7965925824162,-65.4999999999887,18.24999999761));
#3957=CARTESIAN_POINT('',(13.8965925824217,-65.4999999999887,18.24999999761));
#3958=CARTESIAN_POINT('Origin',(-15.7965925828345,-65.4999999999888,18.24999999761));
#3959=CARTESIAN_POINT('',(-17.696592582829,-65.4999999999888,18.24999999761));
#3960=CARTESIAN_POINT('Origin',(-2.09040859147716E-10,-65.4999999999888,
6.38211808325437));
#3961=CARTESIAN_POINT('',(-1.90000000020354,-65.4999999999888,6.38211808325437));
#3962=CARTESIAN_POINT('Origin',(5.57592352708085,-65.4999999999998,11.3990989999494));
#3963=CARTESIAN_POINT('',(5.55438923270916,-65.6999999999998,11.5990989999494));
#3964=CARTESIAN_POINT('',(5.76862495891412,-65.6999999999998,11.5990989999494));
#3965=CARTESIAN_POINT('',(5.57592352708086,-65.6999999999998,11.5990989999494));
#3966=CARTESIAN_POINT('',(5.76862495891412,-65.6999999999998,11.5990989999494));
#3967=CARTESIAN_POINT('Ctrl Pts',(5.28622751576655,-65.2999999999998,11.1990989999494));
#3968=CARTESIAN_POINT('Ctrl Pts',(5.37224684358863,-65.4341756328485,11.3332746327981));
#3969=CARTESIAN_POINT('Ctrl Pts',(5.46169753024783,-65.56805862295,11.4671576228997));
#3970=CARTESIAN_POINT('Ctrl Pts',(5.55438923270916,-65.6999999999998,11.5990989999494));
#3971=CARTESIAN_POINT('Origin',(2.77444774025679,-65.4999999999998,13.8013894765505));
#3972=CARTESIAN_POINT('',(5.76862495891412,-65.6999999999998,13.6013894765505));
#3973=CARTESIAN_POINT('',(5.76862495891412,-65.2999999999998,14.0013894765505));
#3974=CARTESIAN_POINT('',(5.54889548073374,-65.6999999999998,13.6013894765505));
#3975=CARTESIAN_POINT('',(2.77444774025679,-65.6999999999998,13.6013894765505));
#3976=CARTESIAN_POINT('Ctrl Pts',(5.54889548073373,-65.6999999999998,13.6013894765505));
#3977=CARTESIAN_POINT('Ctrl Pts',(5.45567310620063,-65.5680742612262,13.733315215324));
#3978=CARTESIAN_POINT('Ctrl Pts',(5.36571468582887,-65.4341887310776,13.8672007454726));
#3979=CARTESIAN_POINT('Ctrl Pts',(5.27921219915825,-65.2999999999998,14.0013894765505));
#3980=CARTESIAN_POINT('Origin',(8.3531181435455,-65.4999999999998,12.6079307419405));
#3981=CARTESIAN_POINT('Origin',(8.3531181435455,-65.6999999999998,12.6079307419405));
#3982=CARTESIAN_POINT('Origin',(5.76862495891412,-65.4999999999998,12.6002442382499));
#3983=CARTESIAN_POINT('Origin',(5.76862495891412,-65.6999999999998,12.6002442382499));
#3984=CARTESIAN_POINT('Origin',(8.35311814354553,-73.2999999999998,12.6079307419405));
#3985=CARTESIAN_POINT('',(5.54889548073374,-70.3499999999998,13.6013894765505));
#3986=CARTESIAN_POINT('',(5.54889548073374,-70.3499999999998,13.6013894765505));
#3987=CARTESIAN_POINT('',(6.86821988045599,-70.3499999999998,15.1858566811936));
#3988=CARTESIAN_POINT('Origin',(8.35311814354552,-70.3499999999998,12.6079307419405));
#3989=CARTESIAN_POINT('',(6.868219880456,-72.8999999999998,15.1858566811936));
#3990=CARTESIAN_POINT('',(6.868219880456,-73.2999999999998,15.1858566811936));
#3991=CARTESIAN_POINT('',(5.43794031184754,-72.8999999999998,13.2015326367965));
#3992=CARTESIAN_POINT('Origin',(8.35311814354553,-72.8999999999998,12.6079307419405));
#3993=CARTESIAN_POINT('',(5.43794031184754,-71.8999999999998,13.2015326367965));
#3994=CARTESIAN_POINT('',(5.43794031184754,-73.2999999999998,13.2015326367965));
#3995=CARTESIAN_POINT('',(5.44105051004731,-71.8999999999998,11.9992542285674));
#3996=CARTESIAN_POINT('Origin',(8.35311814354553,-71.8999999999998,12.6079307419405));
#3997=CARTESIAN_POINT('',(5.44105051004731,-72.8999999999998,11.9992542285674));
#3998=CARTESIAN_POINT('',(5.44105051004731,-73.2999999999998,11.9992542285674));
#3999=CARTESIAN_POINT('',(9.85231354353626,-72.8999999999998,15.1775684892984));
#4000=CARTESIAN_POINT('Origin',(8.35311814354553,-72.8999999999998,12.6079307419405));
#4001=CARTESIAN_POINT('',(9.85231354353625,-70.3499999999998,15.1775684892984));
#4002=CARTESIAN_POINT('',(9.85231354353626,-73.2999999999998,15.1775684892984));
#4003=CARTESIAN_POINT('',(11.1573408063573,-70.3499999999998,13.6013894765505));
#4004=CARTESIAN_POINT('Origin',(8.35311814354552,-70.3499999999998,12.6079307419405));
#4005=CARTESIAN_POINT('',(11.1573408063573,-70.1499999999998,13.6013894765505));
#4006=CARTESIAN_POINT('',(11.1573408063573,-70.3499999999998,13.6013894765505));
#4007=CARTESIAN_POINT('',(11.1518470543819,-70.1499999999998,11.5990989999494));
#4008=CARTESIAN_POINT('Origin',(8.35311814354552,-70.1499999999998,12.6079307419405));
#4009=CARTESIAN_POINT('',(11.1518470543819,-70.3499999999998,11.5990989999494));
#4010=CARTESIAN_POINT('',(11.1518470543819,-70.3499999999998,11.5990989999494));
#4011=CARTESIAN_POINT('',(5.55438923270916,-70.3499999999998,11.5990989999494));
#4012=CARTESIAN_POINT('Origin',(8.35311814354552,-70.3499999999998,12.6079307419405));
#4013=CARTESIAN_POINT('',(5.55438923270916,-70.3499999999998,11.5990989999494));
#4014=CARTESIAN_POINT('Origin',(5.54889548073374,-70.3499999999998,13.6013894765505));
#4015=CARTESIAN_POINT('',(5.76862495891414,-69.7499999999998,13.6013894765505));
#4016=CARTESIAN_POINT('',(5.76862495891415,-73.2999999999998,13.6013894765505));
#4017=CARTESIAN_POINT('',(6.74888828610761,-70.1499999999998,13.6013894765505));
#4018=CARTESIAN_POINT('Ctrl Pts',(5.76862495891414,-69.7499999999998,13.6013894765505));
#4019=CARTESIAN_POINT('Ctrl Pts',(6.17714589835061,-69.7499999999998,13.6013894765505));
#4020=CARTESIAN_POINT('Ctrl Pts',(6.7488882861076,-70.1499999999998,13.6013894765505));
#4021=CARTESIAN_POINT('',(2.77597147492049,-70.1499999999998,13.6013894765505));
#4022=CARTESIAN_POINT('',(6.95100681213963,-70.3499999999998,13.6013894765505));
#4023=CARTESIAN_POINT('Origin',(2.34420062885911,-65.4999999999998,12.6289617096016));
#4024=CARTESIAN_POINT('',(1.14420062885911,-65.6999999999998,12.6289617096016));
#4025=CARTESIAN_POINT('',(0.944200628859112,-65.4999999999998,12.6289617096016));
#4026=CARTESIAN_POINT('Origin',(2.34420062885911,-65.6999999999998,12.6289617096016));
#4027=CARTESIAN_POINT('Origin',(2.34420062885914,-73.2999999999998,12.6289617096016));
#4028=CARTESIAN_POINT('',(3.39879179766871,-71.8999999999998,13.2015326367965));
#4029=CARTESIAN_POINT('',(3.39879179766871,-72.8999999999998,13.2015326367965));
#4030=CARTESIAN_POINT('',(3.39879179766872,-73.2999999999998,13.2015326367965));
#4031=CARTESIAN_POINT('',(1.14420062885914,-72.8999999999998,12.6289617096016));
#4032=CARTESIAN_POINT('Origin',(2.34420062885914,-72.8999999999998,12.6289617096016));
#4033=CARTESIAN_POINT('',(1.14420062885914,-73.2999999999998,12.6289617096016));
#4034=CARTESIAN_POINT('',(3.3657036823688,-72.8999999999998,11.9992542285674));
#4035=CARTESIAN_POINT('Origin',(2.34420062885914,-72.8999999999998,12.6289617096016));
#4036=CARTESIAN_POINT('',(3.3657036823688,-71.8999999999998,11.9992542285674));
#4037=CARTESIAN_POINT('',(3.3657036823688,-73.2999999999998,11.9992542285674));
#4038=CARTESIAN_POINT('Origin',(2.34420062885913,-71.8999999999998,12.6289617096016));
#4039=CARTESIAN_POINT('Origin',(-2.25526226529258,-65.4999999999998,12.6231778946046));
#4040=CARTESIAN_POINT('',(-3.45526226529258,-65.6999999999998,12.6231778946046));
#4041=CARTESIAN_POINT('',(-3.65526226529258,-65.4999999999998,12.6231778946046));
#4042=CARTESIAN_POINT('Origin',(-2.25526226529258,-65.6999999999998,12.6231778946046));
#4043=CARTESIAN_POINT('Origin',(-2.25526226529256,-73.2999999999998,12.6231778946046));
#4044=CARTESIAN_POINT('',(-3.31126108054012,-71.8999999999998,12.0532072794009));
#4045=CARTESIAN_POINT('',(-3.31126108054012,-72.8999999999998,12.0532072794009));
#4046=CARTESIAN_POINT('',(-3.31126108054012,-73.2999999999998,12.0532072794009));
#4047=CARTESIAN_POINT('',(-3.27673820647395,-72.8999999999998,13.2529293547757));
#4048=CARTESIAN_POINT('Origin',(-2.25526226529256,-72.8999999999998,12.6231778946046));
#4049=CARTESIAN_POINT('',(-3.27673820647395,-71.8999999999998,13.2529293547757));
#4050=CARTESIAN_POINT('',(-3.27673820647395,-73.2999999999998,13.2529293547757));
#4051=CARTESIAN_POINT('',(-3.45526226529256,-71.8999999999998,12.6231778946046));
#4052=CARTESIAN_POINT('Origin',(-2.25526226529256,-71.8999999999998,12.6231778946046));
#4053=CARTESIAN_POINT('',(-3.45526226529256,-73.2999999999998,12.6231778946046));
#4054=CARTESIAN_POINT('Origin',(-2.25526226529256,-71.8999999999998,12.6231778946046));
#4055=CARTESIAN_POINT('Origin',(-5.75237417635547,-65.4999999999998,12.6528173451979));
#4056=CARTESIAN_POINT('',(-5.75237417635556,-65.6999999999998,11.6510556295477));
#4057=CARTESIAN_POINT('',(-5.75237417635556,-65.6999999999998,11.6510556295477));
#4058=CARTESIAN_POINT('',(-5.75237417635537,-65.6999999999998,13.6545790608481));
#4059=CARTESIAN_POINT('',(-5.75237417635533,-65.2999999999998,14.0545790608481));
#4060=CARTESIAN_POINT('Origin',(-5.75237417635547,-65.6999999999998,12.6528173451979));
#4061=CARTESIAN_POINT('Origin',(-5.5708710439332,-65.4999999999998,13.8545790608478));
#4062=CARTESIAN_POINT('',(-5.55230432301567,-65.6999999999998,13.6545790608478));
#4063=CARTESIAN_POINT('',(-5.57087104393322,-65.6999999999998,13.6545790608478));
#4064=CARTESIAN_POINT('Ctrl Pts',(-5.55230432301564,-65.6999999999998,13.6545790608478));
#4065=CARTESIAN_POINT('Ctrl Pts',(-5.45999378649074,-65.5680474628192,13.7865315980284));
#4066=CARTESIAN_POINT('Ctrl Pts',(-5.37090782380511,-65.4341662877536,13.920412773094));
#4067=CARTESIAN_POINT('Ctrl Pts',(-5.28523560731271,-65.2999999999998,14.0545790608478));
#4068=CARTESIAN_POINT('Origin',(-2.76966989335867,-65.4999999999998,11.4510556295474));
#4069=CARTESIAN_POINT('',(-5.53933978649693,-65.6999999999998,11.6510556295477));
#4070=CARTESIAN_POINT('',(-2.76966989335865,-65.6999999999998,11.6510556295474));
#4071=CARTESIAN_POINT('Ctrl Pts',(-5.53933978649691,-65.6999999999998,11.6510556295477));
#4072=CARTESIAN_POINT('Ctrl Pts',(-5.44577789038446,-65.5680843281704,11.5191399577183));
#4073=CARTESIAN_POINT('Ctrl Pts',(-5.35549465312745,-65.4341971649157,11.3852527944635));
#4074=CARTESIAN_POINT('Ctrl Pts',(-5.26868310535068,-65.2999999999998,11.2510556295476));
#4075=CARTESIAN_POINT('Origin',(-8.34702320533106,-65.4999999999998,12.6346911411087));
#4076=CARTESIAN_POINT('Origin',(-8.34702320533105,-65.6999999999998,12.6346911411087));
#4077=CARTESIAN_POINT('Origin',(-5.5393397864969,-70.3499999999998,11.6510556295477));
#4078=CARTESIAN_POINT('',(-5.75237417635555,-69.7499999999998,11.6510556295477));
#4079=CARTESIAN_POINT('',(-5.75237417635554,-73.2999999999998,11.6510556295477));
#4080=CARTESIAN_POINT('',(-6.73288902709477,-70.1499999999998,11.6510556295478));
#4081=CARTESIAN_POINT('Ctrl Pts',(-5.75237417635555,-69.7499999999998,11.6510556295477));
#4082=CARTESIAN_POINT('Ctrl Pts',(-6.16104181250403,-69.7499999999998,11.6510556295477));
#4083=CARTESIAN_POINT('Ctrl Pts',(-6.73288902709479,-70.1499999999998,11.6510556295478));
#4084=CARTESIAN_POINT('',(-11.1547066241654,-70.1499999999998,11.6510556295482));
#4085=CARTESIAN_POINT('',(-2.76814615869488,-70.1499999999998,11.6510556295474));
#4086=CARTESIAN_POINT('',(-11.1547066241654,-70.3499999999998,11.6510556295482));
#4087=CARTESIAN_POINT('',(-11.1547066241654,-70.3499999999998,11.6510556295482));
#4088=CARTESIAN_POINT('',(-5.5393397864969,-70.3499999999998,11.6510556295477));
#4089=CARTESIAN_POINT('',(-6.94318149591409,-70.3499999999999,11.6510556295478));
#4090=CARTESIAN_POINT('',(-5.5393397864969,-70.3499999999998,11.6510556295477));
#4091=CARTESIAN_POINT('Origin',(-5.75237417635544,-73.2999999999998,12.6528173451979));
#4092=CARTESIAN_POINT('',(-5.75237417635535,-69.7499999999998,13.6545790608481));
#4093=CARTESIAN_POINT('',(-5.75237417635534,-73.2999999999998,13.6545790608481));
#4094=CARTESIAN_POINT('Origin',(-5.75237417635545,-69.7499999999998,12.6528173451979));
#4095=CARTESIAN_POINT('Origin',(-5.75237417635545,-69.9499999999998,12.6528173451979));
#4096=CARTESIAN_POINT('',(-6.73288902709483,-70.1499999999998,13.6545790608479));
#4097=CARTESIAN_POINT('Ctrl Pts',(-6.73288902709485,-70.1499999999998,13.6545790608479));
#4098=CARTESIAN_POINT('Ctrl Pts',(-6.16104181250388,-69.7499999999996,13.6545790608479));
#4099=CARTESIAN_POINT('Ctrl Pts',(-5.75237417635535,-69.7499999999996,13.6545790608478));
#4100=CARTESIAN_POINT('Origin',(-5.75237417635545,-70.1499999999998,12.6528173451979));
#4101=CARTESIAN_POINT('Origin',(5.76862495891414,-69.9499999999998,12.6002442382499));
#4102=CARTESIAN_POINT('',(5.76862495891414,-69.7499999999998,11.5990989999494));
#4103=CARTESIAN_POINT('Origin',(5.76862495891414,-69.7499999999998,12.6002442382499));
#4104=CARTESIAN_POINT('',(6.74888828610761,-70.1499999999998,11.5990989999494));
#4105=CARTESIAN_POINT('Ctrl Pts',(6.7488882861076,-70.1499999999998,11.5990989999494));
#4106=CARTESIAN_POINT('Ctrl Pts',(6.17714589835061,-69.7499999999998,11.5990989999494));
#4107=CARTESIAN_POINT('Ctrl Pts',(5.76862495891414,-69.7499999999998,11.5990989999494));
#4108=CARTESIAN_POINT('Origin',(5.76862495891414,-70.1499999999998,12.6002442382499));
#4109=CARTESIAN_POINT('Origin',(5.76862495891415,-73.2999999999998,12.6002442382499));
#4110=CARTESIAN_POINT('',(5.76862495891415,-73.2999999999998,11.5990989999494));
#4111=CARTESIAN_POINT('Origin',(8.35311814354553,-72.0999999999998,12.6079307419405));
#4112=CARTESIAN_POINT('',(5.03073017847832,-72.2999999999998,13.2015326367965));
#4113=CARTESIAN_POINT('Ctrl Pts',(5.03073017847832,-72.2999999999998,13.2015326367965));
#4114=CARTESIAN_POINT('Ctrl Pts',(5.24716076116951,-72.0869432997907,13.2015326367965));
#4115=CARTESIAN_POINT('Ctrl Pts',(5.43794031184754,-71.8999999999998,13.2015326367965));
#4116=CARTESIAN_POINT('',(5.0334588384258,-72.2999999999998,11.9992542285674));
#4117=CARTESIAN_POINT('Origin',(8.35311814354553,-72.2999999999998,12.6079307419405));
#4118=CARTESIAN_POINT('Ctrl Pts',(5.44105051004731,-71.8999999999998,11.9992542285674));
#4119=CARTESIAN_POINT('Ctrl Pts',(5.25009220721631,-72.0869188211836,11.9992542285674));
#4120=CARTESIAN_POINT('Ctrl Pts',(5.03345883842582,-72.2999999999998,11.9992542285674));
#4121=CARTESIAN_POINT('Origin',(4.40337709620805,-72.2999999999998,12.6003934326819));
#4122=CARTESIAN_POINT('',(3.8382429754247,-72.2999999999998,13.2015326367965));
#4123=CARTESIAN_POINT('',(3.39879179766871,-72.2999999999998,13.2015326367965));
#4124=CARTESIAN_POINT('',(3.81507400489446,-72.2999999999998,11.9992542285674));
#4125=CARTESIAN_POINT('Origin',(2.34420062885914,-72.2999999999998,12.6289617096016));
#4126=CARTESIAN_POINT('',(3.3657036823688,-72.2999999999998,11.9992542285674));
#4127=CARTESIAN_POINT('Origin',(2.34420062885913,-72.0999999999998,12.6289617096016));
#4128=CARTESIAN_POINT('Ctrl Pts',(3.81507400489447,-72.2999999999998,11.9992542285674));
#4129=CARTESIAN_POINT('Ctrl Pts',(3.55829096345135,-72.0639404130773,11.9992542285674));
#4130=CARTESIAN_POINT('Ctrl Pts',(3.3657036823688,-71.8999999999998,11.9992542285674));
#4131=CARTESIAN_POINT('Ctrl Pts',(3.39879179766871,-71.8999999999998,13.2015326367965));
#4132=CARTESIAN_POINT('Ctrl Pts',(3.58712801670698,-72.0655147611371,13.2015326367965));
#4133=CARTESIAN_POINT('Ctrl Pts',(3.8382429754247,-72.2999999999998,13.2015326367965));
#4134=CARTESIAN_POINT('Origin',(3.43410992853637,-73.0999999999998,18.8639299338809));
#4135=CARTESIAN_POINT('',(6.86821987100025,-72.8999999999998,18.6639299432171));
#4136=CARTESIAN_POINT('',(6.46821986991278,-73.2999999999998,19.0639299421296));
#4137=CARTESIAN_POINT('',(9.85231353405798,-72.8999999999998,18.6639299513298));
#4138=CARTESIAN_POINT('',(3.43410992908011,-72.8999999999998,18.6639299338809));
#4139=CARTESIAN_POINT('',(10.2523135329705,-73.2999999999998,19.0639299524173));
#4140=CARTESIAN_POINT('Origin',(6.66821988214809,-73.0999999999998,14.5634581787083));
#4141=CARTESIAN_POINT('Ctrl Pts',(6.46821987985332,-73.2999999999998,15.4075349167356));
#4142=CARTESIAN_POINT('Ctrl Pts',(6.60204365576993,-73.1661762242768,15.3363066188232));
#4143=CARTESIAN_POINT('Ctrl Pts',(6.73585647849324,-73.0323634017545,15.262365835916));
#4144=CARTESIAN_POINT('Ctrl Pts',(6.868219880456,-72.8999999999998,15.1858566811936));
#4145=CARTESIAN_POINT('',(6.86821988214809,-72.8999999999998,14.563458179252));
#4146=CARTESIAN_POINT('Origin',(10.052313540478,-73.0999999999998,16.3024948189203));
#4147=CARTESIAN_POINT('',(9.85231354047795,-72.8999999999998,16.3024948183766));
#4148=CARTESIAN_POINT('Ctrl Pts',(9.85231354353625,-72.8999999999998,15.1775684892984));
#4149=CARTESIAN_POINT('Ctrl Pts',(9.98468796609088,-73.0323744227611,15.2535942958719));
#4150=CARTESIAN_POINT('Ctrl Pts',(10.1184989086967,-73.1661853655667,15.3270710130818));
#4151=CARTESIAN_POINT('Ctrl Pts',(10.2523135429374,-73.2999999999998,15.3978558009571));
#4152=CARTESIAN_POINT('Origin',(8.35311814354553,-73.0999999999998,12.6079307419405));
#4153=CARTESIAN_POINT('Ctrl Pts',(5.12769099748588,-73.2999999999998,13.6015326367965));
#4154=CARTESIAN_POINT('Ctrl Pts',(5.22705205385738,-73.165422817046,13.4669554538427));
#4155=CARTESIAN_POINT('Ctrl Pts',(5.33054800603497,-73.0314638104914,13.3329964472881));
#4156=CARTESIAN_POINT('Ctrl Pts',(5.43794031184754,-72.8999999999998,13.2015326367965));
#4157=CARTESIAN_POINT('Origin',(1.69939589883431,-73.0999999999998,13.4015326367965));
#4158=CARTESIAN_POINT('Ctrl Pts',(3.61467526126043,-73.2999999999998,13.6015326367965));
#4159=CARTESIAN_POINT('Ctrl Pts',(3.54866738921361,-73.1663413434135,13.4678739802103));
#4160=CARTESIAN_POINT('Ctrl Pts',(3.47645997979341,-73.0305457182592,13.332078355056));
#4161=CARTESIAN_POINT('Ctrl Pts',(3.39879179766871,-72.8999999999998,13.2015326367965));
#4162=CARTESIAN_POINT('',(1.69939589883431,-72.8999999999998,13.2015326367965));
#4163=CARTESIAN_POINT('Origin',(2.34420062885914,-73.0999999999998,12.6289617096016));
#4164=CARTESIAN_POINT('Ctrl Pts',(3.56882404179155,-73.2999999999998,11.5992542285674));
#4165=CARTESIAN_POINT('Ctrl Pts',(3.50665267885315,-73.166495694514,11.7327585340532));
#4166=CARTESIAN_POINT('Ctrl Pts',(3.43871961584658,-73.030785511859,11.8684687167082));
#4167=CARTESIAN_POINT('Ctrl Pts',(3.36570368236881,-72.8999999999998,11.9992542285674));
#4168=CARTESIAN_POINT('Origin',(2.72052525502361,-73.0999999999998,11.7992542285674));
#4169=CARTESIAN_POINT('',(2.72052525502361,-72.8999999999998,11.9992542285674));
#4170=CARTESIAN_POINT('Ctrl Pts',(5.1323734018174,-73.2999999999998,11.5992542285674));
#4171=CARTESIAN_POINT('Ctrl Pts',(5.23123690477422,-73.1654393158429,11.7338149127243));
#4172=CARTESIAN_POINT('Ctrl Pts',(5.33420815158289,-73.0314833646916,11.8677708638756));
#4173=CARTESIAN_POINT('Ctrl Pts',(5.44105051004731,-72.8999999999998,11.9992542285674));
#4174=CARTESIAN_POINT('Origin',(8.35311814354553,-73.0999999999998,12.6079307419405));
#4175=CARTESIAN_POINT('Origin',(5.44105051004731,-73.2999999999998,11.9992542285674));
#4176=CARTESIAN_POINT('Origin',(9.85231353405798,-73.2999999999998,18.6639299513298));
#4177=CARTESIAN_POINT('',(9.85231353405798,-72.2499999999998,18.6639299513298));
#4178=CARTESIAN_POINT('',(9.85231353405798,-73.2999999999998,18.6639299513298));
#4179=CARTESIAN_POINT('',(9.85231354300485,-70.3499999999998,15.373033416949));
#4180=CARTESIAN_POINT('',(9.85231353567665,-71.9062499999998,18.068537486228));
#4181=CARTESIAN_POINT('',(9.85231354353625,-70.3499999999998,15.1775684892984));
#4182=CARTESIAN_POINT('Origin',(6.86821987100025,-73.2999999999998,18.6639299432171));
#4183=CARTESIAN_POINT('',(6.86821987100025,-72.2499999999998,18.6639299432171));
#4184=CARTESIAN_POINT('',(6.86821987100025,-73.2999999999998,18.6639299432171));
#4185=CARTESIAN_POINT('',(7.6106690011348,-72.2499999999998,18.6639299452356));
#4186=CARTESIAN_POINT('Origin',(-4.33303437325853,-73.0999999999998,16.2647230542424));
#4187=CARTESIAN_POINT('',(-4.13303437452185,-72.8999999999998,18.5883864523113));
#4188=CARTESIAN_POINT('',(-4.53303437430438,-73.2999999999998,18.1883864520938));
#4189=CARTESIAN_POINT('',(-4.13303437615267,-72.8999999999998,21.5879830627064));
#4190=CARTESIAN_POINT('',(-4.13303437325853,-72.8999999999998,16.2647230543512));
#4191=CARTESIAN_POINT('',(-4.13303437615267,-72.8999999999998,21.5879830627064));
#4192=CARTESIAN_POINT('Origin',(-0.295009859165128,-73.0999999999998,18.388386454398));
#4193=CARTESIAN_POINT('',(-0.59001971602098,-72.8999999999998,18.5883864542376));
#4194=CARTESIAN_POINT('Ctrl Pts',(-0.805474740394546,-73.2999999999998,
18.1883864541204));
#4195=CARTESIAN_POINT('Ctrl Pts',(-0.736231189848399,-73.1662165240543,
18.3221699301036));
#4196=CARTESIAN_POINT('Ctrl Pts',(-0.66436669341069,-73.0324120133048,18.4559744408921));
#4197=CARTESIAN_POINT('Ctrl Pts',(-0.590019716020979,-72.8999999999998,
18.5883864542376));
#4198=CARTESIAN_POINT('',(-0.295009859273864,-72.8999999999998,18.588386454398));
#4199=CARTESIAN_POINT('Origin',(1.9500203422036,-73.0999999999998,20.1371993876206));
#4200=CARTESIAN_POINT('',(-0.647257410098939,-72.8999999999998,21.5879830646015));
#4201=CARTESIAN_POINT('Origin',(1.9500203422036,-72.8999999999998,20.1371993876206));
#4202=CARTESIAN_POINT('Ctrl Pts',(-0.872252639184591,-73.2999999999998,
21.9879830644792));
#4203=CARTESIAN_POINT('Ctrl Pts',(-0.799966899757721,-73.1661541107031,
21.8541371752218));
#4204=CARTESIAN_POINT('Ctrl Pts',(-0.724919431822027,-73.0323367543782,
21.7203198189377));
#4205=CARTESIAN_POINT('Ctrl Pts',(-0.647257410098935,-72.8999999999998,
21.5879830646015));
#4206=CARTESIAN_POINT('Origin',(-2.06651719026385,-73.0999999999998,21.7879830638299));
#4207=CARTESIAN_POINT('',(-2.06651719015512,-72.8999999999998,21.5879830638299));
#4208=CARTESIAN_POINT('Origin',(-4.13303437615267,-73.2999999999998,21.5879830627064));
#4209=CARTESIAN_POINT('',(-4.13303437615267,-72.2499999999998,21.5879830627064));
#4210=CARTESIAN_POINT('',(-4.13303437615267,-73.2999999999998,21.5879830627064));
#4211=CARTESIAN_POINT('',(-0.842137841771816,-70.3499999999998,21.5879830644955));
#4212=CARTESIAN_POINT('',(-3.53764191105087,-71.9062499999998,21.5879830630301));
#4213=CARTESIAN_POINT('',(-0.647257410098948,-70.3499999999998,21.5879830646015));
#4214=CARTESIAN_POINT('',(-0.647257410098948,-70.3499999999998,21.5879830646015));
#4215=CARTESIAN_POINT('',(-0.647257410098938,-73.2999999999998,21.5879830646015));
#4216=CARTESIAN_POINT('Origin',(-4.13303437452185,-73.2999999999998,18.5883864523113));
#4217=CARTESIAN_POINT('',(-4.13303437452185,-72.2499999999998,18.5883864523113));
#4218=CARTESIAN_POINT('',(-4.13303437452185,-73.2999999999998,18.5883864523113));
#4219=CARTESIAN_POINT('',(-4.13303437494288,-72.2499999999998,19.3627929187348));
#4220=CARTESIAN_POINT('Origin',(-8.34702320533103,-72.0999999999999,12.6346911411087));
#4221=CARTESIAN_POINT('',(-5.42940405291007,-71.8999999999998,12.0532072794011));
#4222=CARTESIAN_POINT('',(-5.02249293496598,-72.2999999999998,12.053207279401));
#4223=CARTESIAN_POINT('Ctrl Pts',(-5.02249293496597,-72.2999999999998,12.053207279401));
#4224=CARTESIAN_POINT('Ctrl Pts',(-5.23876459213853,-72.0869624678836,12.0532072794011));
#4225=CARTESIAN_POINT('Ctrl Pts',(-5.42940405291007,-71.8999999999998,12.0532072794011));
#4226=CARTESIAN_POINT('',(-5.0291313277736,-72.2999999999998,13.2529293547759));
#4227=CARTESIAN_POINT('Origin',(-8.34702320533103,-72.2999999999999,12.6346911411087));
#4228=CARTESIAN_POINT('',(-5.43697054065956,-71.8999999999998,13.2529293547759));
#4229=CARTESIAN_POINT('Ctrl Pts',(-5.43697054065955,-71.8999999999999,13.2529293547759));
#4230=CARTESIAN_POINT('Ctrl Pts',(-5.24589626376203,-72.0869029272724,13.2529293547759));
#4231=CARTESIAN_POINT('Ctrl Pts',(-5.0291313277736,-72.2999999999998,13.2529293547759));
#4232=CARTESIAN_POINT('Origin',(-8.34702320533103,-71.8999999999999,12.6346911411087));
#4233=CARTESIAN_POINT('Origin',(-4.35685437356675,-72.2999999999998,12.6530683170884));
#4234=CARTESIAN_POINT('',(-3.75029855174327,-72.2999999999998,12.0532072794009));
#4235=CARTESIAN_POINT('',(-3.31126108054012,-72.2999999999998,12.0532072794009));
#4236=CARTESIAN_POINT('',(-3.72611681228637,-72.2999999999998,13.2529293547757));
#4237=CARTESIAN_POINT('Origin',(-2.25526226529256,-72.2999999999998,12.6231778946046));
#4238=CARTESIAN_POINT('',(-3.27673820647395,-72.2999999999998,13.2529293547757));
#4239=CARTESIAN_POINT('Origin',(-2.25526226529256,-72.0999999999998,12.6231778946046));
#4240=CARTESIAN_POINT('Ctrl Pts',(-3.72611681228638,-72.2999999999998,13.2529293547757));
#4241=CARTESIAN_POINT('Ctrl Pts',(-3.46932903753633,-72.0639390836851,13.2529293547757));
#4242=CARTESIAN_POINT('Ctrl Pts',(-3.27673820647395,-71.8999999999998,13.2529293547757));
#4243=CARTESIAN_POINT('Ctrl Pts',(-3.31126108054011,-71.8999999999998,12.0532072794009));
#4244=CARTESIAN_POINT('Ctrl Pts',(-3.49941999676992,-72.0655796605139,12.0532072794009));
#4245=CARTESIAN_POINT('Ctrl Pts',(-3.75029855174328,-72.2999999999998,12.0532072794009));
#4246=CARTESIAN_POINT('Origin',(-2.25526226529256,-73.0999999999998,12.6231778946046));
#4247=CARTESIAN_POINT('Ctrl Pts',(-3.47984869763432,-73.2999999999998,13.6529293547757));
#4248=CARTESIAN_POINT('Ctrl Pts',(-3.41768030506779,-73.1664958088618,13.5194251636377));
#4249=CARTESIAN_POINT('Ctrl Pts',(-3.34975054657277,-73.0307856901178,13.3837150448937));
#4250=CARTESIAN_POINT('Ctrl Pts',(-3.27673820647395,-72.8999999999998,13.2529293547757));
#4251=CARTESIAN_POINT('Ctrl Pts',(-3.52772326887628,-73.2999999999998,11.6532072794009));
#4252=CARTESIAN_POINT('Ctrl Pts',(-3.46154168388392,-73.1663340344268,11.7868732449739));
#4253=CARTESIAN_POINT('Ctrl Pts',(-3.38914043827487,-73.0305344028146,11.9226728765861));
#4254=CARTESIAN_POINT('Ctrl Pts',(-3.31126108054012,-72.8999999999998,12.0532072794009));
#4255=CARTESIAN_POINT('Origin',(-2.71848527032984,-73.0999999999998,13.4529293547756));
#4256=CARTESIAN_POINT('',(-5.43697054065955,-72.8999999999998,13.2529293547759));
#4257=CARTESIAN_POINT('Ctrl Pts',(-5.12928860778762,-73.2999999999998,13.6529293547759));
#4258=CARTESIAN_POINT('Ctrl Pts',(-5.22783713655918,-73.1654496977995,13.5183790525756));
#4259=CARTESIAN_POINT('Ctrl Pts',(-5.33047625671683,-73.0314956719667,13.3844250267428));
#4260=CARTESIAN_POINT('Ctrl Pts',(-5.43697054065956,-72.8999999999998,13.2529293547759));
#4261=CARTESIAN_POINT('',(-2.71848527032986,-72.8999999999998,13.2529293547756));
#4262=CARTESIAN_POINT('Origin',(-6.74129556620432,-73.0999999999998,16.2884378570004));
#4263=CARTESIAN_POINT('',(-6.94129556748053,-72.8999999999998,18.635816058919));
#4264=CARTESIAN_POINT('',(-6.54129556769799,-73.2999999999998,19.0358160591365));
#4265=CARTESIAN_POINT('',(-6.94129556564335,-72.8999999999998,15.2566283644262));
#4266=CARTESIAN_POINT('',(-6.94129556620432,-72.8999999999998,16.2884378568916));
#4267=CARTESIAN_POINT('Ctrl Pts',(-6.94129556564334,-72.8999999999998,15.2566283644262));
#4268=CARTESIAN_POINT('Ctrl Pts',(-6.80899477768569,-73.0323007880005,15.3358125523889));
#4269=CARTESIAN_POINT('Ctrl Pts',(-6.67517132644174,-73.166124239286,15.4123208005225));
#4270=CARTESIAN_POINT('Ctrl Pts',(-6.54129556576805,-73.2999999999998,15.486001838265));
#4271=CARTESIAN_POINT('Origin',(-4.96699813641596,-73.0999999999998,18.8358160599924));
#4272=CARTESIAN_POINT('',(-9.93399627006194,-72.8999999999998,18.6358160572919));
#4273=CARTESIAN_POINT('',(-10.3339962702794,-73.2999999999998,19.0358160570745));
#4274=CARTESIAN_POINT('',(-4.96699813630723,-72.8999999999998,18.6358160599924));
#4275=CARTESIAN_POINT('Origin',(-10.1339962678385,-73.0999999999998,14.5460627338539));
#4276=CARTESIAN_POINT('',(-9.93399626816738,-72.8999999999998,15.1510658146881));
#4277=CARTESIAN_POINT('',(-9.93399626783845,-72.8999999999998,14.5460627339626));
#4278=CARTESIAN_POINT('Ctrl Pts',(-10.3339962682825,-73.2999999999998,15.3627972693789));
#4279=CARTESIAN_POINT('Ctrl Pts',(-10.2002361719777,-73.166239903732,15.2947417730312));
#4280=CARTESIAN_POINT('Ctrl Pts',(-10.0664365134798,-73.0324402452725,15.2241195732838));
#4281=CARTESIAN_POINT('Ctrl Pts',(-9.93399626816739,-72.8999999999998,15.1510658146881));
#4282=CARTESIAN_POINT('Origin',(-8.34702320533103,-73.0999999999998,12.6346911411087));
#4283=CARTESIAN_POINT('',(-5.42940405291007,-72.8999999999998,12.0532072794011));
#4284=CARTESIAN_POINT('Origin',(-8.34702320533103,-72.8999999999998,12.6346911411087));
#4285=CARTESIAN_POINT('Ctrl Pts',(-5.11788796053135,-73.2999999999998,11.653207279401));
#4286=CARTESIAN_POINT('Ctrl Pts',(-5.21764986605225,-73.1654094367476,11.7877978426532));
#4287=CARTESIAN_POINT('Ctrl Pts',(-5.32156859259999,-73.0314479561165,11.9217593232844));
#4288=CARTESIAN_POINT('Ctrl Pts',(-5.42940405291007,-72.8999999999998,12.0532072794011));
#4289=CARTESIAN_POINT('Origin',(-8.34702320533103,-73.0999999999998,12.6346911411087));
#4290=CARTESIAN_POINT('Origin',(-8.34702320533103,-72.8999999999998,12.6346911411087));
#4291=CARTESIAN_POINT('Origin',(-1.65563054027022,-73.0999999999998,11.8532072794007));
#4292=CARTESIAN_POINT('',(-1.6556305402702,-72.8999999999998,12.0532072794007));
#4293=CARTESIAN_POINT('Origin',(-5.43697054065955,-73.2999999999998,13.2529293547759));
#4294=CARTESIAN_POINT('',(-5.43697054065955,-73.2999999999998,13.2529293547759));
#4295=CARTESIAN_POINT('Origin',(-6.94129556748053,-73.2999999999998,18.635816058919));
#4296=CARTESIAN_POINT('',(-6.94129556748053,-72.2499999999998,18.635816058919));
#4297=CARTESIAN_POINT('',(-6.94129556748053,-73.2999999999998,18.635816058919));
#4298=CARTESIAN_POINT('',(-6.94129556569136,-70.3499999999998,15.3449195245381));
#4299=CARTESIAN_POINT('',(-6.94129556715683,-71.9062499999998,18.0404235938172));
#4300=CARTESIAN_POINT('',(-6.94129556564336,-70.3499999999998,15.2566283644262));
#4301=CARTESIAN_POINT('',(-6.94129556564336,-70.3499999999998,15.2566283644262));
#4302=CARTESIAN_POINT('',(-6.94129556564335,-73.2999999999998,15.2566283644262));
#4303=CARTESIAN_POINT('Origin',(7.61066900560824,-71.2999999999998,17.0184816780451));
#4304=CARTESIAN_POINT('',(6.86821987994712,-70.3499999999998,15.3730334088362));
#4305=CARTESIAN_POINT('',(6.86821987616483,-71.1532250497158,16.7642600048565));
#4306=CARTESIAN_POINT('',(7.61066901008167,-70.3499999999998,15.3730334108547));
#4307=CARTESIAN_POINT('Origin',(8.35311814354552,-70.3499999999998,14.1484303466352));
#4308=CARTESIAN_POINT('',(6.86821988045599,-70.3499999999998,15.1858566811936));
#4309=CARTESIAN_POINT('Origin',(-9.14050973802193,-71.2999999999998,16.9903677905329));
#4310=CARTESIAN_POINT('',(-9.93399627006195,-72.2499999999999,18.6358160572919));
#4311=CARTESIAN_POINT('',(-9.14050973891651,-72.2499999999999,18.6358160577233));
#4312=CARTESIAN_POINT('',(-9.93399626827278,-70.3499999999999,15.3449195229111));
#4313=CARTESIAN_POINT('',(-9.93399626902779,-71.1517794410151,16.7336422512137));
#4314=CARTESIAN_POINT('',(-9.14050973712734,-70.3499999999999,15.3449195233425));
#4315=CARTESIAN_POINT('Origin',(-8.34702320533104,-70.3499999999999,14.1477536000138));
#4316=CARTESIAN_POINT('',(-9.93399626816739,-70.3499999999999,15.1510658146881));
#4317=CARTESIAN_POINT('',(-9.93399626816739,-70.3499999999999,15.1510658146881));
#4318=CARTESIAN_POINT('',(-11.1417420876462,-70.3499999999998,13.6545790608484));
#4319=CARTESIAN_POINT('Origin',(-8.34702320533104,-70.3499999999999,12.6346911411087));
#4320=CARTESIAN_POINT('',(-5.55230432301565,-70.3499999999998,13.6545790608478));
#4321=CARTESIAN_POINT('',(-9.74438264648866,-70.3499999999999,13.6545790608482));
#4322=CARTESIAN_POINT('Origin',(-8.34702320533104,-70.3499999999999,12.6346911411087));
#4323=CARTESIAN_POINT('Origin',(-2.48758610775246,-71.2999999999998,19.3627929196294));
#4324=CARTESIAN_POINT('',(-0.842137840141,-70.3499999999998,18.5883864541005));
#4325=CARTESIAN_POINT('',(-2.20901141248223,-71.1391648249392,18.5883864533574));
#4326=CARTESIAN_POINT('',(-0.842137840562028,-70.3499999999998,19.362792920524));
#4327=CARTESIAN_POINT('Origin',(-0.590019716020979,-73.2999999999998,18.5883864542376));
#4328=CARTESIAN_POINT('',(-0.590019716020989,-70.3499999999998,18.5883864542376));
#4329=CARTESIAN_POINT('',(-0.590019716020979,-73.2999999999998,18.5883864542376));
#4330=CARTESIAN_POINT('',(-0.590019716020989,-70.3499999999998,18.5883864542376));
#4331=CARTESIAN_POINT('Origin',(-14.0965925826392,-72.7999999999998,24.3000003872727));
#4332=CARTESIAN_POINT('Origin',(-14.0965925826392,-72.7999999999998,25.5000003872727));
#4333=CARTESIAN_POINT('Origin',(-15.2965925826392,-72.7999999999998,24.3000003872727));
#4334=CARTESIAN_POINT('Origin',(-11.6843120146692,-72.799999991347,10.0000001041507));
#4335=CARTESIAN_POINT('Origin',(-14.1843120146692,-72.7999999914158,10.0000001041507));
#4336=CARTESIAN_POINT('Origin',(-11.6843120146692,-72.7999999921344,7.50000010415066));
#4337=CARTESIAN_POINT('Origin',(-14.1843120146692,-72.7999999912431,10.5481948274037));
#4338=CARTESIAN_POINT('Origin',(14.0965925826115,-72.7999999999998,24.3000003872727));
#4339=CARTESIAN_POINT('Origin',(15.2965925826115,-72.7999999999998,24.3000003872727));
#4340=CARTESIAN_POINT('Origin',(14.0965925826115,-72.7999999999998,25.5000003872727));
#4341=CARTESIAN_POINT('Origin',(-2.63250917383275,-72.7999999918854,7.50000010415066));
#4342=CARTESIAN_POINT('Ctrl Pts',(-4.45737835629192,-72.7999999920931,7.00000010415066));
#4343=CARTESIAN_POINT('Ctrl Pts',(-4.45737835629055,-72.8497710246254,7.00000010416633));
#4344=CARTESIAN_POINT('Ctrl Pts',(-4.46385203148569,-72.8984768008432,7.0074195225911));
#4345=CARTESIAN_POINT('Ctrl Pts',(-4.48961566942388,-72.9967170097086,7.03712430499224));
#4346=CARTESIAN_POINT('Ctrl Pts',(-4.50993150166592,-73.043897954301,7.06061824536425));
#4347=CARTESIAN_POINT('Ctrl Pts',(-4.56607299703775,-73.138274915344,7.12619513824414));
#4348=CARTESIAN_POINT('Ctrl Pts',(-4.60433794900096,-73.1813953128665,7.17130140462415));
#4349=CARTESIAN_POINT('Ctrl Pts',(-4.68000737362734,-73.2424761581363,7.26184768953867));
#4350=CARTESIAN_POINT('Ctrl Pts',(-4.7168610458106,-73.2635035552361,7.30642463059914));
#4351=CARTESIAN_POINT('Ctrl Pts',(-4.79271665551553,-73.2922248602587,7.39932306089453));
#4352=CARTESIAN_POINT('Ctrl Pts',(-4.8320103226863,-73.2996821781027,7.44802718980154));
#4353=CARTESIAN_POINT('Ctrl Pts',(-4.87175725656605,-73.2999966772883,7.4978979364879));
#4354=CARTESIAN_POINT('Ctrl Pts',(-4.87259471195679,-73.2999999919474,7.49894896849572));
#4355=CARTESIAN_POINT('Ctrl Pts',(-4.87343203424005,-73.2999999919471,7.50000010430814));
#4356=CARTESIAN_POINT('Origin',(-1.37359013052681E-11,-72.7999999999998,
6.38211808549069));
#4357=CARTESIAN_POINT('',(-4.29160529033695,-72.7999999999998,7.73567784851201));
#4358=CARTESIAN_POINT('',(4.4446079406257,-72.8000000001574,7.08600746174621));
#4359=CARTESIAN_POINT('Origin',(-1.37359013052681E-11,-72.7999999999998,
6.38211808549069));
#4360=CARTESIAN_POINT('Ctrl Pts',(4.4446079406257,-72.8000000001574,7.08600746174621));
#4361=CARTESIAN_POINT('Ctrl Pts',(4.44460794063927,-72.8503454632286,7.08600746176197));
#4362=CARTESIAN_POINT('Ctrl Pts',(4.45111246572354,-72.8996308597833,7.09354497535243));
#4363=CARTESIAN_POINT('Ctrl Pts',(4.47697503739411,-72.9987960743087,7.1236943825432));
#4364=CARTESIAN_POINT('Ctrl Pts',(4.49731864532701,-73.0463344869349,7.14748063850019));
#4365=CARTESIAN_POINT('Ctrl Pts',(4.55333889939863,-73.1408767264226,7.21363576714386));
#4366=CARTESIAN_POINT('Ctrl Pts',(4.59133370520119,-73.1838698167479,7.25891003966804));
#4367=CARTESIAN_POINT('Ctrl Pts',(4.66582975320977,-73.2439899901331,7.34900013227296));
#4368=CARTESIAN_POINT('Ctrl Pts',(4.70164526012559,-73.2644689781499,7.3927653289707));
#4369=CARTESIAN_POINT('Ctrl Pts',(4.77534808139768,-73.2924287199269,7.48391039644727));
#4370=CARTESIAN_POINT('Ctrl Pts',(4.81348652650928,-73.2996863524443,7.53162351980773));
#4371=CARTESIAN_POINT('Ctrl Pts',(4.85209853587929,-73.2999966838799,7.58049971266168));
#4372=CARTESIAN_POINT('Ctrl Pts',(4.85292338252159,-73.2999999999998,7.58154409027291));
#4373=CARTESIAN_POINT('Ctrl Pts',(4.85374810033831,-73.2999999999998,7.58258856756408));
#4374=CARTESIAN_POINT('Origin',(-4.76845032259508,-72.7999999999998,7.8860733777366));
#4375=CARTESIAN_POINT('Origin',(15.7965925826115,-72.7999999999998,18.2499999998464));
#4376=CARTESIAN_POINT('',(14.6843120146415,-72.7999999999998,13.8896293804934));
#4377=CARTESIAN_POINT('Ctrl Pts',(14.1843120146417,-73.2999999999998,13.5170779246219));
#4378=CARTESIAN_POINT('Ctrl Pts',(14.1853640999072,-73.2999999999998,13.51783098365));
#4379=CARTESIAN_POINT('Ctrl Pts',(14.1864161010034,-73.2999966793495,13.5185841621654));
#4380=CARTESIAN_POINT('Ctrl Pts',(14.2336818593634,-73.2996983331173,13.552432090701));
#4381=CARTESIAN_POINT('Ctrl Pts',(14.2797794357466,-73.2930000407643,13.5857975937851));
#4382=CARTESIAN_POINT('Ctrl Pts',(14.3682315967529,-73.2671789350735,13.6504954406891));
#4383=CARTESIAN_POINT('Ctrl Pts',(14.4108008434091,-73.2482427969718,13.6819724516025));
#4384=CARTESIAN_POINT('Ctrl Pts',(14.5019175153801,-73.190889158649,13.7499890602191));
#4385=CARTESIAN_POINT('Ctrl Pts',(14.5488733370874,-73.1483259257711,13.7855455229565));
#4386=CARTESIAN_POINT('Ctrl Pts',(14.6185402017313,-73.0534130965238,13.8387608094346));
#4387=CARTESIAN_POINT('Ctrl Pts',(14.6438630330425,-73.0048577325932,13.8582959468628));
#4388=CARTESIAN_POINT('Ctrl Pts',(14.6762028554937,-72.9030193314871,13.8833175107833));
#4389=CARTESIAN_POINT('Ctrl Pts',(14.6843120146415,-72.8520299440928,13.8896293804934));
#4390=CARTESIAN_POINT('Ctrl Pts',(14.6843120146415,-72.7999999999998,13.8896293804934));
#4391=CARTESIAN_POINT('',(15.7965925826115,-72.799999999986,22.7499999998463));
#4392=CARTESIAN_POINT('Origin',(15.7965925826115,-72.7999999999998,18.2499999998464));
#4393=CARTESIAN_POINT('Ctrl Pts',(15.7965925826115,-72.7999999999998,22.7499999998464));
#4394=CARTESIAN_POINT('Ctrl Pts',(15.7965925826115,-72.8467702445635,22.7499999998464));
#4395=CARTESIAN_POINT('Ctrl Pts',(15.7900416143579,-72.8924594274463,22.7565628020294));
#4396=CARTESIAN_POINT('Ctrl Pts',(15.7636839838522,-72.9857593397987,22.7828108154725));
#4397=CARTESIAN_POINT('Ctrl Pts',(15.7425705428865,-73.0309855167431,22.8037716502878));
#4398=CARTESIAN_POINT('Ctrl Pts',(15.6825174241991,-73.1241657035548,22.8627883302105));
#4399=CARTESIAN_POINT('Ctrl Pts',(15.6401096981508,-73.1677797926733,22.9040606908224));
#4400=CARTESIAN_POINT('Ctrl Pts',(15.5506731450857,-73.2340219418749,22.9897269971033));
#4401=CARTESIAN_POINT('Ctrl Pts',(15.5034036569284,-73.2581045975884,23.0344284427823));
#4402=CARTESIAN_POINT('Ctrl Pts',(15.4045023375553,-73.2910811607056,23.1265770565482));
#4403=CARTESIAN_POINT('Ctrl Pts',(15.3521802076645,-73.2996597619149,23.1746282855016));
#4404=CARTESIAN_POINT('Ctrl Pts',(15.2986924205379,-73.2999966925904,23.2230375385365));
#4405=CARTESIAN_POINT('Ctrl Pts',(15.2976425682262,-73.2999999999998,23.223987437656));
#4406=CARTESIAN_POINT('Ctrl Pts',(15.2965925826115,-73.2999999999998,23.2249371853795));
#4407=CARTESIAN_POINT('Origin',(11.6843120146431,-72.7999999999998,10.0253041233821));
#4408=CARTESIAN_POINT('',(11.6591147072124,-72.8000000001574,7.02540994263198));
#4409=CARTESIAN_POINT('Origin',(11.6633142584508,-72.7999999999998,7.52539230609033));
#4410=CARTESIAN_POINT('',(14.6843120146431,-72.799999999986,10.0253041233833));
#4411=CARTESIAN_POINT('Origin',(11.6843120146431,-72.8000000000685,10.0253041233821));
#4412=CARTESIAN_POINT('Origin',(14.1843120146431,-72.7999999999998,10.0253041233831));
#4413=CARTESIAN_POINT('Origin',(7.31772520333139,-72.7999999999998,7.56189264136617));
#4414=CARTESIAN_POINT('',(7.31352565209294,-72.8000000001574,7.06191027790782));
#4415=CARTESIAN_POINT('Origin',(11.6843120146568,-73.3000000002144,10.0253041235396));
#4416=CARTESIAN_POINT('',(14.6843120146568,-73.3000000001319,10.0253041235408));
#4417=CARTESIAN_POINT('',(11.6591147072261,-73.30000000116,7.02540994278947));
#4418=CARTESIAN_POINT('Origin',(14.1843120146415,-72.7999999999998,13.9153445196472));
#4419=CARTESIAN_POINT('',(14.6843120146415,-72.799999999986,13.9153445196474));
#4420=CARTESIAN_POINT('Origin',(-1.37359015207788E-11,-72.7999999921651,
6.38211808549069));
#4421=CARTESIAN_POINT('Origin',(-1.37359015207788E-11,-72.7999999921651,
6.38211808549069));
#4422=CARTESIAN_POINT('Origin',(15.2965925826115,-72.7999999999998,19.9705300230341));
#4423=CARTESIAN_POINT('',(15.7965925826115,-72.799999999986,19.9705300230341));
#4424=CARTESIAN_POINT('Origin',(-7.89829629131277,-72.7999999999998,25.5000003872727));
#4425=CARTESIAN_POINT('Origin',(-15.2965925826392,-72.7999999999998,18.3455298293209));
#4426=CARTESIAN_POINT('Ctrl Pts',(-15.7965925826392,-72.8000000000136,22.7499999998464));
#4427=CARTESIAN_POINT('Ctrl Pts',(-15.7965925826379,-72.8467702445726,22.7499999998476));
#4428=CARTESIAN_POINT('Ctrl Pts',(-15.7900416143844,-72.8924594274507,22.7565628020307));
#4429=CARTESIAN_POINT('Ctrl Pts',(-15.7636839838799,-72.9857593397988,22.7828108154725));
#4430=CARTESIAN_POINT('Ctrl Pts',(-15.7425705429142,-73.0309855167432,22.8037716502878));
#4431=CARTESIAN_POINT('Ctrl Pts',(-15.6825174242268,-73.1241657035548,22.8627883302106));
#4432=CARTESIAN_POINT('Ctrl Pts',(-15.6401096981785,-73.1677797926733,22.9040606908224));
#4433=CARTESIAN_POINT('Ctrl Pts',(-15.5506731451134,-73.2340219418749,22.9897269971033));
#4434=CARTESIAN_POINT('Ctrl Pts',(-15.5034036569561,-73.2581045975884,23.0344284427823));
#4435=CARTESIAN_POINT('Ctrl Pts',(-15.4045023375831,-73.2910811607056,23.1265770565481));
#4436=CARTESIAN_POINT('Ctrl Pts',(-15.3521802076924,-73.299659761915,23.1746282855015));
#4437=CARTESIAN_POINT('Ctrl Pts',(-15.2986924205656,-73.2999966925905,23.2230375385365));
#4438=CARTESIAN_POINT('Ctrl Pts',(-15.2976425682539,-73.2999999999998,23.223987437656));
#4439=CARTESIAN_POINT('Ctrl Pts',(-15.2965925826392,-73.2999999999998,23.2249371853795));
#4440=CARTESIAN_POINT('Origin',(-15.7965925826392,-72.7999999999998,18.2499999998464));
#4441=CARTESIAN_POINT('Origin',(-15.7965925826392,-72.7999999999998,18.2499999998464));
#4442=CARTESIAN_POINT('Origin',(1.77635683940025E-14,-73.2999999999998,
6.38211808564818));
#4443=CARTESIAN_POINT('',(4.44460794063946,-73.2999999999998,7.0860074619037));
#4444=CARTESIAN_POINT('Origin',(-15.7965925826254,-73.2999999999999,18.2500000000038));
#4445=CARTESIAN_POINT('Origin',(3.39879179766872,-73.2999999999998,13.2015326367965));
#4446=CARTESIAN_POINT('Origin',(-3.31126108054012,-73.2999999999998,12.0532072794009));
#4447=CARTESIAN_POINT('',(-5.42940405291007,-73.2999999999998,12.0532072794011));
#4448=CARTESIAN_POINT('Origin',(-8.34702320533103,-73.2999999999999,12.6346911411087));
#4449=CARTESIAN_POINT('Origin',(-8.34702320533104,-70.3499999999999,12.6346911411087));
#4450=CARTESIAN_POINT('',(-11.1417420876462,-70.1499999999998,13.6545790608484));
#4451=CARTESIAN_POINT('Origin',(-8.34702320533104,-70.1499999999998,12.6346911411087));
#4452=CARTESIAN_POINT('',(-11.1417420876462,-70.3499999999998,13.6545790608484));
#4453=CARTESIAN_POINT('',(-9.93399626816738,-73.2999999999999,15.1510658146881));
#4454=CARTESIAN_POINT('',(-5.55230432301565,-70.3499999999998,13.6545790608478));
#4455=CARTESIAN_POINT('Origin',(11.1518470543819,-70.3499999999998,11.5990989999494));
#4456=CARTESIAN_POINT('',(9.7524825989637,-70.3499999999998,11.5990989999494));
#4457=CARTESIAN_POINT('',(5.57744726174456,-70.1499999999998,11.5990989999494));
#4458=CARTESIAN_POINT('Origin',(0.00304746910723986,-70.1499999999998,12.6268390303989));
#4459=CARTESIAN_POINT('',(-5.56934730926945,-70.1499999999998,13.6545790608478));
#4460=CARTESIAN_POINT('Origin',(-11.1417420876462,-70.3499999999998,13.6545790608484));
#4461=CARTESIAN_POINT('Origin',(0.00304746910724097,-70.1499999999998,12.6268390303989));
#4462=CARTESIAN_POINT('Origin',(-9.93399627006194,-73.2999999999999,18.6358160572919));
#4463=CARTESIAN_POINT('',(-9.93399627006194,-73.2999999999999,18.6358160572919));
#4464=CARTESIAN_POINT('Origin',(-9.93399626816738,-73.2999999999999,15.1510658146881));
#4465=CARTESIAN_POINT('Origin',(-8.34702320533104,-70.3499999999999,14.1477536000138));
#4466=CARTESIAN_POINT('Origin',(6.868219880456,-73.2999999999998,15.1858566811936));
#4467=CARTESIAN_POINT('Origin',(8.35311814354552,-70.3499999999998,14.1484303466352));
#4468=CARTESIAN_POINT('Origin',(1.9500203422036,-73.2999999999998,20.1371993876206));
#4469=CARTESIAN_POINT('Origin',(1.95002034220359,-70.3499999999998,20.1371993876206));
#4470=CARTESIAN_POINT('Origin',(0.395992983025456,-70.3499999999998,20.1371993876206));
#4471=CARTESIAN_POINT('Origin',(15.7965925826253,-73.2999999999998,26.0000003874302));
#4472=CARTESIAN_POINT('',(15.7965925826253,-73.2999999999998,22.7500000000038));
#4473=CARTESIAN_POINT('Origin',(14.6843120146581,-73.2999999999998,7.00000010430814));
#4474=CARTESIAN_POINT('Origin',(14.6843120146553,-73.2999999999998,13.8896293806509));
#4475=CARTESIAN_POINT('',(14.6843120146553,-73.2999999999998,13.8896293806509));
#4476=CARTESIAN_POINT('Origin',(15.7965925826253,-73.2999999999998,18.2500000000038));
#4477=UNCERTAINTY_MEASURE_WITH_UNIT(LENGTH_MEASURE(0.01),#4481,
'DISTANCE_ACCURACY_VALUE',
'Maximum model space distance between geometric entities at asserted c
onnectivities');
#4478=UNCERTAINTY_MEASURE_WITH_UNIT(LENGTH_MEASURE(0.01),#4481,
'DISTANCE_ACCURACY_VALUE',
'Maximum model space distance between geometric entities at asserted c
onnectivities');
#4479=(
GEOMETRIC_REPRESENTATION_CONTEXT(3)
GLOBAL_UNCERTAINTY_ASSIGNED_CONTEXT((#4477))
GLOBAL_UNIT_ASSIGNED_CONTEXT((#4481,#4482,#4483))
REPRESENTATION_CONTEXT('','3D')
);
#4480=(
GEOMETRIC_REPRESENTATION_CONTEXT(3)
GLOBAL_UNCERTAINTY_ASSIGNED_CONTEXT((#4478))
GLOBAL_UNIT_ASSIGNED_CONTEXT((#4481,#4482,#4483))
REPRESENTATION_CONTEXT('','3D')
);
#4481=(
LENGTH_UNIT()
NAMED_UNIT(*)
SI_UNIT(.MILLI.,.METRE.)
);
#4482=(
NAMED_UNIT(*)
PLANE_ANGLE_UNIT()
SI_UNIT($,.RADIAN.)
);
#4483=(
NAMED_UNIT(*)
SI_UNIT($,.STERADIAN.)
SOLID_ANGLE_UNIT()
);
#4484=SHAPE_DEFINITION_REPRESENTATION(#4485,#4486);
#4485=PRODUCT_DEFINITION_SHAPE('',$,#4488);
#4486=SHAPE_REPRESENTATION('',(#2523),#4479);
#4487=PRODUCT_DEFINITION_CONTEXT('part definition',#4492,'design');
#4488=PRODUCT_DEFINITION('Trinity monolith mgn9 9mm sherpa','(Unsaved)',
#4489,#4487);
#4489=PRODUCT_DEFINITION_FORMATION('',$,#4494);
#4490=PRODUCT_RELATED_PRODUCT_CATEGORY('(Unsaved)','(Unsaved)',(#4494));
#4491=APPLICATION_PROTOCOL_DEFINITION('international standard',
'automotive_design',2009,#4492);
#4492=APPLICATION_CONTEXT(
'Core Data for Automotive Mechanical Design Process');
#4493=PRODUCT_CONTEXT('part definition',#4492,'mechanical');
#4494=PRODUCT('Trinity monolith mgn9 9mm sherpa','(Unsaved)',
'STEP AP214',(#4493));
#4495=PRESENTATION_STYLE_ASSIGNMENT((#4497));
#4496=PRESENTATION_STYLE_ASSIGNMENT((#4498));
#4497=SURFACE_STYLE_USAGE(.BOTH.,#4499);
#4498=SURFACE_STYLE_USAGE(.BOTH.,#4500);
#4499=SURFACE_SIDE_STYLE('',(#4501));
#4500=SURFACE_SIDE_STYLE('',(#4502));
#4501=SURFACE_STYLE_FILL_AREA(#4503);
#4502=SURFACE_STYLE_FILL_AREA(#4504);
#4503=FILL_AREA_STYLE('Steel - Satin',(#4505));
#4504=FILL_AREA_STYLE('Opaque(255,0,0)',(#4506));
#4505=FILL_AREA_STYLE_COLOUR('Steel - Satin',#4507);
#4506=FILL_AREA_STYLE_COLOUR('Opaque(255,0,0)',#4508);
#4507=COLOUR_RGB('Steel - Satin',0.627450980392157,0.627450980392157,0.627450980392157);
#4508=COLOUR_RGB('Opaque(255,0,0)',1.,0.,0.);
ENDSEC;
END-ISO-10303-21;
