ISO-10303-21;
HEADER;
/* Generated by software containing ST-Developer
 * from STEP Tools, Inc. (www.steptools.com) 
 */

FILE_DESCRIPTION(
/* description */ (''),
/* implementation_level */ '2;1');

FILE_NAME(
/* name */ 'Trinity Klicky Dock Mount.step',
/* time_stamp */ '2026-04-08T16:11:17-05:00',
/* author */ (''),
/* organization */ (''),
/* preprocessor_version */ 'ST-DEVELOPER v20.1',
/* originating_system */ 'Autodesk Translation Framework v14.24.0.0',
/* authorisation */ '');

FILE_SCHEMA (('AUTOMOTIVE_DESIGN { 1 0 10303 214 3 1 1 }'));
ENDSEC;

DATA;
#10=MECHANICAL_DESIGN_GEOMETRIC_PRESENTATION_REPRESENTATION('',(#13),#3023);
#11=SHAPE_REPRESENTATION_RELATIONSHIP('SRR','None',#3030,#12);
#12=ADVANCED_BREP_SHAPE_REPRESENTATION('',(#14),#3022);
#13=STYLED_ITEM('',(#3040),#14);
#14=MANIFOLD_SOLID_BREP('Body1',#1867);
#15=CYLINDRICAL_SURFACE('',#1928,2.7);
#16=CYLINDRICAL_SURFACE('',#1936,2.70000000000001);
#17=CYLINDRICAL_SURFACE('',#1945,14.);
#18=CYLINDRICAL_SURFACE('',#1980,2.35000000000001);
#19=CYLINDRICAL_SURFACE('',#1981,2.34999999999999);
#20=CYLINDRICAL_SURFACE('',#1982,14.);
#21=FACE_BOUND('',#183,.T.);
#22=FACE_BOUND('',#184,.T.);
#23=FACE_BOUND('',#185,.T.);
#24=FACE_BOUND('',#196,.T.);
#25=FACE_BOUND('',#197,.T.);
#26=FACE_BOUND('',#214,.T.);
#27=FACE_BOUND('',#215,.T.);
#28=FACE_BOUND('',#216,.T.);
#29=FACE_BOUND('',#217,.T.);
#30=FACE_BOUND('',#218,.T.);
#31=B_SPLINE_CURVE_WITH_KNOTS('',3,(#2577,#2578,#2579,#2580),
 .UNSPECIFIED.,.F.,.F.,(4,4),(-0.069616881328367,0.),.UNSPECIFIED.);
#32=CONICAL_SURFACE('',#1889,13.8,0.785398163397575);
#33=CONICAL_SURFACE('',#1926,2.89999999999999,0.785398163397814);
#34=CONICAL_SURFACE('',#1930,2.89999999999996,0.785398163383667);
#35=CONICAL_SURFACE('',#1934,2.90000000000001,0.785398163397992);
#36=CONICAL_SURFACE('',#1938,2.89999999999998,0.785398163376207);
#37=CONICAL_SURFACE('',#1941,13.8,0.785398163397397);
#38=CONICAL_SURFACE('',#1971,14.2000000010201,0.78539816339742);
#39=CONICAL_SURFACE('',#1973,14.1999999989799,0.785398163397433);
#40=CIRCLE('',#1884,13.6);
#41=CIRCLE('',#1885,14.4000000020402);
#42=CIRCLE('',#1890,14.);
#43=CIRCLE('',#1898,3.09999999999999);
#44=CIRCLE('',#1899,3.10000000000001);
#45=CIRCLE('',#1908,14.3999999979597);
#46=CIRCLE('',#1909,13.6);
#47=CIRCLE('',#1912,2.35000000000025);
#48=CIRCLE('',#1913,2.35000000000027);
#49=CIRCLE('',#1927,2.7);
#50=CIRCLE('',#1929,2.7);
#51=CIRCLE('',#1931,3.09999999999992);
#52=CIRCLE('',#1933,3.09999999999994);
#53=CIRCLE('',#1935,2.70000000000001);
#54=CIRCLE('',#1937,2.70000000000001);
#55=CIRCLE('',#1942,14.);
#56=CIRCLE('',#1972,14.);
#57=CIRCLE('',#1974,14.);
#58=CIRCLE('',#1977,2.35000000000027);
#59=CIRCLE('',#1979,2.35000000000025);
#60=FACE_OUTER_BOUND('',#169,.T.);
#61=FACE_OUTER_BOUND('',#170,.T.);
#62=FACE_OUTER_BOUND('',#171,.T.);
#63=FACE_OUTER_BOUND('',#172,.T.);
#64=FACE_OUTER_BOUND('',#173,.T.);
#65=FACE_OUTER_BOUND('',#174,.T.);
#66=FACE_OUTER_BOUND('',#175,.T.);
#67=FACE_OUTER_BOUND('',#176,.T.);
#68=FACE_OUTER_BOUND('',#177,.T.);
#69=FACE_OUTER_BOUND('',#178,.T.);
#70=FACE_OUTER_BOUND('',#179,.T.);
#71=FACE_OUTER_BOUND('',#180,.T.);
#72=FACE_OUTER_BOUND('',#181,.T.);
#73=FACE_OUTER_BOUND('',#182,.T.);
#74=FACE_OUTER_BOUND('',#186,.T.);
#75=FACE_OUTER_BOUND('',#187,.T.);
#76=FACE_OUTER_BOUND('',#188,.T.);
#77=FACE_OUTER_BOUND('',#189,.T.);
#78=FACE_OUTER_BOUND('',#190,.T.);
#79=FACE_OUTER_BOUND('',#191,.T.);
#80=FACE_OUTER_BOUND('',#192,.T.);
#81=FACE_OUTER_BOUND('',#193,.T.);
#82=FACE_OUTER_BOUND('',#194,.T.);
#83=FACE_OUTER_BOUND('',#195,.T.);
#84=FACE_OUTER_BOUND('',#198,.T.);
#85=FACE_OUTER_BOUND('',#199,.T.);
#86=FACE_OUTER_BOUND('',#200,.T.);
#87=FACE_OUTER_BOUND('',#201,.T.);
#88=FACE_OUTER_BOUND('',#202,.T.);
#89=FACE_OUTER_BOUND('',#203,.T.);
#90=FACE_OUTER_BOUND('',#204,.T.);
#91=FACE_OUTER_BOUND('',#205,.T.);
#92=FACE_OUTER_BOUND('',#206,.T.);
#93=FACE_OUTER_BOUND('',#207,.T.);
#94=FACE_OUTER_BOUND('',#208,.T.);
#95=FACE_OUTER_BOUND('',#209,.T.);
#96=FACE_OUTER_BOUND('',#210,.T.);
#97=FACE_OUTER_BOUND('',#211,.T.);
#98=FACE_OUTER_BOUND('',#212,.T.);
#99=FACE_OUTER_BOUND('',#213,.T.);
#100=FACE_OUTER_BOUND('',#219,.T.);
#101=FACE_OUTER_BOUND('',#220,.T.);
#102=FACE_OUTER_BOUND('',#221,.T.);
#103=FACE_OUTER_BOUND('',#222,.T.);
#104=FACE_OUTER_BOUND('',#223,.T.);
#105=FACE_OUTER_BOUND('',#224,.T.);
#106=FACE_OUTER_BOUND('',#225,.T.);
#107=FACE_OUTER_BOUND('',#226,.T.);
#108=FACE_OUTER_BOUND('',#227,.T.);
#109=FACE_OUTER_BOUND('',#228,.T.);
#110=FACE_OUTER_BOUND('',#229,.T.);
#111=FACE_OUTER_BOUND('',#230,.T.);
#112=FACE_OUTER_BOUND('',#231,.T.);
#113=FACE_OUTER_BOUND('',#232,.T.);
#114=FACE_OUTER_BOUND('',#233,.T.);
#115=FACE_OUTER_BOUND('',#234,.T.);
#116=FACE_OUTER_BOUND('',#235,.T.);
#117=FACE_OUTER_BOUND('',#236,.T.);
#118=FACE_OUTER_BOUND('',#237,.T.);
#119=FACE_OUTER_BOUND('',#238,.T.);
#120=FACE_OUTER_BOUND('',#239,.T.);
#121=FACE_OUTER_BOUND('',#240,.T.);
#122=FACE_OUTER_BOUND('',#241,.T.);
#123=FACE_OUTER_BOUND('',#242,.T.);
#124=FACE_OUTER_BOUND('',#243,.T.);
#125=FACE_OUTER_BOUND('',#244,.T.);
#126=FACE_OUTER_BOUND('',#245,.T.);
#127=FACE_OUTER_BOUND('',#246,.T.);
#128=FACE_OUTER_BOUND('',#247,.T.);
#129=FACE_OUTER_BOUND('',#248,.T.);
#130=FACE_OUTER_BOUND('',#249,.T.);
#131=FACE_OUTER_BOUND('',#250,.T.);
#132=FACE_OUTER_BOUND('',#251,.T.);
#133=FACE_OUTER_BOUND('',#252,.T.);
#134=FACE_OUTER_BOUND('',#253,.T.);
#135=FACE_OUTER_BOUND('',#254,.T.);
#136=FACE_OUTER_BOUND('',#255,.T.);
#137=FACE_OUTER_BOUND('',#256,.T.);
#138=FACE_OUTER_BOUND('',#257,.T.);
#139=FACE_OUTER_BOUND('',#258,.T.);
#140=FACE_OUTER_BOUND('',#259,.T.);
#141=FACE_OUTER_BOUND('',#260,.T.);
#142=FACE_OUTER_BOUND('',#261,.T.);
#143=FACE_OUTER_BOUND('',#262,.T.);
#144=FACE_OUTER_BOUND('',#263,.T.);
#145=FACE_OUTER_BOUND('',#264,.T.);
#146=FACE_OUTER_BOUND('',#265,.T.);
#147=FACE_OUTER_BOUND('',#266,.T.);
#148=FACE_OUTER_BOUND('',#267,.T.);
#149=FACE_OUTER_BOUND('',#268,.T.);
#150=FACE_OUTER_BOUND('',#269,.T.);
#151=FACE_OUTER_BOUND('',#270,.T.);
#152=FACE_OUTER_BOUND('',#271,.T.);
#153=FACE_OUTER_BOUND('',#272,.T.);
#154=FACE_OUTER_BOUND('',#273,.T.);
#155=FACE_OUTER_BOUND('',#274,.T.);
#156=FACE_OUTER_BOUND('',#275,.T.);
#157=FACE_OUTER_BOUND('',#276,.T.);
#158=FACE_OUTER_BOUND('',#277,.T.);
#159=FACE_OUTER_BOUND('',#278,.T.);
#160=FACE_OUTER_BOUND('',#279,.T.);
#161=FACE_OUTER_BOUND('',#280,.T.);
#162=FACE_OUTER_BOUND('',#281,.T.);
#163=FACE_OUTER_BOUND('',#282,.T.);
#164=FACE_OUTER_BOUND('',#283,.T.);
#165=FACE_OUTER_BOUND('',#284,.T.);
#166=FACE_OUTER_BOUND('',#285,.T.);
#167=FACE_OUTER_BOUND('',#286,.T.);
#168=FACE_OUTER_BOUND('',#287,.T.);
#169=EDGE_LOOP('',(#1157,#1158,#1159,#1160));
#170=EDGE_LOOP('',(#1161,#1162,#1163));
#171=EDGE_LOOP('',(#1164,#1165,#1166,#1167,#1168,#1169,#1170,#1171,#1172,
#1173,#1174,#1175,#1176,#1177,#1178,#1179,#1180));
#172=EDGE_LOOP('',(#1181,#1182,#1183,#1184));
#173=EDGE_LOOP('',(#1185,#1186,#1187,#1188,#1189,#1190,#1191,#1192,#1193));
#174=EDGE_LOOP('',(#1194,#1195,#1196,#1197));
#175=EDGE_LOOP('',(#1198,#1199,#1200,#1201));
#176=EDGE_LOOP('',(#1202,#1203,#1204,#1205));
#177=EDGE_LOOP('',(#1206,#1207,#1208,#1209));
#178=EDGE_LOOP('',(#1210,#1211,#1212,#1213));
#179=EDGE_LOOP('',(#1214,#1215,#1216,#1217));
#180=EDGE_LOOP('',(#1218,#1219,#1220,#1221));
#181=EDGE_LOOP('',(#1222,#1223,#1224,#1225));
#182=EDGE_LOOP('',(#1226,#1227,#1228,#1229,#1230,#1231,#1232,#1233,#1234,
#1235,#1236,#1237));
#183=EDGE_LOOP('',(#1238));
#184=EDGE_LOOP('',(#1239,#1240,#1241,#1242));
#185=EDGE_LOOP('',(#1243));
#186=EDGE_LOOP('',(#1244,#1245,#1246,#1247,#1248,#1249,#1250,#1251));
#187=EDGE_LOOP('',(#1252,#1253,#1254,#1255));
#188=EDGE_LOOP('',(#1256,#1257,#1258));
#189=EDGE_LOOP('',(#1259,#1260,#1261,#1262,#1263));
#190=EDGE_LOOP('',(#1264,#1265,#1266,#1267));
#191=EDGE_LOOP('',(#1268,#1269,#1270,#1271,#1272));
#192=EDGE_LOOP('',(#1273,#1274,#1275,#1276));
#193=EDGE_LOOP('',(#1277,#1278,#1279,#1280,#1281,#1282,#1283,#1284,#1285,
#1286,#1287,#1288,#1289,#1290,#1291,#1292));
#194=EDGE_LOOP('',(#1293,#1294,#1295,#1296,#1297));
#195=EDGE_LOOP('',(#1298,#1299,#1300,#1301));
#196=EDGE_LOOP('',(#1302));
#197=EDGE_LOOP('',(#1303));
#198=EDGE_LOOP('',(#1304,#1305,#1306,#1307,#1308,#1309));
#199=EDGE_LOOP('',(#1310,#1311,#1312,#1313));
#200=EDGE_LOOP('',(#1314,#1315,#1316,#1317));
#201=EDGE_LOOP('',(#1318,#1319,#1320,#1321,#1322,#1323));
#202=EDGE_LOOP('',(#1324,#1325,#1326,#1327));
#203=EDGE_LOOP('',(#1328,#1329,#1330,#1331));
#204=EDGE_LOOP('',(#1332,#1333,#1334,#1335));
#205=EDGE_LOOP('',(#1336,#1337,#1338,#1339,#1340));
#206=EDGE_LOOP('',(#1341,#1342,#1343,#1344));
#207=EDGE_LOOP('',(#1345,#1346,#1347,#1348));
#208=EDGE_LOOP('',(#1349,#1350,#1351,#1352,#1353,#1354));
#209=EDGE_LOOP('',(#1355,#1356,#1357,#1358));
#210=EDGE_LOOP('',(#1359,#1360,#1361,#1362));
#211=EDGE_LOOP('',(#1363,#1364,#1365,#1366));
#212=EDGE_LOOP('',(#1367,#1368,#1369,#1370));
#213=EDGE_LOOP('',(#1371,#1372,#1373,#1374));
#214=EDGE_LOOP('',(#1375));
#215=EDGE_LOOP('',(#1376,#1377,#1378,#1379));
#216=EDGE_LOOP('',(#1380,#1381,#1382,#1383));
#217=EDGE_LOOP('',(#1384,#1385,#1386,#1387));
#218=EDGE_LOOP('',(#1388));
#219=EDGE_LOOP('',(#1389,#1390,#1391,#1392));
#220=EDGE_LOOP('',(#1393,#1394,#1395,#1396));
#221=EDGE_LOOP('',(#1397,#1398,#1399,#1400));
#222=EDGE_LOOP('',(#1401,#1402,#1403,#1404,#1405));
#223=EDGE_LOOP('',(#1406,#1407,#1408,#1409));
#224=EDGE_LOOP('',(#1410,#1411,#1412,#1413));
#225=EDGE_LOOP('',(#1414,#1415,#1416,#1417));
#226=EDGE_LOOP('',(#1418,#1419,#1420,#1421));
#227=EDGE_LOOP('',(#1422,#1423,#1424,#1425));
#228=EDGE_LOOP('',(#1426,#1427,#1428,#1429));
#229=EDGE_LOOP('',(#1430,#1431,#1432,#1433));
#230=EDGE_LOOP('',(#1434,#1435,#1436));
#231=EDGE_LOOP('',(#1437,#1438,#1439,#1440));
#232=EDGE_LOOP('',(#1441,#1442,#1443));
#233=EDGE_LOOP('',(#1444,#1445,#1446,#1447));
#234=EDGE_LOOP('',(#1448,#1449,#1450));
#235=EDGE_LOOP('',(#1451,#1452,#1453,#1454));
#236=EDGE_LOOP('',(#1455,#1456,#1457,#1458));
#237=EDGE_LOOP('',(#1459,#1460,#1461));
#238=EDGE_LOOP('',(#1462,#1463,#1464,#1465));
#239=EDGE_LOOP('',(#1466,#1467,#1468,#1469));
#240=EDGE_LOOP('',(#1470,#1471,#1472,#1473));
#241=EDGE_LOOP('',(#1474,#1475,#1476,#1477));
#242=EDGE_LOOP('',(#1478,#1479,#1480,#1481));
#243=EDGE_LOOP('',(#1482,#1483,#1484,#1485));
#244=EDGE_LOOP('',(#1486,#1487,#1488,#1489,#1490,#1491));
#245=EDGE_LOOP('',(#1492,#1493,#1494,#1495,#1496));
#246=EDGE_LOOP('',(#1497,#1498,#1499,#1500));
#247=EDGE_LOOP('',(#1501,#1502,#1503,#1504,#1505,#1506));
#248=EDGE_LOOP('',(#1507,#1508,#1509,#1510));
#249=EDGE_LOOP('',(#1511,#1512,#1513,#1514));
#250=EDGE_LOOP('',(#1515,#1516,#1517,#1518));
#251=EDGE_LOOP('',(#1519,#1520,#1521,#1522,#1523,#1524));
#252=EDGE_LOOP('',(#1525,#1526,#1527,#1528));
#253=EDGE_LOOP('',(#1529,#1530,#1531,#1532));
#254=EDGE_LOOP('',(#1533,#1534,#1535,#1536));
#255=EDGE_LOOP('',(#1537,#1538,#1539,#1540));
#256=EDGE_LOOP('',(#1541));
#257=EDGE_LOOP('',(#1542));
#258=EDGE_LOOP('',(#1543,#1544,#1545,#1546));
#259=EDGE_LOOP('',(#1547,#1548,#1549,#1550));
#260=EDGE_LOOP('',(#1551,#1552,#1553,#1554));
#261=EDGE_LOOP('',(#1555,#1556,#1557,#1558));
#262=EDGE_LOOP('',(#1559,#1560,#1561,#1562));
#263=EDGE_LOOP('',(#1563,#1564,#1565,#1566));
#264=EDGE_LOOP('',(#1567,#1568,#1569,#1570));
#265=EDGE_LOOP('',(#1571,#1572,#1573,#1574));
#266=EDGE_LOOP('',(#1575,#1576,#1577,#1578));
#267=EDGE_LOOP('',(#1579,#1580,#1581,#1582));
#268=EDGE_LOOP('',(#1583,#1584,#1585,#1586));
#269=EDGE_LOOP('',(#1587,#1588,#1589,#1590));
#270=EDGE_LOOP('',(#1591,#1592,#1593,#1594));
#271=EDGE_LOOP('',(#1595,#1596,#1597,#1598));
#272=EDGE_LOOP('',(#1599,#1600,#1601,#1602));
#273=EDGE_LOOP('',(#1603,#1604,#1605,#1606));
#274=EDGE_LOOP('',(#1607,#1608,#1609,#1610));
#275=EDGE_LOOP('',(#1611,#1612,#1613,#1614));
#276=EDGE_LOOP('',(#1615,#1616,#1617,#1618));
#277=EDGE_LOOP('',(#1619,#1620,#1621,#1622));
#278=EDGE_LOOP('',(#1623,#1624,#1625,#1626));
#279=EDGE_LOOP('',(#1627,#1628,#1629,#1630));
#280=EDGE_LOOP('',(#1631,#1632,#1633,#1634));
#281=EDGE_LOOP('',(#1635,#1636,#1637,#1638));
#282=EDGE_LOOP('',(#1639,#1640,#1641,#1642));
#283=EDGE_LOOP('',(#1643,#1644,#1645,#1646));
#284=EDGE_LOOP('',(#1647,#1648,#1649,#1650));
#285=EDGE_LOOP('',(#1651,#1652,#1653,#1654));
#286=EDGE_LOOP('',(#1655,#1656,#1657,#1658));
#287=EDGE_LOOP('',(#1659,#1660,#1661,#1662));
#288=LINE('',#2506,#520);
#289=LINE('',#2508,#521);
#290=LINE('',#2510,#522);
#291=LINE('',#2511,#523);
#292=LINE('',#2514,#524);
#293=LINE('',#2515,#525);
#294=LINE('',#2518,#526);
#295=LINE('',#2520,#527);
#296=LINE('',#2524,#528);
#297=LINE('',#2526,#529);
#298=LINE('',#2528,#530);
#299=LINE('',#2530,#531);
#300=LINE('',#2532,#532);
#301=LINE('',#2534,#533);
#302=LINE('',#2536,#534);
#303=LINE('',#2538,#535);
#304=LINE('',#2540,#536);
#305=LINE('',#2542,#537);
#306=LINE('',#2546,#538);
#307=LINE('',#2547,#539);
#308=LINE('',#2550,#540);
#309=LINE('',#2552,#541);
#310=LINE('',#2553,#542);
#311=LINE('',#2556,#543);
#312=LINE('',#2558,#544);
#313=LINE('',#2560,#545);
#314=LINE('',#2562,#546);
#315=LINE('',#2564,#547);
#316=LINE('',#2566,#548);
#317=LINE('',#2567,#549);
#318=LINE('',#2570,#550);
#319=LINE('',#2572,#551);
#320=LINE('',#2573,#552);
#321=LINE('',#2583,#553);
#322=LINE('',#2584,#554);
#323=LINE('',#2586,#555);
#324=LINE('',#2589,#556);
#325=LINE('',#2591,#557);
#326=LINE('',#2592,#558);
#327=LINE('',#2594,#559);
#328=LINE('',#2595,#560);
#329=LINE('',#2599,#561);
#330=LINE('',#2600,#562);
#331=LINE('',#2603,#563);
#332=LINE('',#2605,#564);
#333=LINE('',#2607,#565);
#334=LINE('',#2609,#566);
#335=LINE('',#2611,#567);
#336=LINE('',#2613,#568);
#337=LINE('',#2615,#569);
#338=LINE('',#2617,#570);
#339=LINE('',#2619,#571);
#340=LINE('',#2620,#572);
#341=LINE('',#2625,#573);
#342=LINE('',#2627,#574);
#343=LINE('',#2629,#575);
#344=LINE('',#2630,#576);
#345=LINE('',#2635,#577);
#346=LINE('',#2637,#578);
#347=LINE('',#2639,#579);
#348=LINE('',#2641,#580);
#349=LINE('',#2642,#581);
#350=LINE('',#2645,#582);
#351=LINE('',#2646,#583);
#352=LINE('',#2649,#584);
#353=LINE('',#2651,#585);
#354=LINE('',#2652,#586);
#355=LINE('',#2656,#587);
#356=LINE('',#2657,#588);
#357=LINE('',#2659,#589);
#358=LINE('',#2660,#590);
#359=LINE('',#2662,#591);
#360=LINE('',#2666,#592);
#361=LINE('',#2667,#593);
#362=LINE('',#2668,#594);
#363=LINE('',#2670,#595);
#364=LINE('',#2673,#596);
#365=LINE('',#2677,#597);
#366=LINE('',#2679,#598);
#367=LINE('',#2681,#599);
#368=LINE('',#2683,#600);
#369=LINE('',#2685,#601);
#370=LINE('',#2687,#602);
#371=LINE('',#2688,#603);
#372=LINE('',#2690,#604);
#373=LINE('',#2693,#605);
#374=LINE('',#2696,#606);
#375=LINE('',#2698,#607);
#376=LINE('',#2699,#608);
#377=LINE('',#2701,#609);
#378=LINE('',#2708,#610);
#379=LINE('',#2709,#611);
#380=LINE('',#2711,#612);
#381=LINE('',#2715,#613);
#382=LINE('',#2717,#614);
#383=LINE('',#2719,#615);
#384=LINE('',#2720,#616);
#385=LINE('',#2723,#617);
#386=LINE('',#2725,#618);
#387=LINE('',#2726,#619);
#388=LINE('',#2727,#620);
#389=LINE('',#2730,#621);
#390=LINE('',#2731,#622);
#391=LINE('',#2735,#623);
#392=LINE('',#2737,#624);
#393=LINE('',#2739,#625);
#394=LINE('',#2740,#626);
#395=LINE('',#2743,#627);
#396=LINE('',#2744,#628);
#397=LINE('',#2745,#629);
#398=LINE('',#2747,#630);
#399=LINE('',#2748,#631);
#400=LINE('',#2751,#632);
#401=LINE('',#2752,#633);
#402=LINE('',#2756,#634);
#403=LINE('',#2758,#635);
#404=LINE('',#2760,#636);
#405=LINE('',#2761,#637);
#406=LINE('',#2764,#638);
#407=LINE('',#2766,#639);
#408=LINE('',#2767,#640);
#409=LINE('',#2768,#641);
#410=LINE('',#2771,#642);
#411=LINE('',#2772,#643);
#412=LINE('',#2775,#644);
#413=LINE('',#2779,#645);
#414=LINE('',#2784,#646);
#415=LINE('',#2788,#647);
#416=LINE('',#2790,#648);
#417=LINE('',#2792,#649);
#418=LINE('',#2793,#650);
#419=LINE('',#2798,#651);
#420=LINE('',#2800,#652);
#421=LINE('',#2802,#653);
#422=LINE('',#2803,#654);
#423=LINE('',#2806,#655);
#424=LINE('',#2808,#656);
#425=LINE('',#2810,#657);
#426=LINE('',#2811,#658);
#427=LINE('',#2814,#659);
#428=LINE('',#2816,#660);
#429=LINE('',#2818,#661);
#430=LINE('',#2819,#662);
#431=LINE('',#2822,#663);
#432=LINE('',#2826,#664);
#433=LINE('',#2829,#665);
#434=LINE('',#2832,#666);
#435=LINE('',#2833,#667);
#436=LINE('',#2835,#668);
#437=LINE('',#2839,#669);
#438=LINE('',#2841,#670);
#439=LINE('',#2843,#671);
#440=LINE('',#2847,#672);
#441=LINE('',#2848,#673);
#442=LINE('',#2850,#674);
#443=LINE('',#2851,#675);
#444=LINE('',#2854,#676);
#445=LINE('',#2855,#677);
#446=LINE('',#2856,#678);
#447=LINE('',#2858,#679);
#448=LINE('',#2861,#680);
#449=LINE('',#2862,#681);
#450=LINE('',#2863,#682);
#451=LINE('',#2865,#683);
#452=LINE('',#2868,#684);
#453=LINE('',#2869,#685);
#454=LINE('',#2870,#686);
#455=LINE('',#2873,#687);
#456=LINE('',#2876,#688);
#457=LINE('',#2877,#689);
#458=LINE('',#2878,#690);
#459=LINE('',#2880,#691);
#460=LINE('',#2882,#692);
#461=LINE('',#2884,#693);
#462=LINE('',#2886,#694);
#463=LINE('',#2888,#695);
#464=LINE('',#2891,#696);
#465=LINE('',#2893,#697);
#466=LINE('',#2896,#698);
#467=LINE('',#2899,#699);
#468=LINE('',#2901,#700);
#469=LINE('',#2909,#701);
#470=LINE('',#2917,#702);
#471=LINE('',#2919,#703);
#472=LINE('',#2924,#704);
#473=LINE('',#2926,#705);
#474=LINE('',#2928,#706);
#475=LINE('',#2929,#707);
#476=LINE('',#2933,#708);
#477=LINE('',#2934,#709);
#478=LINE('',#2935,#710);
#479=LINE('',#2938,#711);
#480=LINE('',#2939,#712);
#481=LINE('',#2943,#713);
#482=LINE('',#2945,#714);
#483=LINE('',#2947,#715);
#484=LINE('',#2948,#716);
#485=LINE('',#2952,#717);
#486=LINE('',#2953,#718);
#487=LINE('',#2954,#719);
#488=LINE('',#2957,#720);
#489=LINE('',#2958,#721);
#490=LINE('',#2962,#722);
#491=LINE('',#2964,#723);
#492=LINE('',#2966,#724);
#493=LINE('',#2967,#725);
#494=LINE('',#2971,#726);
#495=LINE('',#2972,#727);
#496=LINE('',#2973,#728);
#497=LINE('',#2976,#729);
#498=LINE('',#2977,#730);
#499=LINE('',#2980,#731);
#500=LINE('',#2981,#732);
#501=LINE('',#2983,#733);
#502=LINE('',#2985,#734);
#503=LINE('',#2986,#735);
#504=LINE('',#2988,#736);
#505=LINE('',#2989,#737);
#506=LINE('',#2994,#738);
#507=LINE('',#2995,#739);
#508=LINE('',#2997,#740);
#509=LINE('',#2999,#741);
#510=LINE('',#3000,#742);
#511=LINE('',#3002,#743);
#512=LINE('',#3004,#744);
#513=LINE('',#3008,#745);
#514=LINE('',#3009,#746);
#515=LINE('',#3011,#747);
#516=LINE('',#3013,#748);
#517=LINE('',#3014,#749);
#518=LINE('',#3016,#750);
#519=LINE('',#3017,#751);
#520=VECTOR('',#2014,10.);
#521=VECTOR('',#2015,10.);
#522=VECTOR('',#2016,10.);
#523=VECTOR('',#2017,10.);
#524=VECTOR('',#2020,10.);
#525=VECTOR('',#2021,10.);
#526=VECTOR('',#2024,10.);
#527=VECTOR('',#2025,10.);
#528=VECTOR('',#2028,10.);
#529=VECTOR('',#2029,10.);
#530=VECTOR('',#2030,10.);
#531=VECTOR('',#2031,10.);
#532=VECTOR('',#2032,10.);
#533=VECTOR('',#2033,10.);
#534=VECTOR('',#2034,10.);
#535=VECTOR('',#2035,10.);
#536=VECTOR('',#2036,10.);
#537=VECTOR('',#2037,10.);
#538=VECTOR('',#2040,10.);
#539=VECTOR('',#2041,10.);
#540=VECTOR('',#2044,10.);
#541=VECTOR('',#2045,10.);
#542=VECTOR('',#2046,10.);
#543=VECTOR('',#2049,10.);
#544=VECTOR('',#2050,10.);
#545=VECTOR('',#2051,10.);
#546=VECTOR('',#2052,10.);
#547=VECTOR('',#2053,10.);
#548=VECTOR('',#2054,10.);
#549=VECTOR('',#2055,10.);
#550=VECTOR('',#2058,10.);
#551=VECTOR('',#2059,10.);
#552=VECTOR('',#2060,10.);
#553=VECTOR('',#2067,10.);
#554=VECTOR('',#2068,10.);
#555=VECTOR('',#2071,10.);
#556=VECTOR('',#2074,10.);
#557=VECTOR('',#2075,10.);
#558=VECTOR('',#2076,10.);
#559=VECTOR('',#2079,14.);
#560=VECTOR('',#2080,14.);
#561=VECTOR('',#2085,10.);
#562=VECTOR('',#2086,10.);
#563=VECTOR('',#2089,10.);
#564=VECTOR('',#2090,10.);
#565=VECTOR('',#2091,10.);
#566=VECTOR('',#2092,10.);
#567=VECTOR('',#2093,10.);
#568=VECTOR('',#2094,10.);
#569=VECTOR('',#2095,10.);
#570=VECTOR('',#2096,10.);
#571=VECTOR('',#2097,10.);
#572=VECTOR('',#2098,10.);
#573=VECTOR('',#2101,10.);
#574=VECTOR('',#2102,10.);
#575=VECTOR('',#2103,10.);
#576=VECTOR('',#2104,10.);
#577=VECTOR('',#2109,10.);
#578=VECTOR('',#2110,10.);
#579=VECTOR('',#2111,10.);
#580=VECTOR('',#2112,10.);
#581=VECTOR('',#2113,10.);
#582=VECTOR('',#2116,10.);
#583=VECTOR('',#2117,10.);
#584=VECTOR('',#2120,10.);
#585=VECTOR('',#2121,10.);
#586=VECTOR('',#2122,10.);
#587=VECTOR('',#2125,10.);
#588=VECTOR('',#2126,10.);
#589=VECTOR('',#2127,10.);
#590=VECTOR('',#2128,10.);
#591=VECTOR('',#2131,10.);
#592=VECTOR('',#2134,10.);
#593=VECTOR('',#2135,10.);
#594=VECTOR('',#2136,10.);
#595=VECTOR('',#2139,10.);
#596=VECTOR('',#2142,10.);
#597=VECTOR('',#2145,10.);
#598=VECTOR('',#2146,10.);
#599=VECTOR('',#2147,10.);
#600=VECTOR('',#2148,10.);
#601=VECTOR('',#2149,10.);
#602=VECTOR('',#2150,10.);
#603=VECTOR('',#2151,10.);
#604=VECTOR('',#2152,10.);
#605=VECTOR('',#2155,10.);
#606=VECTOR('',#2158,10.);
#607=VECTOR('',#2159,10.);
#608=VECTOR('',#2160,10.);
#609=VECTOR('',#2163,10.);
#610=VECTOR('',#2170,10.);
#611=VECTOR('',#2171,10.);
#612=VECTOR('',#2174,10.);
#613=VECTOR('',#2177,10.);
#614=VECTOR('',#2178,10.);
#615=VECTOR('',#2179,10.);
#616=VECTOR('',#2180,10.);
#617=VECTOR('',#2183,10.);
#618=VECTOR('',#2184,10.);
#619=VECTOR('',#2185,10.);
#620=VECTOR('',#2186,10.);
#621=VECTOR('',#2189,10.);
#622=VECTOR('',#2190,10.);
#623=VECTOR('',#2193,10.);
#624=VECTOR('',#2194,10.);
#625=VECTOR('',#2195,10.);
#626=VECTOR('',#2196,10.);
#627=VECTOR('',#2199,10.);
#628=VECTOR('',#2200,10.);
#629=VECTOR('',#2201,10.);
#630=VECTOR('',#2204,10.);
#631=VECTOR('',#2205,10.);
#632=VECTOR('',#2208,10.);
#633=VECTOR('',#2209,10.);
#634=VECTOR('',#2212,10.);
#635=VECTOR('',#2213,10.);
#636=VECTOR('',#2214,10.);
#637=VECTOR('',#2215,10.);
#638=VECTOR('',#2218,10.);
#639=VECTOR('',#2219,10.);
#640=VECTOR('',#2220,10.);
#641=VECTOR('',#2221,10.);
#642=VECTOR('',#2224,10.);
#643=VECTOR('',#2225,10.);
#644=VECTOR('',#2228,2.90000000000002);
#645=VECTOR('',#2233,2.7);
#646=VECTOR('',#2240,2.89999999999822);
#647=VECTOR('',#2243,10.);
#648=VECTOR('',#2244,10.);
#649=VECTOR('',#2245,10.);
#650=VECTOR('',#2246,10.);
#651=VECTOR('',#2249,10.);
#652=VECTOR('',#2250,10.);
#653=VECTOR('',#2251,10.);
#654=VECTOR('',#2252,10.);
#655=VECTOR('',#2253,10.);
#656=VECTOR('',#2254,10.);
#657=VECTOR('',#2255,10.);
#658=VECTOR('',#2256,10.);
#659=VECTOR('',#2257,10.);
#660=VECTOR('',#2258,10.);
#661=VECTOR('',#2259,10.);
#662=VECTOR('',#2260,10.);
#663=VECTOR('',#2263,2.90000000000003);
#664=VECTOR('',#2268,2.70000000000001);
#665=VECTOR('',#2273,2.89999999999824);
#666=VECTOR('',#2276,10.);
#667=VECTOR('',#2277,10.);
#668=VECTOR('',#2280,10.);
#669=VECTOR('',#2285,10.);
#670=VECTOR('',#2288,10.);
#671=VECTOR('',#2291,10.);
#672=VECTOR('',#2296,10.);
#673=VECTOR('',#2297,10.);
#674=VECTOR('',#2300,10.);
#675=VECTOR('',#2301,10.);
#676=VECTOR('',#2304,10.);
#677=VECTOR('',#2305,10.);
#678=VECTOR('',#2306,10.);
#679=VECTOR('',#2309,10.);
#680=VECTOR('',#2312,10.);
#681=VECTOR('',#2313,10.);
#682=VECTOR('',#2314,10.);
#683=VECTOR('',#2317,10.);
#684=VECTOR('',#2320,10.);
#685=VECTOR('',#2321,10.);
#686=VECTOR('',#2322,10.);
#687=VECTOR('',#2327,10.);
#688=VECTOR('',#2330,10.);
#689=VECTOR('',#2331,10.);
#690=VECTOR('',#2332,10.);
#691=VECTOR('',#2335,10.);
#692=VECTOR('',#2338,10.);
#693=VECTOR('',#2341,10.);
#694=VECTOR('',#2344,10.);
#695=VECTOR('',#2347,10.);
#696=VECTOR('',#2352,10.);
#697=VECTOR('',#2355,10.);
#698=VECTOR('',#2360,10.);
#699=VECTOR('',#2365,10.);
#700=VECTOR('',#2368,10.);
#701=VECTOR('',#2383,10.);
#702=VECTOR('',#2394,2.35000000000001);
#703=VECTOR('',#2397,2.34999999999999);
#704=VECTOR('',#2402,10.);
#705=VECTOR('',#2403,10.);
#706=VECTOR('',#2404,10.);
#707=VECTOR('',#2405,10.);
#708=VECTOR('',#2408,10.);
#709=VECTOR('',#2409,10.);
#710=VECTOR('',#2410,10.);
#711=VECTOR('',#2413,10.);
#712=VECTOR('',#2414,10.);
#713=VECTOR('',#2417,10.);
#714=VECTOR('',#2418,10.);
#715=VECTOR('',#2419,10.);
#716=VECTOR('',#2420,10.);
#717=VECTOR('',#2423,10.);
#718=VECTOR('',#2424,10.);
#719=VECTOR('',#2425,10.);
#720=VECTOR('',#2428,10.);
#721=VECTOR('',#2429,10.);
#722=VECTOR('',#2432,10.);
#723=VECTOR('',#2433,10.);
#724=VECTOR('',#2434,10.);
#725=VECTOR('',#2435,10.);
#726=VECTOR('',#2438,10.);
#727=VECTOR('',#2439,10.);
#728=VECTOR('',#2440,10.);
#729=VECTOR('',#2443,10.);
#730=VECTOR('',#2444,10.);
#731=VECTOR('',#2447,10.);
#732=VECTOR('',#2448,10.);
#733=VECTOR('',#2451,10.);
#734=VECTOR('',#2454,10.);
#735=VECTOR('',#2455,10.);
#736=VECTOR('',#2458,10.);
#737=VECTOR('',#2459,10.);
#738=VECTOR('',#2466,10.);
#739=VECTOR('',#2467,10.);
#740=VECTOR('',#2470,10.);
#741=VECTOR('',#2473,10.);
#742=VECTOR('',#2474,10.);
#743=VECTOR('',#2477,10.);
#744=VECTOR('',#2480,10.);
#745=VECTOR('',#2485,10.);
#746=VECTOR('',#2486,10.);
#747=VECTOR('',#2489,10.);
#748=VECTOR('',#2492,9.99999999999999);
#749=VECTOR('',#2493,10.);
#750=VECTOR('',#2496,10.);
#751=VECTOR('',#2497,10.);
#752=VERTEX_POINT('',#2504);
#753=VERTEX_POINT('',#2505);
#754=VERTEX_POINT('',#2507);
#755=VERTEX_POINT('',#2509);
#756=VERTEX_POINT('',#2513);
#757=VERTEX_POINT('',#2517);
#758=VERTEX_POINT('',#2519);
#759=VERTEX_POINT('',#2521);
#760=VERTEX_POINT('',#2523);
#761=VERTEX_POINT('',#2525);
#762=VERTEX_POINT('',#2527);
#763=VERTEX_POINT('',#2529);
#764=VERTEX_POINT('',#2531);
#765=VERTEX_POINT('',#2533);
#766=VERTEX_POINT('',#2535);
#767=VERTEX_POINT('',#2537);
#768=VERTEX_POINT('',#2539);
#769=VERTEX_POINT('',#2541);
#770=VERTEX_POINT('',#2543);
#771=VERTEX_POINT('',#2545);
#772=VERTEX_POINT('',#2549);
#773=VERTEX_POINT('',#2551);
#774=VERTEX_POINT('',#2555);
#775=VERTEX_POINT('',#2557);
#776=VERTEX_POINT('',#2559);
#777=VERTEX_POINT('',#2561);
#778=VERTEX_POINT('',#2563);
#779=VERTEX_POINT('',#2565);
#780=VERTEX_POINT('',#2569);
#781=VERTEX_POINT('',#2571);
#782=VERTEX_POINT('',#2575);
#783=VERTEX_POINT('',#2582);
#784=VERTEX_POINT('',#2588);
#785=VERTEX_POINT('',#2590);
#786=VERTEX_POINT('',#2598);
#787=VERTEX_POINT('',#2602);
#788=VERTEX_POINT('',#2604);
#789=VERTEX_POINT('',#2606);
#790=VERTEX_POINT('',#2608);
#791=VERTEX_POINT('',#2610);
#792=VERTEX_POINT('',#2612);
#793=VERTEX_POINT('',#2614);
#794=VERTEX_POINT('',#2616);
#795=VERTEX_POINT('',#2618);
#796=VERTEX_POINT('',#2621);
#797=VERTEX_POINT('',#2623);
#798=VERTEX_POINT('',#2624);
#799=VERTEX_POINT('',#2626);
#800=VERTEX_POINT('',#2628);
#801=VERTEX_POINT('',#2631);
#802=VERTEX_POINT('',#2634);
#803=VERTEX_POINT('',#2636);
#804=VERTEX_POINT('',#2638);
#805=VERTEX_POINT('',#2640);
#806=VERTEX_POINT('',#2644);
#807=VERTEX_POINT('',#2648);
#808=VERTEX_POINT('',#2650);
#809=VERTEX_POINT('',#2654);
#810=VERTEX_POINT('',#2655);
#811=VERTEX_POINT('',#2658);
#812=VERTEX_POINT('',#2664);
#813=VERTEX_POINT('',#2665);
#814=VERTEX_POINT('',#2672);
#815=VERTEX_POINT('',#2674);
#816=VERTEX_POINT('',#2676);
#817=VERTEX_POINT('',#2678);
#818=VERTEX_POINT('',#2680);
#819=VERTEX_POINT('',#2682);
#820=VERTEX_POINT('',#2684);
#821=VERTEX_POINT('',#2686);
#822=VERTEX_POINT('',#2689);
#823=VERTEX_POINT('',#2691);
#824=VERTEX_POINT('',#2695);
#825=VERTEX_POINT('',#2697);
#826=VERTEX_POINT('',#2702);
#827=VERTEX_POINT('',#2704);
#828=VERTEX_POINT('',#2707);
#829=VERTEX_POINT('',#2713);
#830=VERTEX_POINT('',#2714);
#831=VERTEX_POINT('',#2716);
#832=VERTEX_POINT('',#2718);
#833=VERTEX_POINT('',#2722);
#834=VERTEX_POINT('',#2724);
#835=VERTEX_POINT('',#2729);
#836=VERTEX_POINT('',#2733);
#837=VERTEX_POINT('',#2734);
#838=VERTEX_POINT('',#2736);
#839=VERTEX_POINT('',#2738);
#840=VERTEX_POINT('',#2742);
#841=VERTEX_POINT('',#2750);
#842=VERTEX_POINT('',#2754);
#843=VERTEX_POINT('',#2755);
#844=VERTEX_POINT('',#2757);
#845=VERTEX_POINT('',#2759);
#846=VERTEX_POINT('',#2763);
#847=VERTEX_POINT('',#2765);
#848=VERTEX_POINT('',#2770);
#849=VERTEX_POINT('',#2774);
#850=VERTEX_POINT('',#2778);
#851=VERTEX_POINT('',#2782);
#852=VERTEX_POINT('',#2786);
#853=VERTEX_POINT('',#2787);
#854=VERTEX_POINT('',#2789);
#855=VERTEX_POINT('',#2791);
#856=VERTEX_POINT('',#2794);
#857=VERTEX_POINT('',#2796);
#858=VERTEX_POINT('',#2797);
#859=VERTEX_POINT('',#2799);
#860=VERTEX_POINT('',#2801);
#861=VERTEX_POINT('',#2804);
#862=VERTEX_POINT('',#2805);
#863=VERTEX_POINT('',#2807);
#864=VERTEX_POINT('',#2809);
#865=VERTEX_POINT('',#2812);
#866=VERTEX_POINT('',#2813);
#867=VERTEX_POINT('',#2815);
#868=VERTEX_POINT('',#2817);
#869=VERTEX_POINT('',#2821);
#870=VERTEX_POINT('',#2825);
#871=VERTEX_POINT('',#2831);
#872=VERTEX_POINT('',#2837);
#873=VERTEX_POINT('',#2846);
#874=VERTEX_POINT('',#2853);
#875=VERTEX_POINT('',#2860);
#876=VERTEX_POINT('',#2867);
#877=VERTEX_POINT('',#2875);
#878=VERTEX_POINT('',#2911);
#879=VERTEX_POINT('',#2914);
#880=VERTEX_POINT('',#2922);
#881=VERTEX_POINT('',#2923);
#882=VERTEX_POINT('',#2925);
#883=VERTEX_POINT('',#2927);
#884=VERTEX_POINT('',#2931);
#885=VERTEX_POINT('',#2932);
#886=VERTEX_POINT('',#2937);
#887=VERTEX_POINT('',#2941);
#888=VERTEX_POINT('',#2942);
#889=VERTEX_POINT('',#2944);
#890=VERTEX_POINT('',#2946);
#891=VERTEX_POINT('',#2950);
#892=VERTEX_POINT('',#2951);
#893=VERTEX_POINT('',#2956);
#894=VERTEX_POINT('',#2960);
#895=VERTEX_POINT('',#2961);
#896=VERTEX_POINT('',#2963);
#897=VERTEX_POINT('',#2965);
#898=VERTEX_POINT('',#2969);
#899=VERTEX_POINT('',#2970);
#900=VERTEX_POINT('',#2975);
#901=VERTEX_POINT('',#2979);
#902=VERTEX_POINT('',#2993);
#903=VERTEX_POINT('',#3007);
#904=EDGE_CURVE('',#752,#753,#288,.T.);
#905=EDGE_CURVE('',#753,#754,#289,.T.);
#906=EDGE_CURVE('',#754,#755,#290,.T.);
#907=EDGE_CURVE('',#755,#752,#291,.T.);
#908=EDGE_CURVE('',#756,#754,#292,.T.);
#909=EDGE_CURVE('',#755,#756,#293,.T.);
#910=EDGE_CURVE('',#753,#757,#294,.T.);
#911=EDGE_CURVE('',#758,#757,#295,.T.);
#912=EDGE_CURVE('',#759,#758,#40,.T.);
#913=EDGE_CURVE('',#760,#759,#296,.T.);
#914=EDGE_CURVE('',#761,#760,#297,.T.);
#915=EDGE_CURVE('',#761,#762,#298,.T.);
#916=EDGE_CURVE('',#763,#762,#299,.T.);
#917=EDGE_CURVE('',#764,#763,#300,.T.);
#918=EDGE_CURVE('',#765,#764,#301,.T.);
#919=EDGE_CURVE('',#766,#765,#302,.T.);
#920=EDGE_CURVE('',#767,#766,#303,.T.);
#921=EDGE_CURVE('',#768,#767,#304,.T.);
#922=EDGE_CURVE('',#769,#768,#305,.T.);
#923=EDGE_CURVE('',#770,#769,#41,.T.);
#924=EDGE_CURVE('',#771,#770,#306,.T.);
#925=EDGE_CURVE('',#754,#771,#307,.T.);
#926=EDGE_CURVE('',#762,#772,#308,.T.);
#927=EDGE_CURVE('',#772,#773,#309,.T.);
#928=EDGE_CURVE('',#773,#763,#310,.F.);
#929=EDGE_CURVE('',#774,#761,#311,.F.);
#930=EDGE_CURVE('',#774,#775,#312,.T.);
#931=EDGE_CURVE('',#775,#776,#313,.T.);
#932=EDGE_CURVE('',#777,#776,#314,.F.);
#933=EDGE_CURVE('',#777,#778,#315,.T.);
#934=EDGE_CURVE('',#779,#778,#316,.T.);
#935=EDGE_CURVE('',#779,#772,#317,.T.);
#936=EDGE_CURVE('',#757,#780,#318,.F.);
#937=EDGE_CURVE('',#780,#781,#319,.T.);
#938=EDGE_CURVE('',#781,#758,#320,.T.);
#939=EDGE_CURVE('',#781,#782,#42,.T.);
#940=EDGE_CURVE('',#782,#759,#31,.T.);
#941=EDGE_CURVE('',#782,#783,#321,.T.);
#942=EDGE_CURVE('',#783,#760,#322,.T.);
#943=EDGE_CURVE('',#783,#774,#323,.T.);
#944=EDGE_CURVE('',#776,#784,#324,.T.);
#945=EDGE_CURVE('',#785,#775,#325,.T.);
#946=EDGE_CURVE('',#784,#785,#326,.T.);
#947=EDGE_CURVE('',#782,#784,#327,.T.);
#948=EDGE_CURVE('',#783,#785,#328,.T.);
#949=EDGE_CURVE('',#773,#786,#329,.T.);
#950=EDGE_CURVE('',#786,#764,#330,.T.);
#951=EDGE_CURVE('',#787,#779,#331,.T.);
#952=EDGE_CURVE('',#787,#788,#332,.T.);
#953=EDGE_CURVE('',#788,#789,#333,.T.);
#954=EDGE_CURVE('',#789,#790,#334,.T.);
#955=EDGE_CURVE('',#791,#790,#335,.T.);
#956=EDGE_CURVE('',#792,#791,#336,.T.);
#957=EDGE_CURVE('',#793,#792,#337,.T.);
#958=EDGE_CURVE('',#793,#794,#338,.T.);
#959=EDGE_CURVE('',#794,#795,#339,.T.);
#960=EDGE_CURVE('',#795,#773,#340,.T.);
#961=EDGE_CURVE('',#796,#796,#43,.T.);
#962=EDGE_CURVE('',#797,#798,#341,.T.);
#963=EDGE_CURVE('',#798,#799,#342,.T.);
#964=EDGE_CURVE('',#799,#800,#343,.T.);
#965=EDGE_CURVE('',#800,#797,#344,.T.);
#966=EDGE_CURVE('',#801,#801,#44,.T.);
#967=EDGE_CURVE('',#802,#752,#345,.T.);
#968=EDGE_CURVE('',#803,#802,#346,.T.);
#969=EDGE_CURVE('',#803,#804,#347,.T.);
#970=EDGE_CURVE('',#805,#804,#348,.F.);
#971=EDGE_CURVE('',#805,#780,#349,.F.);
#972=EDGE_CURVE('',#806,#755,#350,.T.);
#973=EDGE_CURVE('',#802,#806,#351,.T.);
#974=EDGE_CURVE('',#807,#806,#352,.T.);
#975=EDGE_CURVE('',#808,#807,#353,.T.);
#976=EDGE_CURVE('',#806,#808,#354,.T.);
#977=EDGE_CURVE('',#809,#810,#355,.T.);
#978=EDGE_CURVE('',#810,#808,#356,.T.);
#979=EDGE_CURVE('',#807,#811,#357,.T.);
#980=EDGE_CURVE('',#811,#809,#358,.T.);
#981=EDGE_CURVE('',#808,#803,#359,.T.);
#982=EDGE_CURVE('',#812,#813,#360,.T.);
#983=EDGE_CURVE('',#813,#756,#361,.T.);
#984=EDGE_CURVE('',#771,#812,#362,.T.);
#985=EDGE_CURVE('',#756,#807,#363,.T.);
#986=EDGE_CURVE('',#814,#810,#364,.T.);
#987=EDGE_CURVE('',#815,#814,#45,.T.);
#988=EDGE_CURVE('',#816,#815,#365,.T.);
#989=EDGE_CURVE('',#817,#816,#366,.T.);
#990=EDGE_CURVE('',#818,#817,#367,.T.);
#991=EDGE_CURVE('',#819,#818,#368,.T.);
#992=EDGE_CURVE('',#820,#819,#369,.T.);
#993=EDGE_CURVE('',#821,#820,#370,.T.);
#994=EDGE_CURVE('',#778,#821,#371,.T.);
#995=EDGE_CURVE('',#822,#777,#372,.T.);
#996=EDGE_CURVE('',#823,#822,#46,.T.);
#997=EDGE_CURVE('',#804,#823,#373,.T.);
#998=EDGE_CURVE('',#824,#809,#374,.T.);
#999=EDGE_CURVE('',#824,#825,#375,.T.);
#1000=EDGE_CURVE('',#814,#825,#376,.T.);
#1001=EDGE_CURVE('',#811,#813,#377,.T.);
#1002=EDGE_CURVE('',#826,#826,#47,.F.);
#1003=EDGE_CURVE('',#827,#827,#48,.F.);
#1004=EDGE_CURVE('',#812,#828,#378,.T.);
#1005=EDGE_CURVE('',#828,#824,#379,.T.);
#1006=EDGE_CURVE('',#821,#787,#380,.F.);
#1007=EDGE_CURVE('',#829,#830,#381,.T.);
#1008=EDGE_CURVE('',#830,#831,#382,.T.);
#1009=EDGE_CURVE('',#831,#832,#383,.T.);
#1010=EDGE_CURVE('',#832,#829,#384,.T.);
#1011=EDGE_CURVE('',#833,#831,#385,.T.);
#1012=EDGE_CURVE('',#834,#833,#386,.T.);
#1013=EDGE_CURVE('',#799,#834,#387,.T.);
#1014=EDGE_CURVE('',#798,#832,#388,.T.);
#1015=EDGE_CURVE('',#830,#835,#389,.T.);
#1016=EDGE_CURVE('',#833,#835,#390,.T.);
#1017=EDGE_CURVE('',#836,#837,#391,.T.);
#1018=EDGE_CURVE('',#837,#838,#392,.T.);
#1019=EDGE_CURVE('',#838,#839,#393,.T.);
#1020=EDGE_CURVE('',#839,#836,#394,.T.);
#1021=EDGE_CURVE('',#837,#840,#395,.T.);
#1022=EDGE_CURVE('',#786,#840,#396,.T.);
#1023=EDGE_CURVE('',#786,#838,#397,.T.);
#1024=EDGE_CURVE('',#794,#836,#398,.T.);
#1025=EDGE_CURVE('',#840,#793,#399,.T.);
#1026=EDGE_CURVE('',#835,#841,#400,.T.);
#1027=EDGE_CURVE('',#841,#834,#401,.T.);
#1028=EDGE_CURVE('',#842,#843,#402,.T.);
#1029=EDGE_CURVE('',#843,#844,#403,.T.);
#1030=EDGE_CURVE('',#844,#845,#404,.T.);
#1031=EDGE_CURVE('',#845,#842,#405,.T.);
#1032=EDGE_CURVE('',#846,#844,#406,.T.);
#1033=EDGE_CURVE('',#847,#846,#407,.T.);
#1034=EDGE_CURVE('',#790,#847,#408,.T.);
#1035=EDGE_CURVE('',#789,#845,#409,.T.);
#1036=EDGE_CURVE('',#843,#848,#410,.T.);
#1037=EDGE_CURVE('',#846,#848,#411,.T.);
#1038=EDGE_CURVE('',#796,#849,#412,.T.);
#1039=EDGE_CURVE('',#849,#849,#49,.T.);
#1040=EDGE_CURVE('',#849,#850,#413,.T.);
#1041=EDGE_CURVE('',#850,#850,#50,.T.);
#1042=EDGE_CURVE('',#851,#851,#51,.T.);
#1043=EDGE_CURVE('',#851,#850,#414,.T.);
#1044=EDGE_CURVE('',#852,#853,#415,.T.);
#1045=EDGE_CURVE('',#854,#852,#416,.T.);
#1046=EDGE_CURVE('',#855,#854,#417,.T.);
#1047=EDGE_CURVE('',#853,#855,#418,.T.);
#1048=EDGE_CURVE('',#856,#856,#52,.T.);
#1049=EDGE_CURVE('',#857,#858,#419,.T.);
#1050=EDGE_CURVE('',#859,#857,#420,.T.);
#1051=EDGE_CURVE('',#860,#859,#421,.T.);
#1052=EDGE_CURVE('',#858,#860,#422,.T.);
#1053=EDGE_CURVE('',#861,#862,#423,.T.);
#1054=EDGE_CURVE('',#863,#861,#424,.T.);
#1055=EDGE_CURVE('',#864,#863,#425,.T.);
#1056=EDGE_CURVE('',#862,#864,#426,.T.);
#1057=EDGE_CURVE('',#865,#866,#427,.T.);
#1058=EDGE_CURVE('',#867,#865,#428,.T.);
#1059=EDGE_CURVE('',#868,#867,#429,.T.);
#1060=EDGE_CURVE('',#866,#868,#430,.T.);
#1061=EDGE_CURVE('',#801,#869,#431,.T.);
#1062=EDGE_CURVE('',#869,#869,#53,.T.);
#1063=EDGE_CURVE('',#869,#870,#432,.T.);
#1064=EDGE_CURVE('',#870,#870,#54,.T.);
#1065=EDGE_CURVE('',#856,#870,#433,.T.);
#1066=EDGE_CURVE('',#871,#770,#434,.T.);
#1067=EDGE_CURVE('',#871,#828,#435,.T.);
#1068=EDGE_CURVE('',#784,#822,#436,.T.);
#1069=EDGE_CURVE('',#784,#872,#55,.T.);
#1070=EDGE_CURVE('',#872,#823,#437,.T.);
#1071=EDGE_CURVE('',#872,#805,#438,.T.);
#1072=EDGE_CURVE('',#781,#872,#439,.T.);
#1073=EDGE_CURVE('',#873,#787,#440,.T.);
#1074=EDGE_CURVE('',#820,#873,#441,.T.);
#1075=EDGE_CURVE('',#818,#790,#442,.T.);
#1076=EDGE_CURVE('',#847,#819,#443,.T.);
#1077=EDGE_CURVE('',#816,#874,#444,.T.);
#1078=EDGE_CURVE('',#853,#816,#445,.T.);
#1079=EDGE_CURVE('',#874,#853,#446,.T.);
#1080=EDGE_CURVE('',#815,#852,#447,.T.);
#1081=EDGE_CURVE('',#855,#875,#448,.T.);
#1082=EDGE_CURVE('',#768,#855,#449,.T.);
#1083=EDGE_CURVE('',#875,#768,#450,.T.);
#1084=EDGE_CURVE('',#769,#854,#451,.T.);
#1085=EDGE_CURVE('',#791,#876,#452,.T.);
#1086=EDGE_CURVE('',#817,#791,#453,.T.);
#1087=EDGE_CURVE('',#876,#817,#454,.T.);
#1088=EDGE_CURVE('',#874,#876,#455,.T.);
#1089=EDGE_CURVE('',#767,#877,#456,.T.);
#1090=EDGE_CURVE('',#792,#767,#457,.T.);
#1091=EDGE_CURVE('',#877,#792,#458,.T.);
#1092=EDGE_CURVE('',#766,#793,#459,.T.);
#1093=EDGE_CURVE('',#876,#877,#460,.T.);
#1094=EDGE_CURVE('',#877,#875,#461,.T.);
#1095=EDGE_CURVE('',#765,#840,#462,.T.);
#1096=EDGE_CURVE('',#875,#874,#463,.T.);
#1097=EDGE_CURVE('',#848,#873,#464,.T.);
#1098=EDGE_CURVE('',#795,#839,#465,.T.);
#1099=EDGE_CURVE('',#788,#842,#466,.T.);
#1100=EDGE_CURVE('',#797,#829,#467,.T.);
#1101=EDGE_CURVE('',#800,#841,#468,.T.);
#1102=EDGE_CURVE('',#854,#871,#56,.T.);
#1103=EDGE_CURVE('',#825,#852,#57,.T.);
#1104=EDGE_CURVE('',#825,#871,#469,.T.);
#1105=EDGE_CURVE('',#878,#878,#58,.F.);
#1106=EDGE_CURVE('',#879,#879,#59,.F.);
#1107=EDGE_CURVE('',#878,#827,#470,.T.);
#1108=EDGE_CURVE('',#879,#826,#471,.T.);
#1109=EDGE_CURVE('',#880,#881,#472,.T.);
#1110=EDGE_CURVE('',#882,#880,#473,.T.);
#1111=EDGE_CURVE('',#883,#882,#474,.T.);
#1112=EDGE_CURVE('',#881,#883,#475,.T.);
#1113=EDGE_CURVE('',#884,#885,#476,.T.);
#1114=EDGE_CURVE('',#884,#883,#477,.T.);
#1115=EDGE_CURVE('',#885,#882,#478,.T.);
#1116=EDGE_CURVE('',#886,#884,#479,.T.);
#1117=EDGE_CURVE('',#886,#881,#480,.T.);
#1118=EDGE_CURVE('',#887,#888,#481,.T.);
#1119=EDGE_CURVE('',#889,#887,#482,.T.);
#1120=EDGE_CURVE('',#890,#889,#483,.T.);
#1121=EDGE_CURVE('',#888,#890,#484,.T.);
#1122=EDGE_CURVE('',#891,#892,#485,.T.);
#1123=EDGE_CURVE('',#891,#887,#486,.T.);
#1124=EDGE_CURVE('',#892,#888,#487,.T.);
#1125=EDGE_CURVE('',#892,#893,#488,.T.);
#1126=EDGE_CURVE('',#893,#890,#489,.T.);
#1127=EDGE_CURVE('',#894,#895,#490,.T.);
#1128=EDGE_CURVE('',#896,#894,#491,.T.);
#1129=EDGE_CURVE('',#897,#896,#492,.T.);
#1130=EDGE_CURVE('',#895,#897,#493,.T.);
#1131=EDGE_CURVE('',#898,#899,#494,.T.);
#1132=EDGE_CURVE('',#898,#897,#495,.T.);
#1133=EDGE_CURVE('',#899,#896,#496,.T.);
#1134=EDGE_CURVE('',#900,#898,#497,.T.);
#1135=EDGE_CURVE('',#900,#895,#498,.T.);
#1136=EDGE_CURVE('',#899,#901,#499,.T.);
#1137=EDGE_CURVE('',#901,#894,#500,.T.);
#1138=EDGE_CURVE('',#901,#900,#501,.T.);
#1139=EDGE_CURVE('',#901,#861,#502,.T.);
#1140=EDGE_CURVE('',#863,#900,#503,.T.);
#1141=EDGE_CURVE('',#862,#899,#504,.T.);
#1142=EDGE_CURVE('',#864,#898,#505,.T.);
#1143=EDGE_CURVE('',#893,#902,#506,.T.);
#1144=EDGE_CURVE('',#902,#889,#507,.T.);
#1145=EDGE_CURVE('',#902,#891,#508,.T.);
#1146=EDGE_CURVE('',#891,#867,#509,.T.);
#1147=EDGE_CURVE('',#868,#892,#510,.T.);
#1148=EDGE_CURVE('',#865,#902,#511,.T.);
#1149=EDGE_CURVE('',#866,#893,#512,.T.);
#1150=EDGE_CURVE('',#885,#903,#513,.T.);
#1151=EDGE_CURVE('',#903,#880,#514,.T.);
#1152=EDGE_CURVE('',#903,#886,#515,.T.);
#1153=EDGE_CURVE('',#903,#857,#516,.T.);
#1154=EDGE_CURVE('',#859,#886,#517,.T.);
#1155=EDGE_CURVE('',#858,#885,#518,.T.);
#1156=EDGE_CURVE('',#860,#884,#519,.T.);
#1157=ORIENTED_EDGE('',*,*,#904,.T.);
#1158=ORIENTED_EDGE('',*,*,#905,.T.);
#1159=ORIENTED_EDGE('',*,*,#906,.T.);
#1160=ORIENTED_EDGE('',*,*,#907,.T.);
#1161=ORIENTED_EDGE('',*,*,#906,.F.);
#1162=ORIENTED_EDGE('',*,*,#908,.F.);
#1163=ORIENTED_EDGE('',*,*,#909,.F.);
#1164=ORIENTED_EDGE('',*,*,#905,.F.);
#1165=ORIENTED_EDGE('',*,*,#910,.T.);
#1166=ORIENTED_EDGE('',*,*,#911,.F.);
#1167=ORIENTED_EDGE('',*,*,#912,.F.);
#1168=ORIENTED_EDGE('',*,*,#913,.F.);
#1169=ORIENTED_EDGE('',*,*,#914,.F.);
#1170=ORIENTED_EDGE('',*,*,#915,.T.);
#1171=ORIENTED_EDGE('',*,*,#916,.F.);
#1172=ORIENTED_EDGE('',*,*,#917,.F.);
#1173=ORIENTED_EDGE('',*,*,#918,.F.);
#1174=ORIENTED_EDGE('',*,*,#919,.F.);
#1175=ORIENTED_EDGE('',*,*,#920,.F.);
#1176=ORIENTED_EDGE('',*,*,#921,.F.);
#1177=ORIENTED_EDGE('',*,*,#922,.F.);
#1178=ORIENTED_EDGE('',*,*,#923,.F.);
#1179=ORIENTED_EDGE('',*,*,#924,.F.);
#1180=ORIENTED_EDGE('',*,*,#925,.F.);
#1181=ORIENTED_EDGE('',*,*,#926,.T.);
#1182=ORIENTED_EDGE('',*,*,#927,.T.);
#1183=ORIENTED_EDGE('',*,*,#928,.T.);
#1184=ORIENTED_EDGE('',*,*,#916,.T.);
#1185=ORIENTED_EDGE('',*,*,#926,.F.);
#1186=ORIENTED_EDGE('',*,*,#915,.F.);
#1187=ORIENTED_EDGE('',*,*,#929,.F.);
#1188=ORIENTED_EDGE('',*,*,#930,.T.);
#1189=ORIENTED_EDGE('',*,*,#931,.T.);
#1190=ORIENTED_EDGE('',*,*,#932,.F.);
#1191=ORIENTED_EDGE('',*,*,#933,.T.);
#1192=ORIENTED_EDGE('',*,*,#934,.F.);
#1193=ORIENTED_EDGE('',*,*,#935,.T.);
#1194=ORIENTED_EDGE('',*,*,#936,.T.);
#1195=ORIENTED_EDGE('',*,*,#937,.T.);
#1196=ORIENTED_EDGE('',*,*,#938,.T.);
#1197=ORIENTED_EDGE('',*,*,#911,.T.);
#1198=ORIENTED_EDGE('',*,*,#912,.T.);
#1199=ORIENTED_EDGE('',*,*,#938,.F.);
#1200=ORIENTED_EDGE('',*,*,#939,.T.);
#1201=ORIENTED_EDGE('',*,*,#940,.T.);
#1202=ORIENTED_EDGE('',*,*,#941,.T.);
#1203=ORIENTED_EDGE('',*,*,#942,.T.);
#1204=ORIENTED_EDGE('',*,*,#913,.T.);
#1205=ORIENTED_EDGE('',*,*,#940,.F.);
#1206=ORIENTED_EDGE('',*,*,#943,.T.);
#1207=ORIENTED_EDGE('',*,*,#929,.T.);
#1208=ORIENTED_EDGE('',*,*,#914,.T.);
#1209=ORIENTED_EDGE('',*,*,#942,.F.);
#1210=ORIENTED_EDGE('',*,*,#944,.F.);
#1211=ORIENTED_EDGE('',*,*,#931,.F.);
#1212=ORIENTED_EDGE('',*,*,#945,.F.);
#1213=ORIENTED_EDGE('',*,*,#946,.F.);
#1214=ORIENTED_EDGE('',*,*,#941,.F.);
#1215=ORIENTED_EDGE('',*,*,#947,.T.);
#1216=ORIENTED_EDGE('',*,*,#946,.T.);
#1217=ORIENTED_EDGE('',*,*,#948,.F.);
#1218=ORIENTED_EDGE('',*,*,#943,.F.);
#1219=ORIENTED_EDGE('',*,*,#948,.T.);
#1220=ORIENTED_EDGE('',*,*,#945,.T.);
#1221=ORIENTED_EDGE('',*,*,#930,.F.);
#1222=ORIENTED_EDGE('',*,*,#949,.T.);
#1223=ORIENTED_EDGE('',*,*,#950,.T.);
#1224=ORIENTED_EDGE('',*,*,#917,.T.);
#1225=ORIENTED_EDGE('',*,*,#928,.F.);
#1226=ORIENTED_EDGE('',*,*,#927,.F.);
#1227=ORIENTED_EDGE('',*,*,#935,.F.);
#1228=ORIENTED_EDGE('',*,*,#951,.F.);
#1229=ORIENTED_EDGE('',*,*,#952,.T.);
#1230=ORIENTED_EDGE('',*,*,#953,.T.);
#1231=ORIENTED_EDGE('',*,*,#954,.T.);
#1232=ORIENTED_EDGE('',*,*,#955,.F.);
#1233=ORIENTED_EDGE('',*,*,#956,.F.);
#1234=ORIENTED_EDGE('',*,*,#957,.F.);
#1235=ORIENTED_EDGE('',*,*,#958,.T.);
#1236=ORIENTED_EDGE('',*,*,#959,.T.);
#1237=ORIENTED_EDGE('',*,*,#960,.T.);
#1238=ORIENTED_EDGE('',*,*,#961,.F.);
#1239=ORIENTED_EDGE('',*,*,#962,.T.);
#1240=ORIENTED_EDGE('',*,*,#963,.T.);
#1241=ORIENTED_EDGE('',*,*,#964,.T.);
#1242=ORIENTED_EDGE('',*,*,#965,.T.);
#1243=ORIENTED_EDGE('',*,*,#966,.F.);
#1244=ORIENTED_EDGE('',*,*,#904,.F.);
#1245=ORIENTED_EDGE('',*,*,#967,.F.);
#1246=ORIENTED_EDGE('',*,*,#968,.F.);
#1247=ORIENTED_EDGE('',*,*,#969,.T.);
#1248=ORIENTED_EDGE('',*,*,#970,.F.);
#1249=ORIENTED_EDGE('',*,*,#971,.T.);
#1250=ORIENTED_EDGE('',*,*,#936,.F.);
#1251=ORIENTED_EDGE('',*,*,#910,.F.);
#1252=ORIENTED_EDGE('',*,*,#907,.F.);
#1253=ORIENTED_EDGE('',*,*,#972,.F.);
#1254=ORIENTED_EDGE('',*,*,#973,.F.);
#1255=ORIENTED_EDGE('',*,*,#967,.T.);
#1256=ORIENTED_EDGE('',*,*,#974,.F.);
#1257=ORIENTED_EDGE('',*,*,#975,.F.);
#1258=ORIENTED_EDGE('',*,*,#976,.F.);
#1259=ORIENTED_EDGE('',*,*,#977,.T.);
#1260=ORIENTED_EDGE('',*,*,#978,.T.);
#1261=ORIENTED_EDGE('',*,*,#975,.T.);
#1262=ORIENTED_EDGE('',*,*,#979,.T.);
#1263=ORIENTED_EDGE('',*,*,#980,.T.);
#1264=ORIENTED_EDGE('',*,*,#968,.T.);
#1265=ORIENTED_EDGE('',*,*,#973,.T.);
#1266=ORIENTED_EDGE('',*,*,#976,.T.);
#1267=ORIENTED_EDGE('',*,*,#981,.T.);
#1268=ORIENTED_EDGE('',*,*,#982,.T.);
#1269=ORIENTED_EDGE('',*,*,#983,.T.);
#1270=ORIENTED_EDGE('',*,*,#908,.T.);
#1271=ORIENTED_EDGE('',*,*,#925,.T.);
#1272=ORIENTED_EDGE('',*,*,#984,.T.);
#1273=ORIENTED_EDGE('',*,*,#974,.T.);
#1274=ORIENTED_EDGE('',*,*,#972,.T.);
#1275=ORIENTED_EDGE('',*,*,#909,.T.);
#1276=ORIENTED_EDGE('',*,*,#985,.T.);
#1277=ORIENTED_EDGE('',*,*,#981,.F.);
#1278=ORIENTED_EDGE('',*,*,#978,.F.);
#1279=ORIENTED_EDGE('',*,*,#986,.F.);
#1280=ORIENTED_EDGE('',*,*,#987,.F.);
#1281=ORIENTED_EDGE('',*,*,#988,.F.);
#1282=ORIENTED_EDGE('',*,*,#989,.F.);
#1283=ORIENTED_EDGE('',*,*,#990,.F.);
#1284=ORIENTED_EDGE('',*,*,#991,.F.);
#1285=ORIENTED_EDGE('',*,*,#992,.F.);
#1286=ORIENTED_EDGE('',*,*,#993,.F.);
#1287=ORIENTED_EDGE('',*,*,#994,.F.);
#1288=ORIENTED_EDGE('',*,*,#933,.F.);
#1289=ORIENTED_EDGE('',*,*,#995,.F.);
#1290=ORIENTED_EDGE('',*,*,#996,.F.);
#1291=ORIENTED_EDGE('',*,*,#997,.F.);
#1292=ORIENTED_EDGE('',*,*,#969,.F.);
#1293=ORIENTED_EDGE('',*,*,#977,.F.);
#1294=ORIENTED_EDGE('',*,*,#998,.F.);
#1295=ORIENTED_EDGE('',*,*,#999,.T.);
#1296=ORIENTED_EDGE('',*,*,#1000,.F.);
#1297=ORIENTED_EDGE('',*,*,#986,.T.);
#1298=ORIENTED_EDGE('',*,*,#979,.F.);
#1299=ORIENTED_EDGE('',*,*,#985,.F.);
#1300=ORIENTED_EDGE('',*,*,#983,.F.);
#1301=ORIENTED_EDGE('',*,*,#1001,.F.);
#1302=ORIENTED_EDGE('',*,*,#1002,.T.);
#1303=ORIENTED_EDGE('',*,*,#1003,.T.);
#1304=ORIENTED_EDGE('',*,*,#980,.F.);
#1305=ORIENTED_EDGE('',*,*,#1001,.T.);
#1306=ORIENTED_EDGE('',*,*,#982,.F.);
#1307=ORIENTED_EDGE('',*,*,#1004,.T.);
#1308=ORIENTED_EDGE('',*,*,#1005,.T.);
#1309=ORIENTED_EDGE('',*,*,#998,.T.);
#1310=ORIENTED_EDGE('',*,*,#934,.T.);
#1311=ORIENTED_EDGE('',*,*,#994,.T.);
#1312=ORIENTED_EDGE('',*,*,#1006,.T.);
#1313=ORIENTED_EDGE('',*,*,#951,.T.);
#1314=ORIENTED_EDGE('',*,*,#1007,.T.);
#1315=ORIENTED_EDGE('',*,*,#1008,.T.);
#1316=ORIENTED_EDGE('',*,*,#1009,.T.);
#1317=ORIENTED_EDGE('',*,*,#1010,.T.);
#1318=ORIENTED_EDGE('',*,*,#1009,.F.);
#1319=ORIENTED_EDGE('',*,*,#1011,.F.);
#1320=ORIENTED_EDGE('',*,*,#1012,.F.);
#1321=ORIENTED_EDGE('',*,*,#1013,.F.);
#1322=ORIENTED_EDGE('',*,*,#963,.F.);
#1323=ORIENTED_EDGE('',*,*,#1014,.T.);
#1324=ORIENTED_EDGE('',*,*,#1008,.F.);
#1325=ORIENTED_EDGE('',*,*,#1015,.T.);
#1326=ORIENTED_EDGE('',*,*,#1016,.F.);
#1327=ORIENTED_EDGE('',*,*,#1011,.T.);
#1328=ORIENTED_EDGE('',*,*,#1017,.T.);
#1329=ORIENTED_EDGE('',*,*,#1018,.T.);
#1330=ORIENTED_EDGE('',*,*,#1019,.T.);
#1331=ORIENTED_EDGE('',*,*,#1020,.T.);
#1332=ORIENTED_EDGE('',*,*,#1018,.F.);
#1333=ORIENTED_EDGE('',*,*,#1021,.T.);
#1334=ORIENTED_EDGE('',*,*,#1022,.F.);
#1335=ORIENTED_EDGE('',*,*,#1023,.T.);
#1336=ORIENTED_EDGE('',*,*,#1017,.F.);
#1337=ORIENTED_EDGE('',*,*,#1024,.F.);
#1338=ORIENTED_EDGE('',*,*,#958,.F.);
#1339=ORIENTED_EDGE('',*,*,#1025,.F.);
#1340=ORIENTED_EDGE('',*,*,#1021,.F.);
#1341=ORIENTED_EDGE('',*,*,#1012,.T.);
#1342=ORIENTED_EDGE('',*,*,#1016,.T.);
#1343=ORIENTED_EDGE('',*,*,#1026,.T.);
#1344=ORIENTED_EDGE('',*,*,#1027,.T.);
#1345=ORIENTED_EDGE('',*,*,#1028,.T.);
#1346=ORIENTED_EDGE('',*,*,#1029,.T.);
#1347=ORIENTED_EDGE('',*,*,#1030,.T.);
#1348=ORIENTED_EDGE('',*,*,#1031,.T.);
#1349=ORIENTED_EDGE('',*,*,#1030,.F.);
#1350=ORIENTED_EDGE('',*,*,#1032,.F.);
#1351=ORIENTED_EDGE('',*,*,#1033,.F.);
#1352=ORIENTED_EDGE('',*,*,#1034,.F.);
#1353=ORIENTED_EDGE('',*,*,#954,.F.);
#1354=ORIENTED_EDGE('',*,*,#1035,.T.);
#1355=ORIENTED_EDGE('',*,*,#1029,.F.);
#1356=ORIENTED_EDGE('',*,*,#1036,.T.);
#1357=ORIENTED_EDGE('',*,*,#1037,.F.);
#1358=ORIENTED_EDGE('',*,*,#1032,.T.);
#1359=ORIENTED_EDGE('',*,*,#961,.T.);
#1360=ORIENTED_EDGE('',*,*,#1038,.T.);
#1361=ORIENTED_EDGE('',*,*,#1039,.T.);
#1362=ORIENTED_EDGE('',*,*,#1038,.F.);
#1363=ORIENTED_EDGE('',*,*,#1039,.F.);
#1364=ORIENTED_EDGE('',*,*,#1040,.T.);
#1365=ORIENTED_EDGE('',*,*,#1041,.F.);
#1366=ORIENTED_EDGE('',*,*,#1040,.F.);
#1367=ORIENTED_EDGE('',*,*,#1042,.T.);
#1368=ORIENTED_EDGE('',*,*,#1043,.T.);
#1369=ORIENTED_EDGE('',*,*,#1041,.T.);
#1370=ORIENTED_EDGE('',*,*,#1043,.F.);
#1371=ORIENTED_EDGE('',*,*,#1044,.F.);
#1372=ORIENTED_EDGE('',*,*,#1045,.F.);
#1373=ORIENTED_EDGE('',*,*,#1046,.F.);
#1374=ORIENTED_EDGE('',*,*,#1047,.F.);
#1375=ORIENTED_EDGE('',*,*,#1048,.F.);
#1376=ORIENTED_EDGE('',*,*,#1049,.F.);
#1377=ORIENTED_EDGE('',*,*,#1050,.F.);
#1378=ORIENTED_EDGE('',*,*,#1051,.F.);
#1379=ORIENTED_EDGE('',*,*,#1052,.F.);
#1380=ORIENTED_EDGE('',*,*,#1053,.F.);
#1381=ORIENTED_EDGE('',*,*,#1054,.F.);
#1382=ORIENTED_EDGE('',*,*,#1055,.F.);
#1383=ORIENTED_EDGE('',*,*,#1056,.F.);
#1384=ORIENTED_EDGE('',*,*,#1057,.F.);
#1385=ORIENTED_EDGE('',*,*,#1058,.F.);
#1386=ORIENTED_EDGE('',*,*,#1059,.F.);
#1387=ORIENTED_EDGE('',*,*,#1060,.F.);
#1388=ORIENTED_EDGE('',*,*,#1042,.F.);
#1389=ORIENTED_EDGE('',*,*,#966,.T.);
#1390=ORIENTED_EDGE('',*,*,#1061,.T.);
#1391=ORIENTED_EDGE('',*,*,#1062,.T.);
#1392=ORIENTED_EDGE('',*,*,#1061,.F.);
#1393=ORIENTED_EDGE('',*,*,#1062,.F.);
#1394=ORIENTED_EDGE('',*,*,#1063,.T.);
#1395=ORIENTED_EDGE('',*,*,#1064,.F.);
#1396=ORIENTED_EDGE('',*,*,#1063,.F.);
#1397=ORIENTED_EDGE('',*,*,#1048,.T.);
#1398=ORIENTED_EDGE('',*,*,#1065,.T.);
#1399=ORIENTED_EDGE('',*,*,#1064,.T.);
#1400=ORIENTED_EDGE('',*,*,#1065,.F.);
#1401=ORIENTED_EDGE('',*,*,#984,.F.);
#1402=ORIENTED_EDGE('',*,*,#924,.T.);
#1403=ORIENTED_EDGE('',*,*,#1066,.F.);
#1404=ORIENTED_EDGE('',*,*,#1067,.T.);
#1405=ORIENTED_EDGE('',*,*,#1004,.F.);
#1406=ORIENTED_EDGE('',*,*,#932,.T.);
#1407=ORIENTED_EDGE('',*,*,#944,.T.);
#1408=ORIENTED_EDGE('',*,*,#1068,.T.);
#1409=ORIENTED_EDGE('',*,*,#995,.T.);
#1410=ORIENTED_EDGE('',*,*,#1068,.F.);
#1411=ORIENTED_EDGE('',*,*,#1069,.T.);
#1412=ORIENTED_EDGE('',*,*,#1070,.T.);
#1413=ORIENTED_EDGE('',*,*,#996,.T.);
#1414=ORIENTED_EDGE('',*,*,#970,.T.);
#1415=ORIENTED_EDGE('',*,*,#997,.T.);
#1416=ORIENTED_EDGE('',*,*,#1070,.F.);
#1417=ORIENTED_EDGE('',*,*,#1071,.T.);
#1418=ORIENTED_EDGE('',*,*,#937,.F.);
#1419=ORIENTED_EDGE('',*,*,#971,.F.);
#1420=ORIENTED_EDGE('',*,*,#1071,.F.);
#1421=ORIENTED_EDGE('',*,*,#1072,.F.);
#1422=ORIENTED_EDGE('',*,*,#939,.F.);
#1423=ORIENTED_EDGE('',*,*,#1072,.T.);
#1424=ORIENTED_EDGE('',*,*,#1069,.F.);
#1425=ORIENTED_EDGE('',*,*,#947,.F.);
#1426=ORIENTED_EDGE('',*,*,#1073,.T.);
#1427=ORIENTED_EDGE('',*,*,#1006,.F.);
#1428=ORIENTED_EDGE('',*,*,#993,.T.);
#1429=ORIENTED_EDGE('',*,*,#1074,.T.);
#1430=ORIENTED_EDGE('',*,*,#991,.T.);
#1431=ORIENTED_EDGE('',*,*,#1075,.T.);
#1432=ORIENTED_EDGE('',*,*,#1034,.T.);
#1433=ORIENTED_EDGE('',*,*,#1076,.T.);
#1434=ORIENTED_EDGE('',*,*,#1077,.F.);
#1435=ORIENTED_EDGE('',*,*,#1078,.F.);
#1436=ORIENTED_EDGE('',*,*,#1079,.F.);
#1437=ORIENTED_EDGE('',*,*,#1080,.T.);
#1438=ORIENTED_EDGE('',*,*,#1044,.T.);
#1439=ORIENTED_EDGE('',*,*,#1078,.T.);
#1440=ORIENTED_EDGE('',*,*,#988,.T.);
#1441=ORIENTED_EDGE('',*,*,#1081,.F.);
#1442=ORIENTED_EDGE('',*,*,#1082,.F.);
#1443=ORIENTED_EDGE('',*,*,#1083,.F.);
#1444=ORIENTED_EDGE('',*,*,#1084,.F.);
#1445=ORIENTED_EDGE('',*,*,#922,.T.);
#1446=ORIENTED_EDGE('',*,*,#1082,.T.);
#1447=ORIENTED_EDGE('',*,*,#1046,.T.);
#1448=ORIENTED_EDGE('',*,*,#1085,.F.);
#1449=ORIENTED_EDGE('',*,*,#1086,.F.);
#1450=ORIENTED_EDGE('',*,*,#1087,.F.);
#1451=ORIENTED_EDGE('',*,*,#990,.T.);
#1452=ORIENTED_EDGE('',*,*,#1086,.T.);
#1453=ORIENTED_EDGE('',*,*,#955,.T.);
#1454=ORIENTED_EDGE('',*,*,#1075,.F.);
#1455=ORIENTED_EDGE('',*,*,#1077,.T.);
#1456=ORIENTED_EDGE('',*,*,#1088,.T.);
#1457=ORIENTED_EDGE('',*,*,#1087,.T.);
#1458=ORIENTED_EDGE('',*,*,#989,.T.);
#1459=ORIENTED_EDGE('',*,*,#1089,.F.);
#1460=ORIENTED_EDGE('',*,*,#1090,.F.);
#1461=ORIENTED_EDGE('',*,*,#1091,.F.);
#1462=ORIENTED_EDGE('',*,*,#957,.T.);
#1463=ORIENTED_EDGE('',*,*,#1090,.T.);
#1464=ORIENTED_EDGE('',*,*,#920,.T.);
#1465=ORIENTED_EDGE('',*,*,#1092,.T.);
#1466=ORIENTED_EDGE('',*,*,#1085,.T.);
#1467=ORIENTED_EDGE('',*,*,#1093,.T.);
#1468=ORIENTED_EDGE('',*,*,#1091,.T.);
#1469=ORIENTED_EDGE('',*,*,#956,.T.);
#1470=ORIENTED_EDGE('',*,*,#1089,.T.);
#1471=ORIENTED_EDGE('',*,*,#1094,.T.);
#1472=ORIENTED_EDGE('',*,*,#1083,.T.);
#1473=ORIENTED_EDGE('',*,*,#921,.T.);
#1474=ORIENTED_EDGE('',*,*,#1025,.T.);
#1475=ORIENTED_EDGE('',*,*,#1092,.F.);
#1476=ORIENTED_EDGE('',*,*,#919,.T.);
#1477=ORIENTED_EDGE('',*,*,#1095,.T.);
#1478=ORIENTED_EDGE('',*,*,#1081,.T.);
#1479=ORIENTED_EDGE('',*,*,#1096,.T.);
#1480=ORIENTED_EDGE('',*,*,#1079,.T.);
#1481=ORIENTED_EDGE('',*,*,#1047,.T.);
#1482=ORIENTED_EDGE('',*,*,#1022,.T.);
#1483=ORIENTED_EDGE('',*,*,#1095,.F.);
#1484=ORIENTED_EDGE('',*,*,#918,.T.);
#1485=ORIENTED_EDGE('',*,*,#950,.F.);
#1486=ORIENTED_EDGE('',*,*,#992,.T.);
#1487=ORIENTED_EDGE('',*,*,#1076,.F.);
#1488=ORIENTED_EDGE('',*,*,#1033,.T.);
#1489=ORIENTED_EDGE('',*,*,#1037,.T.);
#1490=ORIENTED_EDGE('',*,*,#1097,.T.);
#1491=ORIENTED_EDGE('',*,*,#1074,.F.);
#1492=ORIENTED_EDGE('',*,*,#1019,.F.);
#1493=ORIENTED_EDGE('',*,*,#1023,.F.);
#1494=ORIENTED_EDGE('',*,*,#949,.F.);
#1495=ORIENTED_EDGE('',*,*,#960,.F.);
#1496=ORIENTED_EDGE('',*,*,#1098,.T.);
#1497=ORIENTED_EDGE('',*,*,#1088,.F.);
#1498=ORIENTED_EDGE('',*,*,#1096,.F.);
#1499=ORIENTED_EDGE('',*,*,#1094,.F.);
#1500=ORIENTED_EDGE('',*,*,#1093,.F.);
#1501=ORIENTED_EDGE('',*,*,#1028,.F.);
#1502=ORIENTED_EDGE('',*,*,#1099,.F.);
#1503=ORIENTED_EDGE('',*,*,#952,.F.);
#1504=ORIENTED_EDGE('',*,*,#1073,.F.);
#1505=ORIENTED_EDGE('',*,*,#1097,.F.);
#1506=ORIENTED_EDGE('',*,*,#1036,.F.);
#1507=ORIENTED_EDGE('',*,*,#1031,.F.);
#1508=ORIENTED_EDGE('',*,*,#1035,.F.);
#1509=ORIENTED_EDGE('',*,*,#953,.F.);
#1510=ORIENTED_EDGE('',*,*,#1099,.T.);
#1511=ORIENTED_EDGE('',*,*,#1010,.F.);
#1512=ORIENTED_EDGE('',*,*,#1014,.F.);
#1513=ORIENTED_EDGE('',*,*,#962,.F.);
#1514=ORIENTED_EDGE('',*,*,#1100,.T.);
#1515=ORIENTED_EDGE('',*,*,#1027,.F.);
#1516=ORIENTED_EDGE('',*,*,#1101,.F.);
#1517=ORIENTED_EDGE('',*,*,#964,.F.);
#1518=ORIENTED_EDGE('',*,*,#1013,.T.);
#1519=ORIENTED_EDGE('',*,*,#1007,.F.);
#1520=ORIENTED_EDGE('',*,*,#1100,.F.);
#1521=ORIENTED_EDGE('',*,*,#965,.F.);
#1522=ORIENTED_EDGE('',*,*,#1101,.T.);
#1523=ORIENTED_EDGE('',*,*,#1026,.F.);
#1524=ORIENTED_EDGE('',*,*,#1015,.F.);
#1525=ORIENTED_EDGE('',*,*,#1020,.F.);
#1526=ORIENTED_EDGE('',*,*,#1098,.F.);
#1527=ORIENTED_EDGE('',*,*,#959,.F.);
#1528=ORIENTED_EDGE('',*,*,#1024,.T.);
#1529=ORIENTED_EDGE('',*,*,#1084,.T.);
#1530=ORIENTED_EDGE('',*,*,#1102,.T.);
#1531=ORIENTED_EDGE('',*,*,#1066,.T.);
#1532=ORIENTED_EDGE('',*,*,#923,.T.);
#1533=ORIENTED_EDGE('',*,*,#1080,.F.);
#1534=ORIENTED_EDGE('',*,*,#987,.T.);
#1535=ORIENTED_EDGE('',*,*,#1000,.T.);
#1536=ORIENTED_EDGE('',*,*,#1103,.T.);
#1537=ORIENTED_EDGE('',*,*,#1005,.F.);
#1538=ORIENTED_EDGE('',*,*,#1067,.F.);
#1539=ORIENTED_EDGE('',*,*,#1104,.F.);
#1540=ORIENTED_EDGE('',*,*,#999,.F.);
#1541=ORIENTED_EDGE('',*,*,#1105,.T.);
#1542=ORIENTED_EDGE('',*,*,#1106,.T.);
#1543=ORIENTED_EDGE('',*,*,#1105,.F.);
#1544=ORIENTED_EDGE('',*,*,#1107,.T.);
#1545=ORIENTED_EDGE('',*,*,#1003,.F.);
#1546=ORIENTED_EDGE('',*,*,#1107,.F.);
#1547=ORIENTED_EDGE('',*,*,#1106,.F.);
#1548=ORIENTED_EDGE('',*,*,#1108,.T.);
#1549=ORIENTED_EDGE('',*,*,#1002,.F.);
#1550=ORIENTED_EDGE('',*,*,#1108,.F.);
#1551=ORIENTED_EDGE('',*,*,#1102,.F.);
#1552=ORIENTED_EDGE('',*,*,#1045,.T.);
#1553=ORIENTED_EDGE('',*,*,#1103,.F.);
#1554=ORIENTED_EDGE('',*,*,#1104,.T.);
#1555=ORIENTED_EDGE('',*,*,#1109,.F.);
#1556=ORIENTED_EDGE('',*,*,#1110,.F.);
#1557=ORIENTED_EDGE('',*,*,#1111,.F.);
#1558=ORIENTED_EDGE('',*,*,#1112,.F.);
#1559=ORIENTED_EDGE('',*,*,#1113,.F.);
#1560=ORIENTED_EDGE('',*,*,#1114,.T.);
#1561=ORIENTED_EDGE('',*,*,#1111,.T.);
#1562=ORIENTED_EDGE('',*,*,#1115,.F.);
#1563=ORIENTED_EDGE('',*,*,#1116,.F.);
#1564=ORIENTED_EDGE('',*,*,#1117,.T.);
#1565=ORIENTED_EDGE('',*,*,#1112,.T.);
#1566=ORIENTED_EDGE('',*,*,#1114,.F.);
#1567=ORIENTED_EDGE('',*,*,#1118,.F.);
#1568=ORIENTED_EDGE('',*,*,#1119,.F.);
#1569=ORIENTED_EDGE('',*,*,#1120,.F.);
#1570=ORIENTED_EDGE('',*,*,#1121,.F.);
#1571=ORIENTED_EDGE('',*,*,#1122,.F.);
#1572=ORIENTED_EDGE('',*,*,#1123,.T.);
#1573=ORIENTED_EDGE('',*,*,#1118,.T.);
#1574=ORIENTED_EDGE('',*,*,#1124,.F.);
#1575=ORIENTED_EDGE('',*,*,#1125,.F.);
#1576=ORIENTED_EDGE('',*,*,#1124,.T.);
#1577=ORIENTED_EDGE('',*,*,#1121,.T.);
#1578=ORIENTED_EDGE('',*,*,#1126,.F.);
#1579=ORIENTED_EDGE('',*,*,#1127,.F.);
#1580=ORIENTED_EDGE('',*,*,#1128,.F.);
#1581=ORIENTED_EDGE('',*,*,#1129,.F.);
#1582=ORIENTED_EDGE('',*,*,#1130,.F.);
#1583=ORIENTED_EDGE('',*,*,#1131,.F.);
#1584=ORIENTED_EDGE('',*,*,#1132,.T.);
#1585=ORIENTED_EDGE('',*,*,#1129,.T.);
#1586=ORIENTED_EDGE('',*,*,#1133,.F.);
#1587=ORIENTED_EDGE('',*,*,#1134,.F.);
#1588=ORIENTED_EDGE('',*,*,#1135,.T.);
#1589=ORIENTED_EDGE('',*,*,#1130,.T.);
#1590=ORIENTED_EDGE('',*,*,#1132,.F.);
#1591=ORIENTED_EDGE('',*,*,#1136,.F.);
#1592=ORIENTED_EDGE('',*,*,#1133,.T.);
#1593=ORIENTED_EDGE('',*,*,#1128,.T.);
#1594=ORIENTED_EDGE('',*,*,#1137,.F.);
#1595=ORIENTED_EDGE('',*,*,#1138,.F.);
#1596=ORIENTED_EDGE('',*,*,#1137,.T.);
#1597=ORIENTED_EDGE('',*,*,#1127,.T.);
#1598=ORIENTED_EDGE('',*,*,#1135,.F.);
#1599=ORIENTED_EDGE('',*,*,#1054,.T.);
#1600=ORIENTED_EDGE('',*,*,#1139,.F.);
#1601=ORIENTED_EDGE('',*,*,#1138,.T.);
#1602=ORIENTED_EDGE('',*,*,#1140,.F.);
#1603=ORIENTED_EDGE('',*,*,#1131,.T.);
#1604=ORIENTED_EDGE('',*,*,#1141,.F.);
#1605=ORIENTED_EDGE('',*,*,#1056,.T.);
#1606=ORIENTED_EDGE('',*,*,#1142,.T.);
#1607=ORIENTED_EDGE('',*,*,#1053,.T.);
#1608=ORIENTED_EDGE('',*,*,#1141,.T.);
#1609=ORIENTED_EDGE('',*,*,#1136,.T.);
#1610=ORIENTED_EDGE('',*,*,#1139,.T.);
#1611=ORIENTED_EDGE('',*,*,#1055,.T.);
#1612=ORIENTED_EDGE('',*,*,#1140,.T.);
#1613=ORIENTED_EDGE('',*,*,#1134,.T.);
#1614=ORIENTED_EDGE('',*,*,#1142,.F.);
#1615=ORIENTED_EDGE('',*,*,#1143,.F.);
#1616=ORIENTED_EDGE('',*,*,#1126,.T.);
#1617=ORIENTED_EDGE('',*,*,#1120,.T.);
#1618=ORIENTED_EDGE('',*,*,#1144,.F.);
#1619=ORIENTED_EDGE('',*,*,#1145,.F.);
#1620=ORIENTED_EDGE('',*,*,#1144,.T.);
#1621=ORIENTED_EDGE('',*,*,#1119,.T.);
#1622=ORIENTED_EDGE('',*,*,#1123,.F.);
#1623=ORIENTED_EDGE('',*,*,#1059,.T.);
#1624=ORIENTED_EDGE('',*,*,#1146,.F.);
#1625=ORIENTED_EDGE('',*,*,#1122,.T.);
#1626=ORIENTED_EDGE('',*,*,#1147,.F.);
#1627=ORIENTED_EDGE('',*,*,#1145,.T.);
#1628=ORIENTED_EDGE('',*,*,#1146,.T.);
#1629=ORIENTED_EDGE('',*,*,#1058,.T.);
#1630=ORIENTED_EDGE('',*,*,#1148,.T.);
#1631=ORIENTED_EDGE('',*,*,#1060,.T.);
#1632=ORIENTED_EDGE('',*,*,#1147,.T.);
#1633=ORIENTED_EDGE('',*,*,#1125,.T.);
#1634=ORIENTED_EDGE('',*,*,#1149,.F.);
#1635=ORIENTED_EDGE('',*,*,#1057,.T.);
#1636=ORIENTED_EDGE('',*,*,#1149,.T.);
#1637=ORIENTED_EDGE('',*,*,#1143,.T.);
#1638=ORIENTED_EDGE('',*,*,#1148,.F.);
#1639=ORIENTED_EDGE('',*,*,#1150,.F.);
#1640=ORIENTED_EDGE('',*,*,#1115,.T.);
#1641=ORIENTED_EDGE('',*,*,#1110,.T.);
#1642=ORIENTED_EDGE('',*,*,#1151,.F.);
#1643=ORIENTED_EDGE('',*,*,#1152,.F.);
#1644=ORIENTED_EDGE('',*,*,#1151,.T.);
#1645=ORIENTED_EDGE('',*,*,#1109,.T.);
#1646=ORIENTED_EDGE('',*,*,#1117,.F.);
#1647=ORIENTED_EDGE('',*,*,#1050,.T.);
#1648=ORIENTED_EDGE('',*,*,#1153,.F.);
#1649=ORIENTED_EDGE('',*,*,#1152,.T.);
#1650=ORIENTED_EDGE('',*,*,#1154,.F.);
#1651=ORIENTED_EDGE('',*,*,#1113,.T.);
#1652=ORIENTED_EDGE('',*,*,#1155,.F.);
#1653=ORIENTED_EDGE('',*,*,#1052,.T.);
#1654=ORIENTED_EDGE('',*,*,#1156,.T.);
#1655=ORIENTED_EDGE('',*,*,#1049,.T.);
#1656=ORIENTED_EDGE('',*,*,#1155,.T.);
#1657=ORIENTED_EDGE('',*,*,#1150,.T.);
#1658=ORIENTED_EDGE('',*,*,#1153,.T.);
#1659=ORIENTED_EDGE('',*,*,#1051,.T.);
#1660=ORIENTED_EDGE('',*,*,#1154,.T.);
#1661=ORIENTED_EDGE('',*,*,#1116,.T.);
#1662=ORIENTED_EDGE('',*,*,#1156,.F.);
#1663=PLANE('',#1881);
#1664=PLANE('',#1882);
#1665=PLANE('',#1883);
#1666=PLANE('',#1886);
#1667=PLANE('',#1887);
#1668=PLANE('',#1888);
#1669=PLANE('',#1891);
#1670=PLANE('',#1892);
#1671=PLANE('',#1893);
#1672=PLANE('',#1894);
#1673=PLANE('',#1895);
#1674=PLANE('',#1896);
#1675=PLANE('',#1897);
#1676=PLANE('',#1900);
#1677=PLANE('',#1901);
#1678=PLANE('',#1902);
#1679=PLANE('',#1903);
#1680=PLANE('',#1904);
#1681=PLANE('',#1905);
#1682=PLANE('',#1906);
#1683=PLANE('',#1907);
#1684=PLANE('',#1910);
#1685=PLANE('',#1911);
#1686=PLANE('',#1914);
#1687=PLANE('',#1915);
#1688=PLANE('',#1916);
#1689=PLANE('',#1917);
#1690=PLANE('',#1918);
#1691=PLANE('',#1919);
#1692=PLANE('',#1920);
#1693=PLANE('',#1921);
#1694=PLANE('',#1922);
#1695=PLANE('',#1923);
#1696=PLANE('',#1924);
#1697=PLANE('',#1925);
#1698=PLANE('',#1932);
#1699=PLANE('',#1939);
#1700=PLANE('',#1940);
#1701=PLANE('',#1943);
#1702=PLANE('',#1944);
#1703=PLANE('',#1946);
#1704=PLANE('',#1947);
#1705=PLANE('',#1948);
#1706=PLANE('',#1949);
#1707=PLANE('',#1950);
#1708=PLANE('',#1951);
#1709=PLANE('',#1952);
#1710=PLANE('',#1953);
#1711=PLANE('',#1954);
#1712=PLANE('',#1955);
#1713=PLANE('',#1956);
#1714=PLANE('',#1957);
#1715=PLANE('',#1958);
#1716=PLANE('',#1959);
#1717=PLANE('',#1960);
#1718=PLANE('',#1961);
#1719=PLANE('',#1962);
#1720=PLANE('',#1963);
#1721=PLANE('',#1964);
#1722=PLANE('',#1965);
#1723=PLANE('',#1966);
#1724=PLANE('',#1967);
#1725=PLANE('',#1968);
#1726=PLANE('',#1969);
#1727=PLANE('',#1970);
#1728=PLANE('',#1975);
#1729=PLANE('',#1976);
#1730=PLANE('',#1978);
#1731=PLANE('',#1983);
#1732=PLANE('',#1984);
#1733=PLANE('',#1985);
#1734=PLANE('',#1986);
#1735=PLANE('',#1987);
#1736=PLANE('',#1988);
#1737=PLANE('',#1989);
#1738=PLANE('',#1990);
#1739=PLANE('',#1991);
#1740=PLANE('',#1992);
#1741=PLANE('',#1993);
#1742=PLANE('',#1994);
#1743=PLANE('',#1995);
#1744=PLANE('',#1996);
#1745=PLANE('',#1997);
#1746=PLANE('',#1998);
#1747=PLANE('',#1999);
#1748=PLANE('',#2000);
#1749=PLANE('',#2001);
#1750=PLANE('',#2002);
#1751=PLANE('',#2003);
#1752=PLANE('',#2004);
#1753=PLANE('',#2005);
#1754=PLANE('',#2006);
#1755=PLANE('',#2007);
#1756=PLANE('',#2008);
#1757=PLANE('',#2009);
#1758=ADVANCED_FACE('',(#60),#1663,.T.);
#1759=ADVANCED_FACE('',(#61),#1664,.T.);
#1760=ADVANCED_FACE('',(#62),#1665,.T.);
#1761=ADVANCED_FACE('',(#63),#1666,.T.);
#1762=ADVANCED_FACE('',(#64),#1667,.F.);
#1763=ADVANCED_FACE('',(#65),#1668,.T.);
#1764=ADVANCED_FACE('',(#66),#32,.T.);
#1765=ADVANCED_FACE('',(#67),#1669,.T.);
#1766=ADVANCED_FACE('',(#68),#1670,.T.);
#1767=ADVANCED_FACE('',(#69),#1671,.T.);
#1768=ADVANCED_FACE('',(#70),#1672,.T.);
#1769=ADVANCED_FACE('',(#71),#1673,.T.);
#1770=ADVANCED_FACE('',(#72),#1674,.T.);
#1771=ADVANCED_FACE('',(#73,#21,#22,#23),#1675,.F.);
#1772=ADVANCED_FACE('',(#74),#1676,.F.);
#1773=ADVANCED_FACE('',(#75),#1677,.T.);
#1774=ADVANCED_FACE('',(#76),#1678,.T.);
#1775=ADVANCED_FACE('',(#77),#1679,.T.);
#1776=ADVANCED_FACE('',(#78),#1680,.T.);
#1777=ADVANCED_FACE('',(#79),#1681,.T.);
#1778=ADVANCED_FACE('',(#80),#1682,.T.);
#1779=ADVANCED_FACE('',(#81),#1683,.T.);
#1780=ADVANCED_FACE('',(#82),#1684,.T.);
#1781=ADVANCED_FACE('',(#83,#24,#25),#1685,.T.);
#1782=ADVANCED_FACE('',(#84),#1686,.T.);
#1783=ADVANCED_FACE('',(#85),#1687,.T.);
#1784=ADVANCED_FACE('',(#86),#1688,.T.);
#1785=ADVANCED_FACE('',(#87),#1689,.T.);
#1786=ADVANCED_FACE('',(#88),#1690,.T.);
#1787=ADVANCED_FACE('',(#89),#1691,.T.);
#1788=ADVANCED_FACE('',(#90),#1692,.T.);
#1789=ADVANCED_FACE('',(#91),#1693,.T.);
#1790=ADVANCED_FACE('',(#92),#1694,.T.);
#1791=ADVANCED_FACE('',(#93),#1695,.T.);
#1792=ADVANCED_FACE('',(#94),#1696,.T.);
#1793=ADVANCED_FACE('',(#95),#1697,.T.);
#1794=ADVANCED_FACE('',(#96),#33,.F.);
#1795=ADVANCED_FACE('',(#97),#15,.F.);
#1796=ADVANCED_FACE('',(#98),#34,.F.);
#1797=ADVANCED_FACE('',(#99,#26,#27,#28,#29,#30),#1698,.T.);
#1798=ADVANCED_FACE('',(#100),#35,.F.);
#1799=ADVANCED_FACE('',(#101),#16,.F.);
#1800=ADVANCED_FACE('',(#102),#36,.F.);
#1801=ADVANCED_FACE('',(#103),#1699,.T.);
#1802=ADVANCED_FACE('',(#104),#1700,.T.);
#1803=ADVANCED_FACE('',(#105),#37,.T.);
#1804=ADVANCED_FACE('',(#106),#1701,.T.);
#1805=ADVANCED_FACE('',(#107),#1702,.T.);
#1806=ADVANCED_FACE('',(#108),#17,.T.);
#1807=ADVANCED_FACE('',(#109),#1703,.T.);
#1808=ADVANCED_FACE('',(#110),#1704,.T.);
#1809=ADVANCED_FACE('',(#111),#1705,.T.);
#1810=ADVANCED_FACE('',(#112),#1706,.T.);
#1811=ADVANCED_FACE('',(#113),#1707,.T.);
#1812=ADVANCED_FACE('',(#114),#1708,.T.);
#1813=ADVANCED_FACE('',(#115),#1709,.T.);
#1814=ADVANCED_FACE('',(#116),#1710,.T.);
#1815=ADVANCED_FACE('',(#117),#1711,.T.);
#1816=ADVANCED_FACE('',(#118),#1712,.T.);
#1817=ADVANCED_FACE('',(#119),#1713,.T.);
#1818=ADVANCED_FACE('',(#120),#1714,.T.);
#1819=ADVANCED_FACE('',(#121),#1715,.T.);
#1820=ADVANCED_FACE('',(#122),#1716,.T.);
#1821=ADVANCED_FACE('',(#123),#1717,.T.);
#1822=ADVANCED_FACE('',(#124),#1718,.T.);
#1823=ADVANCED_FACE('',(#125),#1719,.T.);
#1824=ADVANCED_FACE('',(#126),#1720,.T.);
#1825=ADVANCED_FACE('',(#127),#1721,.T.);
#1826=ADVANCED_FACE('',(#128),#1722,.T.);
#1827=ADVANCED_FACE('',(#129),#1723,.T.);
#1828=ADVANCED_FACE('',(#130),#1724,.T.);
#1829=ADVANCED_FACE('',(#131),#1725,.T.);
#1830=ADVANCED_FACE('',(#132),#1726,.T.);
#1831=ADVANCED_FACE('',(#133),#1727,.T.);
#1832=ADVANCED_FACE('',(#134),#38,.F.);
#1833=ADVANCED_FACE('',(#135),#39,.F.);
#1834=ADVANCED_FACE('',(#136),#1728,.T.);
#1835=ADVANCED_FACE('',(#137),#1729,.F.);
#1836=ADVANCED_FACE('',(#138),#1730,.F.);
#1837=ADVANCED_FACE('',(#139),#18,.F.);
#1838=ADVANCED_FACE('',(#140),#19,.F.);
#1839=ADVANCED_FACE('',(#141),#20,.F.);
#1840=ADVANCED_FACE('',(#142),#1731,.F.);
#1841=ADVANCED_FACE('',(#143),#1732,.F.);
#1842=ADVANCED_FACE('',(#144),#1733,.F.);
#1843=ADVANCED_FACE('',(#145),#1734,.F.);
#1844=ADVANCED_FACE('',(#146),#1735,.F.);
#1845=ADVANCED_FACE('',(#147),#1736,.F.);
#1846=ADVANCED_FACE('',(#148),#1737,.F.);
#1847=ADVANCED_FACE('',(#149),#1738,.F.);
#1848=ADVANCED_FACE('',(#150),#1739,.F.);
#1849=ADVANCED_FACE('',(#151),#1740,.F.);
#1850=ADVANCED_FACE('',(#152),#1741,.F.);
#1851=ADVANCED_FACE('',(#153),#1742,.T.);
#1852=ADVANCED_FACE('',(#154),#1743,.T.);
#1853=ADVANCED_FACE('',(#155),#1744,.T.);
#1854=ADVANCED_FACE('',(#156),#1745,.T.);
#1855=ADVANCED_FACE('',(#157),#1746,.F.);
#1856=ADVANCED_FACE('',(#158),#1747,.F.);
#1857=ADVANCED_FACE('',(#159),#1748,.T.);
#1858=ADVANCED_FACE('',(#160),#1749,.T.);
#1859=ADVANCED_FACE('',(#161),#1750,.T.);
#1860=ADVANCED_FACE('',(#162),#1751,.T.);
#1861=ADVANCED_FACE('',(#163),#1752,.F.);
#1862=ADVANCED_FACE('',(#164),#1753,.F.);
#1863=ADVANCED_FACE('',(#165),#1754,.T.);
#1864=ADVANCED_FACE('',(#166),#1755,.T.);
#1865=ADVANCED_FACE('',(#167),#1756,.T.);
#1866=ADVANCED_FACE('',(#168),#1757,.T.);
#1867=CLOSED_SHELL('',(#1758,#1759,#1760,#1761,#1762,#1763,#1764,#1765,
#1766,#1767,#1768,#1769,#1770,#1771,#1772,#1773,#1774,#1775,#1776,#1777,
#1778,#1779,#1780,#1781,#1782,#1783,#1784,#1785,#1786,#1787,#1788,#1789,
#1790,#1791,#1792,#1793,#1794,#1795,#1796,#1797,#1798,#1799,#1800,#1801,
#1802,#1803,#1804,#1805,#1806,#1807,#1808,#1809,#1810,#1811,#1812,#1813,
#1814,#1815,#1816,#1817,#1818,#1819,#1820,#1821,#1822,#1823,#1824,#1825,
#1826,#1827,#1828,#1829,#1830,#1831,#1832,#1833,#1834,#1835,#1836,#1837,
#1838,#1839,#1840,#1841,#1842,#1843,#1844,#1845,#1846,#1847,#1848,#1849,
#1850,#1851,#1852,#1853,#1854,#1855,#1856,#1857,#1858,#1859,#1860,#1861,
#1862,#1863,#1864,#1865,#1866));
#1868=DERIVED_UNIT_ELEMENT(#1870,1.);
#1869=DERIVED_UNIT_ELEMENT(#3025,-3.);
#1870=(
MASS_UNIT()
NAMED_UNIT(*)
SI_UNIT(.KILO.,.GRAM.)
);
#1871=DERIVED_UNIT((#1868,#1869));
#1872=MEASURE_REPRESENTATION_ITEM('density measure',
POSITIVE_RATIO_MEASURE(1060.),#1871);
#1873=PROPERTY_DEFINITION_REPRESENTATION(#1878,#1875);
#1874=PROPERTY_DEFINITION_REPRESENTATION(#1879,#1876);
#1875=REPRESENTATION('material name',(#1877),#3022);
#1876=REPRESENTATION('density',(#1872),#3022);
#1877=DESCRIPTIVE_REPRESENTATION_ITEM('ABS Plastic','ABS Plastic');
#1878=PROPERTY_DEFINITION('material property','material name',#3032);
#1879=PROPERTY_DEFINITION('material property','density of part',#3032);
#1880=AXIS2_PLACEMENT_3D('',#2502,#2010,#2011);
#1881=AXIS2_PLACEMENT_3D('',#2503,#2012,#2013);
#1882=AXIS2_PLACEMENT_3D('',#2512,#2018,#2019);
#1883=AXIS2_PLACEMENT_3D('',#2516,#2022,#2023);
#1884=AXIS2_PLACEMENT_3D('',#2522,#2026,#2027);
#1885=AXIS2_PLACEMENT_3D('',#2544,#2038,#2039);
#1886=AXIS2_PLACEMENT_3D('',#2548,#2042,#2043);
#1887=AXIS2_PLACEMENT_3D('',#2554,#2047,#2048);
#1888=AXIS2_PLACEMENT_3D('',#2568,#2056,#2057);
#1889=AXIS2_PLACEMENT_3D('',#2574,#2061,#2062);
#1890=AXIS2_PLACEMENT_3D('',#2576,#2063,#2064);
#1891=AXIS2_PLACEMENT_3D('',#2581,#2065,#2066);
#1892=AXIS2_PLACEMENT_3D('',#2585,#2069,#2070);
#1893=AXIS2_PLACEMENT_3D('',#2587,#2072,#2073);
#1894=AXIS2_PLACEMENT_3D('',#2593,#2077,#2078);
#1895=AXIS2_PLACEMENT_3D('',#2596,#2081,#2082);
#1896=AXIS2_PLACEMENT_3D('',#2597,#2083,#2084);
#1897=AXIS2_PLACEMENT_3D('',#2601,#2087,#2088);
#1898=AXIS2_PLACEMENT_3D('',#2622,#2099,#2100);
#1899=AXIS2_PLACEMENT_3D('',#2632,#2105,#2106);
#1900=AXIS2_PLACEMENT_3D('',#2633,#2107,#2108);
#1901=AXIS2_PLACEMENT_3D('',#2643,#2114,#2115);
#1902=AXIS2_PLACEMENT_3D('',#2647,#2118,#2119);
#1903=AXIS2_PLACEMENT_3D('',#2653,#2123,#2124);
#1904=AXIS2_PLACEMENT_3D('',#2661,#2129,#2130);
#1905=AXIS2_PLACEMENT_3D('',#2663,#2132,#2133);
#1906=AXIS2_PLACEMENT_3D('',#2669,#2137,#2138);
#1907=AXIS2_PLACEMENT_3D('',#2671,#2140,#2141);
#1908=AXIS2_PLACEMENT_3D('',#2675,#2143,#2144);
#1909=AXIS2_PLACEMENT_3D('',#2692,#2153,#2154);
#1910=AXIS2_PLACEMENT_3D('',#2694,#2156,#2157);
#1911=AXIS2_PLACEMENT_3D('',#2700,#2161,#2162);
#1912=AXIS2_PLACEMENT_3D('',#2703,#2164,#2165);
#1913=AXIS2_PLACEMENT_3D('',#2705,#2166,#2167);
#1914=AXIS2_PLACEMENT_3D('',#2706,#2168,#2169);
#1915=AXIS2_PLACEMENT_3D('',#2710,#2172,#2173);
#1916=AXIS2_PLACEMENT_3D('',#2712,#2175,#2176);
#1917=AXIS2_PLACEMENT_3D('',#2721,#2181,#2182);
#1918=AXIS2_PLACEMENT_3D('',#2728,#2187,#2188);
#1919=AXIS2_PLACEMENT_3D('',#2732,#2191,#2192);
#1920=AXIS2_PLACEMENT_3D('',#2741,#2197,#2198);
#1921=AXIS2_PLACEMENT_3D('',#2746,#2202,#2203);
#1922=AXIS2_PLACEMENT_3D('',#2749,#2206,#2207);
#1923=AXIS2_PLACEMENT_3D('',#2753,#2210,#2211);
#1924=AXIS2_PLACEMENT_3D('',#2762,#2216,#2217);
#1925=AXIS2_PLACEMENT_3D('',#2769,#2222,#2223);
#1926=AXIS2_PLACEMENT_3D('',#2773,#2226,#2227);
#1927=AXIS2_PLACEMENT_3D('',#2776,#2229,#2230);
#1928=AXIS2_PLACEMENT_3D('',#2777,#2231,#2232);
#1929=AXIS2_PLACEMENT_3D('',#2780,#2234,#2235);
#1930=AXIS2_PLACEMENT_3D('',#2781,#2236,#2237);
#1931=AXIS2_PLACEMENT_3D('',#2783,#2238,#2239);
#1932=AXIS2_PLACEMENT_3D('',#2785,#2241,#2242);
#1933=AXIS2_PLACEMENT_3D('',#2795,#2247,#2248);
#1934=AXIS2_PLACEMENT_3D('',#2820,#2261,#2262);
#1935=AXIS2_PLACEMENT_3D('',#2823,#2264,#2265);
#1936=AXIS2_PLACEMENT_3D('',#2824,#2266,#2267);
#1937=AXIS2_PLACEMENT_3D('',#2827,#2269,#2270);
#1938=AXIS2_PLACEMENT_3D('',#2828,#2271,#2272);
#1939=AXIS2_PLACEMENT_3D('',#2830,#2274,#2275);
#1940=AXIS2_PLACEMENT_3D('',#2834,#2278,#2279);
#1941=AXIS2_PLACEMENT_3D('',#2836,#2281,#2282);
#1942=AXIS2_PLACEMENT_3D('',#2838,#2283,#2284);
#1943=AXIS2_PLACEMENT_3D('',#2840,#2286,#2287);
#1944=AXIS2_PLACEMENT_3D('',#2842,#2289,#2290);
#1945=AXIS2_PLACEMENT_3D('',#2844,#2292,#2293);
#1946=AXIS2_PLACEMENT_3D('',#2845,#2294,#2295);
#1947=AXIS2_PLACEMENT_3D('',#2849,#2298,#2299);
#1948=AXIS2_PLACEMENT_3D('',#2852,#2302,#2303);
#1949=AXIS2_PLACEMENT_3D('',#2857,#2307,#2308);
#1950=AXIS2_PLACEMENT_3D('',#2859,#2310,#2311);
#1951=AXIS2_PLACEMENT_3D('',#2864,#2315,#2316);
#1952=AXIS2_PLACEMENT_3D('',#2866,#2318,#2319);
#1953=AXIS2_PLACEMENT_3D('',#2871,#2323,#2324);
#1954=AXIS2_PLACEMENT_3D('',#2872,#2325,#2326);
#1955=AXIS2_PLACEMENT_3D('',#2874,#2328,#2329);
#1956=AXIS2_PLACEMENT_3D('',#2879,#2333,#2334);
#1957=AXIS2_PLACEMENT_3D('',#2881,#2336,#2337);
#1958=AXIS2_PLACEMENT_3D('',#2883,#2339,#2340);
#1959=AXIS2_PLACEMENT_3D('',#2885,#2342,#2343);
#1960=AXIS2_PLACEMENT_3D('',#2887,#2345,#2346);
#1961=AXIS2_PLACEMENT_3D('',#2889,#2348,#2349);
#1962=AXIS2_PLACEMENT_3D('',#2890,#2350,#2351);
#1963=AXIS2_PLACEMENT_3D('',#2892,#2353,#2354);
#1964=AXIS2_PLACEMENT_3D('',#2894,#2356,#2357);
#1965=AXIS2_PLACEMENT_3D('',#2895,#2358,#2359);
#1966=AXIS2_PLACEMENT_3D('',#2897,#2361,#2362);
#1967=AXIS2_PLACEMENT_3D('',#2898,#2363,#2364);
#1968=AXIS2_PLACEMENT_3D('',#2900,#2366,#2367);
#1969=AXIS2_PLACEMENT_3D('',#2902,#2369,#2370);
#1970=AXIS2_PLACEMENT_3D('',#2903,#2371,#2372);
#1971=AXIS2_PLACEMENT_3D('',#2904,#2373,#2374);
#1972=AXIS2_PLACEMENT_3D('',#2905,#2375,#2376);
#1973=AXIS2_PLACEMENT_3D('',#2906,#2377,#2378);
#1974=AXIS2_PLACEMENT_3D('',#2907,#2379,#2380);
#1975=AXIS2_PLACEMENT_3D('',#2908,#2381,#2382);
#1976=AXIS2_PLACEMENT_3D('',#2910,#2384,#2385);
#1977=AXIS2_PLACEMENT_3D('',#2912,#2386,#2387);
#1978=AXIS2_PLACEMENT_3D('',#2913,#2388,#2389);
#1979=AXIS2_PLACEMENT_3D('',#2915,#2390,#2391);
#1980=AXIS2_PLACEMENT_3D('',#2916,#2392,#2393);
#1981=AXIS2_PLACEMENT_3D('',#2918,#2395,#2396);
#1982=AXIS2_PLACEMENT_3D('',#2920,#2398,#2399);
#1983=AXIS2_PLACEMENT_3D('',#2921,#2400,#2401);
#1984=AXIS2_PLACEMENT_3D('',#2930,#2406,#2407);
#1985=AXIS2_PLACEMENT_3D('',#2936,#2411,#2412);
#1986=AXIS2_PLACEMENT_3D('',#2940,#2415,#2416);
#1987=AXIS2_PLACEMENT_3D('',#2949,#2421,#2422);
#1988=AXIS2_PLACEMENT_3D('',#2955,#2426,#2427);
#1989=AXIS2_PLACEMENT_3D('',#2959,#2430,#2431);
#1990=AXIS2_PLACEMENT_3D('',#2968,#2436,#2437);
#1991=AXIS2_PLACEMENT_3D('',#2974,#2441,#2442);
#1992=AXIS2_PLACEMENT_3D('',#2978,#2445,#2446);
#1993=AXIS2_PLACEMENT_3D('',#2982,#2449,#2450);
#1994=AXIS2_PLACEMENT_3D('',#2984,#2452,#2453);
#1995=AXIS2_PLACEMENT_3D('',#2987,#2456,#2457);
#1996=AXIS2_PLACEMENT_3D('',#2990,#2460,#2461);
#1997=AXIS2_PLACEMENT_3D('',#2991,#2462,#2463);
#1998=AXIS2_PLACEMENT_3D('',#2992,#2464,#2465);
#1999=AXIS2_PLACEMENT_3D('',#2996,#2468,#2469);
#2000=AXIS2_PLACEMENT_3D('',#2998,#2471,#2472);
#2001=AXIS2_PLACEMENT_3D('',#3001,#2475,#2476);
#2002=AXIS2_PLACEMENT_3D('',#3003,#2478,#2479);
#2003=AXIS2_PLACEMENT_3D('',#3005,#2481,#2482);
#2004=AXIS2_PLACEMENT_3D('',#3006,#2483,#2484);
#2005=AXIS2_PLACEMENT_3D('',#3010,#2487,#2488);
#2006=AXIS2_PLACEMENT_3D('',#3012,#2490,#2491);
#2007=AXIS2_PLACEMENT_3D('',#3015,#2494,#2495);
#2008=AXIS2_PLACEMENT_3D('',#3018,#2498,#2499);
#2009=AXIS2_PLACEMENT_3D('',#3019,#2500,#2501);
#2010=DIRECTION('axis',(0.,0.,1.));
#2011=DIRECTION('refdir',(1.,0.,0.));
#2012=DIRECTION('center_axis',(0.707106781186558,-7.19347687390681E-16,
-0.707106781186537));
#2013=DIRECTION('ref_axis',(-0.707106781186537,0.,-0.707106781186558));
#2014=DIRECTION('',(0.707106781186537,-3.53436785229523E-13,0.707106781186558));
#2015=DIRECTION('',(-1.01730702900263E-15,-1.,4.22656697728832E-21));
#2016=DIRECTION('',(-0.707106781186537,-9.61481343191723E-17,-0.707106781186558));
#2017=DIRECTION('',(1.01730702900263E-15,1.,-4.22656697728832E-21));
#2018=DIRECTION('center_axis',(0.577350269189617,-0.577350269189662,-0.577350269189599));
#2019=DIRECTION('ref_axis',(-0.707106781186537,0.,-0.707106781186558));
#2020=DIRECTION('',(0.707106781186579,0.707106781186516,7.85046229341869E-15));
#2021=DIRECTION('',(-3.14018491736759E-14,-0.707106781186541,0.707106781186554));
#2022=DIRECTION('center_axis',(1.,-1.01730702900263E-15,4.23523697210342E-15));
#2023=DIRECTION('ref_axis',(1.01730702900263E-15,1.,-2.22044604926643E-16));
#2024=DIRECTION('',(-4.23523697210376E-15,-3.34131772673865E-13,1.));
#2025=DIRECTION('',(-1.01730702900263E-15,-1.,4.22656699062728E-21));
#2026=DIRECTION('center_axis',(-1.,1.01730702900263E-15,-4.23523697210342E-15));
#2027=DIRECTION('ref_axis',(3.71410948166281E-15,0.707106781186548,-0.707106781186547));
#2028=DIRECTION('',(-1.01730702900263E-15,-1.,-5.46803411215213E-30));
#2029=DIRECTION('',(4.23523697210342E-15,0.,-1.));
#2030=DIRECTION('',(1.01730702900259E-15,1.,8.9511731360383E-15));
#2031=DIRECTION('',(4.23523697210343E-15,8.95118581574057E-15,-1.));
#2032=DIRECTION('',(-1.01730702900263E-15,-1.,1.78894097346438E-20));
#2033=DIRECTION('',(4.23523697210342E-15,0.,-1.));
#2034=DIRECTION('',(1.01730702900263E-15,1.,0.));
#2035=DIRECTION('',(4.23523697210343E-15,8.95118581574057E-15,-1.));
#2036=DIRECTION('',(1.01730702900259E-15,1.,9.47390314346801E-15));
#2037=DIRECTION('',(-4.23523697210376E-15,-3.34131772938563E-13,1.));
#2038=DIRECTION('center_axis',(1.,-1.01730702900263E-15,4.23523697210342E-15));
#2039=DIRECTION('ref_axis',(3.71410948166245E-15,0.70710678118666,-0.707106781186435));
#2040=DIRECTION('',(1.01730702900271E-15,1.,-1.89293025771972E-14));
#2041=DIRECTION('',(-4.23523697210342E-15,4.22656698823686E-21,1.));
#2042=DIRECTION('center_axis',(0.707106781186563,0.707106781186532,9.32420897287724E-15));
#2043=DIRECTION('ref_axis',(1.31864227878436E-14,0.,-1.));
#2044=DIRECTION('',(-0.707106781186532,0.707106781186563,3.80569816620714E-15));
#2045=DIRECTION('',(-4.23523697210343E-15,-8.95118581574057E-15,1.));
#2046=DIRECTION('',(-0.577353653407519,0.577353653407552,-0.577343500694295));
#2047=DIRECTION('center_axis',(-3.56910317509002E-15,-8.9511731360383E-15,
1.));
#2048=DIRECTION('ref_axis',(1.,-2.27251657483548E-15,3.56910317509E-15));
#2049=DIRECTION('',(-0.707106781186783,0.707106781186312,3.805698166204E-15));
#2050=DIRECTION('',(-1.,0.,-3.56910317509002E-15));
#2051=DIRECTION('',(3.34383302376E-29,-1.,-8.9511731360383E-15));
#2052=DIRECTION('',(-0.707106781186406,-0.707106781186689,-8.85317228192889E-15));
#2053=DIRECTION('',(1.02519792428283E-15,1.,8.9511731360383E-15));
#2054=DIRECTION('',(-0.707106781186548,-0.707106781186548,-8.85317228192813E-15));
#2055=DIRECTION('',(1.,-2.27251657483241E-15,3.56910317509E-15));
#2056=DIRECTION('center_axis',(0.70710678118656,-7.19347687390693E-16,-0.707106781186535));
#2057=DIRECTION('ref_axis',(-0.707106781186535,0.,-0.70710678118656));
#2058=DIRECTION('',(0.707106781186535,-3.53436785229524E-13,0.70710678118656));
#2059=DIRECTION('',(1.01730702900263E-15,1.,-4.22656699062728E-21));
#2060=DIRECTION('',(0.707106781186541,0.,0.707106781186554));
#2061=DIRECTION('center_axis',(-1.,0.,-5.55111512312713E-15));
#2062=DIRECTION('ref_axis',(4.57313501806298E-15,0.707106781186548,-0.707106781186547));
#2063=DIRECTION('center_axis',(1.,-1.01730702900263E-15,4.23523697210342E-15));
#2064=DIRECTION('ref_axis',(5.40761696770887E-15,0.707106781186548,-0.707106781186547));
#2065=DIRECTION('center_axis',(0.707106781186558,-7.19344698756507E-16,
-0.707106781186537));
#2066=DIRECTION('ref_axis',(-0.707106781186537,0.,-0.707106781186558));
#2067=DIRECTION('',(1.01730702900263E-15,1.,5.46803411215213E-30));
#2068=DIRECTION('',(0.577350269189294,-0.577350269190243,0.577350269189341));
#2069=DIRECTION('center_axis',(0.707106781186312,0.707106781186783,2.99476478290531E-15));
#2070=DIRECTION('ref_axis',(4.23523697210342E-15,0.,-1.));
#2071=DIRECTION('',(-4.23523697210342E-15,0.,1.));
#2072=DIRECTION('center_axis',(-1.,0.,-3.73563662878713E-15));
#2073=DIRECTION('ref_axis',(-3.73563662878713E-15,-8.95118581574056E-15,
1.));
#2074=DIRECTION('',(3.73563662878713E-15,8.95118581574056E-15,-1.));
#2075=DIRECTION('',(-3.73563662878713E-15,-8.95118581574056E-15,1.));
#2076=DIRECTION('',(0.,1.,0.));
#2077=DIRECTION('center_axis',(5.37500868102032E-15,0.,-1.));
#2078=DIRECTION('ref_axis',(-1.,2.27251657483243E-15,-5.37500868102032E-15));
#2079=DIRECTION('',(-1.,2.27251657483243E-15,-5.37500868102032E-15));
#2080=DIRECTION('',(-1.,2.27251657483243E-15,-5.37500868102032E-15));
#2081=DIRECTION('center_axis',(0.,1.,0.));
#2082=DIRECTION('ref_axis',(0.,0.,1.));
#2083=DIRECTION('center_axis',(0.707100563899267,-7.19351023700605E-16,
-0.707112998419163));
#2084=DIRECTION('ref_axis',(-0.707112998419163,0.,-0.707100563899267));
#2085=DIRECTION('',(1.01730702900263E-15,1.,-1.78894097346438E-20));
#2086=DIRECTION('',(0.577353653378206,-0.57735365346615,0.577343500665008));
#2087=DIRECTION('center_axis',(-2.27251657483238E-15,-1.,-8.95118581574058E-15));
#2088=DIRECTION('ref_axis',(-1.,2.27251657483241E-15,-3.06950270812956E-15));
#2089=DIRECTION('',(3.73563662878713E-15,8.95118581574057E-15,-1.));
#2090=DIRECTION('',(0.999999999845383,-2.272359167301E-15,-1.75850645103834E-5));
#2091=DIRECTION('',(1.758506451061E-5,-8.95122577670714E-15,0.999999999845383));
#2092=DIRECTION('',(-0.999999991870689,2.27365791578146E-15,-0.000127509298383899));
#2093=DIRECTION('',(3.73563662878713E-15,8.95118581574057E-15,-1.));
#2094=DIRECTION('',(-1.,2.27251657483243E-15,-5.92118946466748E-15));
#2095=DIRECTION('',(-4.23523697210343E-15,-8.95118581574057E-15,1.));
#2096=DIRECTION('',(-1.,2.27251657483238E-15,0.));
#2097=DIRECTION('',(-1.75850645095653E-5,8.95122577670714E-15,-0.999999999845383));
#2098=DIRECTION('',(0.999999999845383,-2.272359167301E-15,-1.75850645103834E-5));
#2099=DIRECTION('center_axis',(2.27251657483238E-15,1.,8.95118581574058E-15));
#2100=DIRECTION('ref_axis',(-1.,2.27251657483238E-15,2.0341718130675E-29));
#2101=DIRECTION('',(-1.7585064508455E-5,8.95122577670714E-15,-0.999999999845383));
#2102=DIRECTION('',(0.999999999845383,-2.272359167301E-15,-1.75850645103834E-5));
#2103=DIRECTION('',(1.75850645090327E-5,-8.95122577670714E-15,0.999999999845383));
#2104=DIRECTION('',(-1.,2.27251657483238E-15,0.));
#2105=DIRECTION('center_axis',(2.27251657483238E-15,1.,8.95118581574058E-15));
#2106=DIRECTION('ref_axis',(-1.,2.27251657483238E-15,2.0341718130675E-29));
#2107=DIRECTION('center_axis',(-1.6570332243927E-13,-1.,-3.34131772673866E-13));
#2108=DIRECTION('ref_axis',(1.58818607727962E-22,3.34131772673866E-13,-1.));
#2109=DIRECTION('',(1.,-1.65703322439272E-13,5.37500868102032E-15));
#2110=DIRECTION('',(0.707106781186558,1.19096899305618E-13,-0.707106781186537));
#2111=DIRECTION('',(-3.73563662878746E-15,-3.34131772673865E-13,1.));
#2112=DIRECTION('',(0.707106781186556,1.19096899305619E-13,-0.707106781186539));
#2113=DIRECTION('',(-1.,1.65703322439272E-13,-5.37500868102032E-15));
#2114=DIRECTION('center_axis',(5.37500868102032E-15,-4.22656698275635E-21,
-1.));
#2115=DIRECTION('ref_axis',(4.99600343316301E-16,-1.,4.22656698544171E-21));
#2116=DIRECTION('',(1.,-1.47888701895316E-31,5.37500868102032E-15));
#2117=DIRECTION('',(-1.02519792428286E-15,-1.,4.2265669772459E-21));
#2118=DIRECTION('center_axis',(-0.577350269189645,-0.57735026918957,-0.577350269189663));
#2119=DIRECTION('ref_axis',(-0.707106781186558,0.,0.707106781186537));
#2120=DIRECTION('',(9.42055475210276E-14,0.707106781186541,-0.707106781186554));
#2121=DIRECTION('',(0.7071067811865,-0.707106781186595,1.96261557335489E-15));
#2122=DIRECTION('',(-0.707106781186558,0.,0.707106781186537));
#2123=DIRECTION('center_axis',(-0.707106781186595,-0.7071067811865,-2.64149100363022E-15));
#2124=DIRECTION('ref_axis',(-3.73563240222013E-15,0.,1.));
#2125=DIRECTION('',(-0.577350270577828,0.577350270577907,-0.577350266413143));
#2126=DIRECTION('',(3.73563662878712E-15,-4.22656698823686E-21,-1.));
#2127=DIRECTION('',(-3.73563662878712E-15,4.22656698823686E-21,1.));
#2128=DIRECTION('',(-0.577350267801339,0.577350267801413,0.577350271966125));
#2129=DIRECTION('center_axis',(-0.707106781186537,7.24921415684601E-16,
-0.707106781186558));
#2130=DIRECTION('ref_axis',(-0.707106781186558,0.,0.707106781186537));
#2131=DIRECTION('',(1.02519792428286E-15,1.,-4.2265669772459E-21));
#2132=DIRECTION('center_axis',(0.707106781186516,-0.707106781186579,2.99476777154035E-15));
#2133=DIRECTION('ref_axis',(4.23524119867041E-15,0.,-1.));
#2134=DIRECTION('',(-0.577350270577894,-0.577350270577846,-0.577350266413137));
#2135=DIRECTION('',(4.23523697210342E-15,-4.22656698823686E-21,-1.));
#2136=DIRECTION('',(-0.577350267801399,-0.577350267801345,0.577350271966134));
#2137=DIRECTION('center_axis',(3.80070508728599E-15,-0.707106781186554,
-0.707106781186541));
#2138=DIRECTION('ref_axis',(-1.,0.,-5.37500868102032E-15));
#2139=DIRECTION('',(-1.,1.47888701895316E-31,-5.37500868102032E-15));
#2140=DIRECTION('center_axis',(-1.,1.02519792428286E-15,-3.73563662878712E-15));
#2141=DIRECTION('ref_axis',(-3.73563662878712E-15,2.22040378359664E-16,
1.));
#2142=DIRECTION('',(-1.02519792428293E-15,-1.,1.89293025772542E-14));
#2143=DIRECTION('center_axis',(-1.,1.02519792428286E-15,-3.73563662878712E-15));
#2144=DIRECTION('ref_axis',(3.3664183965827E-15,0.70710678118666,-0.707106781186435));
#2145=DIRECTION('',(3.73563662878746E-15,3.34131772938563E-13,-1.));
#2146=DIRECTION('',(-1.02519792428282E-15,-1.,-9.47390314346801E-15));
#2147=DIRECTION('',(-3.73563662878713E-15,-8.95118581574057E-15,1.));
#2148=DIRECTION('',(-1.02519792428286E-15,-1.,-1.30722269092619E-19));
#2149=DIRECTION('',(-3.73563662878712E-15,0.,1.));
#2150=DIRECTION('',(1.02519792428286E-15,1.,-1.80281716372128E-20));
#2151=DIRECTION('',(-3.73563662878713E-15,-8.95118581574057E-15,1.));
#2152=DIRECTION('',(-3.73563662878713E-15,-8.95118581574056E-15,1.));
#2153=DIRECTION('center_axis',(1.,-1.02519792428286E-15,3.73563662878712E-15));
#2154=DIRECTION('ref_axis',(3.36641839658301E-15,0.707106781186548,-0.707106781186547));
#2155=DIRECTION('',(1.02519792428286E-15,1.,-4.22656699058486E-21));
#2156=DIRECTION('center_axis',(-0.707106778636202,1.41099626654889E-14,
0.707106783736893));
#2157=DIRECTION('ref_axis',(0.707106783736893,0.,0.707106778636202));
#2158=DIRECTION('',(-0.577350270577862,-0.577350270577862,-0.577350266413154));
#2159=DIRECTION('',(1.02519792428293E-15,1.,-1.89293025772542E-14));
#2160=DIRECTION('',(0.707106781186559,-5.94520587954233E-44,0.707106781186536));
#2161=DIRECTION('center_axis',(-1.47911419729569E-31,-1.,4.22656698823686E-21));
#2162=DIRECTION('ref_axis',(5.59477226802052E-15,4.22656698823686E-21,1.));
#2163=DIRECTION('',(1.,-3.06362083014911E-29,-7.21348956886637E-9));
#2164=DIRECTION('center_axis',(-1.47911419729569E-31,-1.,4.22656698823686E-21));
#2165=DIRECTION('ref_axis',(5.55111012753062E-17,-4.22656698823686E-21,
-1.));
#2166=DIRECTION('center_axis',(-1.47911419729569E-31,-1.,4.22656698823686E-21));
#2167=DIRECTION('ref_axis',(5.55111012753062E-17,-4.22656698823686E-21,
-1.));
#2168=DIRECTION('center_axis',(5.10070739016383E-9,-0.707106781186549,0.707106781186547));
#2169=DIRECTION('ref_axis',(1.,0.,-7.21348956886637E-9));
#2170=DIRECTION('',(-0.577350267801387,0.577350267801389,0.577350271966101));
#2171=DIRECTION('',(-1.,3.06362083014911E-29,7.21348956886637E-9));
#2172=DIRECTION('center_axis',(-0.707106781186548,0.707106781186548,3.68795019770676E-15));
#2173=DIRECTION('ref_axis',(5.21554918695344E-15,0.,1.));
#2174=DIRECTION('',(-0.577346884912229,-0.577346884912232,0.577357037684904));
#2175=DIRECTION('center_axis',(-0.573576436262352,0.819152044288999,1.00863786337627E-5));
#2176=DIRECTION('ref_axis',(1.7585064508455E-5,0.,0.999999999845383));
#2177=DIRECTION('',(0.819152044330667,0.573576436291528,0.));
#2178=DIRECTION('',(-1.7585064508455E-5,0.,-0.999999999845383));
#2179=DIRECTION('',(-0.819152044162344,-0.573576436351036,1.44048415426345E-5));
#2180=DIRECTION('',(1.7585064508455E-5,0.,0.999999999845383));
#2181=DIRECTION('center_axis',(-1.75850645103834E-5,0.,-0.999999999845383));
#2182=DIRECTION('ref_axis',(-0.999999999845383,2.18087503043093E-32,1.75850645103834E-5));
#2183=DIRECTION('',(-0.999999999845383,2.18087503043093E-32,1.75850645103834E-5));
#2184=DIRECTION('',(-0.819152044162344,0.573576436351037,1.44048415426345E-5));
#2185=DIRECTION('',(0.,1.,0.));
#2186=DIRECTION('',(0.,1.,0.));
#2187=DIRECTION('center_axis',(0.,1.,0.));
#2188=DIRECTION('ref_axis',(0.,0.,1.));
#2189=DIRECTION('',(1.,0.,0.));
#2190=DIRECTION('',(1.75850645090327E-5,0.,0.999999999845383));
#2191=DIRECTION('center_axis',(-0.573576436262356,0.819152044288995,1.00863786343996E-5));
#2192=DIRECTION('ref_axis',(1.75850645095653E-5,0.,0.999999999845383));
#2193=DIRECTION('',(0.819152044330663,0.573576436291533,0.));
#2194=DIRECTION('',(-1.75850645095653E-5,0.,-0.999999999845383));
#2195=DIRECTION('',(-0.81915204416234,-0.573576436351041,1.44048415426345E-5));
#2196=DIRECTION('',(1.75850645095653E-5,0.,0.999999999845383));
#2197=DIRECTION('center_axis',(0.,1.,0.));
#2198=DIRECTION('ref_axis',(0.,0.,1.));
#2199=DIRECTION('',(1.,0.,0.));
#2200=DIRECTION('',(-4.23523697210342E-15,0.,1.));
#2201=DIRECTION('',(-0.999999999845383,2.18087503043093E-32,1.75850645103834E-5));
#2202=DIRECTION('center_axis',(0.,0.,1.));
#2203=DIRECTION('ref_axis',(1.,0.,0.));
#2204=DIRECTION('',(0.,1.,0.));
#2205=DIRECTION('',(-1.01730702900263E-15,-1.,0.));
#2206=DIRECTION('center_axis',(0.573576436262352,0.819152044288998,-1.00863786340941E-5));
#2207=DIRECTION('ref_axis',(-1.75850645090327E-5,0.,-0.999999999845383));
#2208=DIRECTION('',(0.819152044330667,-0.573576436291528,0.));
#2209=DIRECTION('',(-1.75850645090327E-5,0.,-0.999999999845383));
#2210=DIRECTION('center_axis',(0.573576436262352,0.819152044288998,-1.00863786349988E-5));
#2211=DIRECTION('ref_axis',(-1.758506451061E-5,0.,-0.999999999845383));
#2212=DIRECTION('',(-0.819152044162344,0.573576436351037,1.44048415426345E-5));
#2213=DIRECTION('',(1.758506451061E-5,0.,0.999999999845383));
#2214=DIRECTION('',(0.819152040466588,-0.573576432299764,0.000104449502798736));
#2215=DIRECTION('',(-1.758506451061E-5,0.,-0.999999999845383));
#2216=DIRECTION('center_axis',(-0.000127509298383899,0.,0.999999991870689));
#2217=DIRECTION('ref_axis',(0.999999991870689,0.,0.000127509298383899));
#2218=DIRECTION('',(0.999999991870689,0.,0.000127509298383899));
#2219=DIRECTION('',(0.819152039820661,0.573576433222245,0.000104449502716375));
#2220=DIRECTION('',(1.02519792428286E-15,1.,1.30722269092619E-19));
#2221=DIRECTION('',(0.,1.,0.));
#2222=DIRECTION('center_axis',(0.,1.,0.));
#2223=DIRECTION('ref_axis',(0.,0.,1.));
#2224=DIRECTION('',(-0.999999999845383,2.18087503043093E-32,1.75850645103834E-5));
#2225=DIRECTION('',(3.73563662878712E-15,0.,-1.));
#2226=DIRECTION('center_axis',(0.,1.,0.));
#2227=DIRECTION('ref_axis',(-1.,1.21462092792765E-15,1.08722976215676E-29));
#2228=DIRECTION('',(-0.7071067811868,-0.707106781186295,8.65956056235879E-17));
#2229=DIRECTION('center_axis',(-2.27251657483238E-15,-1.,-8.95118581574058E-15));
#2230=DIRECTION('ref_axis',(-1.,0.,0.));
#2231=DIRECTION('center_axis',(0.,-1.,0.));
#2232=DIRECTION('ref_axis',(-1.,0.,0.));
#2233=DIRECTION('',(0.,-1.,0.));
#2234=DIRECTION('center_axis',(1.6570332243927E-13,1.,3.34131772938564E-13));
#2235=DIRECTION('ref_axis',(-1.,0.,0.));
#2236=DIRECTION('center_axis',(-1.77635683935359E-13,-1.,-3.33066907378798E-13));
#2237=DIRECTION('ref_axis',(-1.,8.85655688899537E-14,2.95925705545127E-26));
#2238=DIRECTION('center_axis',(-1.6570332243927E-13,-1.,-3.34131772938564E-13));
#2239=DIRECTION('ref_axis',(-1.,1.6570332243927E-13,5.53667449084438E-26));
#2240=DIRECTION('',(-0.7071067811771,0.707106781195995,2.35427273193904E-13));
#2241=DIRECTION('center_axis',(-1.6570332243927E-13,-1.,-3.34131772938564E-13));
#2242=DIRECTION('ref_axis',(-1.,1.65703322439271E-13,-3.56910315818316E-15));
#2243=DIRECTION('',(-3.73563662878746E-15,-3.34131772938563E-13,1.));
#2244=DIRECTION('',(-1.,1.65703320029014E-13,7.21348956886637E-9));
#2245=DIRECTION('',(4.23523697210376E-15,3.34131772938563E-13,-1.));
#2246=DIRECTION('',(1.,-1.65703322439272E-13,5.92118946466593E-15));
#2247=DIRECTION('center_axis',(-1.6570332243927E-13,-1.,-3.34131772938564E-13));
#2248=DIRECTION('ref_axis',(-1.,1.6570332243927E-13,5.53667449084438E-26));
#2249=DIRECTION('',(1.,-1.65703322439271E-13,4.4869130937138E-15));
#2250=DIRECTION('',(-0.499999999999991,3.72218264795965E-13,-0.866025403784444));
#2251=DIRECTION('',(-1.,1.65703322439271E-13,-4.48691309371408E-15));
#2252=DIRECTION('',(0.499999999999978,-3.72218264795966E-13,0.866025403784451));
#2253=DIRECTION('',(0.500000000000006,-3.72218264795965E-13,0.866025403784435));
#2254=DIRECTION('',(1.,-1.65703322439271E-13,4.48691309371404E-15));
#2255=DIRECTION('',(-0.500000000000003,3.72218264795965E-13,-0.866025403784437));
#2256=DIRECTION('',(-1.,1.65703322439271E-13,-4.48691309371396E-15));
#2257=DIRECTION('',(0.49999999999999,-3.72218264795966E-13,0.866025403784444));
#2258=DIRECTION('',(1.,-1.65703322439272E-13,6.73036956116094E-15));
#2259=DIRECTION('',(-0.499999999999993,3.72218264795965E-13,-0.866025403784443));
#2260=DIRECTION('',(-1.,1.65703322439271E-13,-4.48691309371364E-15));
#2261=DIRECTION('center_axis',(0.,1.,0.));
#2262=DIRECTION('ref_axis',(-1.,1.21462092792765E-15,1.08722976215676E-29));
#2263=DIRECTION('',(-0.707106781186926,-0.707106781186169,8.65956056236034E-17));
#2264=DIRECTION('center_axis',(-2.27251657483238E-15,-1.,-8.95118581574058E-15));
#2265=DIRECTION('ref_axis',(-1.,0.,0.));
#2266=DIRECTION('center_axis',(0.,-1.,0.));
#2267=DIRECTION('ref_axis',(-1.,0.,0.));
#2268=DIRECTION('',(0.,-1.,0.));
#2269=DIRECTION('center_axis',(1.6570332243927E-13,1.,3.34131772938564E-13));
#2270=DIRECTION('ref_axis',(-1.,0.,0.));
#2271=DIRECTION('center_axis',(-1.77635683932708E-13,-1.,-3.33066907373828E-13));
#2272=DIRECTION('ref_axis',(-1.,8.85655688899537E-14,2.95925705545127E-26));
#2273=DIRECTION('',(-0.707106781171824,0.707106781201271,2.35427273192147E-13));
#2274=DIRECTION('center_axis',(0.70710678373691,1.26656934658405E-14,0.707106778636185));
#2275=DIRECTION('ref_axis',(0.707106778636185,-7.88860905221012E-31,-0.70710678373691));
#2276=DIRECTION('',(0.707106781186574,-5.94520587954246E-44,-0.707106781186521));
#2277=DIRECTION('',(-1.01730702900271E-15,-1.,1.89293025771972E-14));
#2278=DIRECTION('center_axis',(-0.707106781186689,0.707106781186406,3.68795019770496E-15));
#2279=DIRECTION('ref_axis',(5.21554918694985E-15,0.,1.));
#2280=DIRECTION('',(-0.707106781185904,-0.707106781187191,-7.85046229341085E-15));
#2281=DIRECTION('center_axis',(1.,0.,2.77555756156221E-15));
#2282=DIRECTION('ref_axis',(4.4018089761396E-15,0.707106781186548,-0.707106781186547));
#2283=DIRECTION('center_axis',(-1.,1.02519792428286E-15,-3.73563662878712E-15));
#2284=DIRECTION('ref_axis',(5.40761696770887E-15,0.707106781186548,-0.707106781186547));
#2285=DIRECTION('',(-0.707106781186613,0.,0.707106781186482));
#2286=DIRECTION('center_axis',(-0.707106781186539,7.24921415684594E-16,
-0.707106781186556));
#2287=DIRECTION('ref_axis',(-0.707106781186556,0.,0.707106781186539));
#2288=DIRECTION('',(-1.02519792428286E-15,-1.,4.22656699058486E-21));
#2289=DIRECTION('center_axis',(5.37500868102032E-15,-4.22656699609531E-21,
-1.));
#2290=DIRECTION('ref_axis',(4.99600343316301E-16,-1.,4.22656699878067E-21));
#2291=DIRECTION('',(-1.,2.27251657483243E-15,-5.37500868102032E-15));
#2292=DIRECTION('center_axis',(-1.,2.27251657483243E-15,-5.37500868102032E-15));
#2293=DIRECTION('ref_axis',(5.40761696770887E-15,0.707106781186548,-0.707106781186547));
#2294=DIRECTION('center_axis',(-0.707112998419126,7.24918030482386E-16,
-0.707100563899304));
#2295=DIRECTION('ref_axis',(-0.707100563899304,0.,0.707112998419126));
#2296=DIRECTION('',(-1.02519792428286E-15,-1.,1.80281716372128E-20));
#2297=DIRECTION('',(0.633682799441333,0.443709473002607,-0.633693942893527));
#2298=DIRECTION('center_axis',(-0.707151861095092,7.24878191437846E-16,
0.707061698403858));
#2299=DIRECTION('ref_axis',(0.707061698403858,0.,0.707151861095092));
#2300=DIRECTION('',(0.577325726884006,0.577325731578502,0.577399345977463));
#2301=DIRECTION('',(-0.633654826156744,-0.443689885897882,-0.633735628192223));
#2302=DIRECTION('center_axis',(-0.577350269183771,-0.577350269185694,0.577350269199412));
#2303=DIRECTION('ref_axis',(0.707106781196125,0.,0.70710678117697));
#2304=DIRECTION('',(0.707106781186469,1.93435390909858E-11,0.707106781186626));
#2305=DIRECTION('',(-0.707106781187756,0.707106781185339,-6.28036983474569E-14));
#2306=DIRECTION('',(1.88411095039802E-13,-0.707106781195042,-0.707106781178053));
#2307=DIRECTION('center_axis',(-0.707106781185339,-0.707106781187756,-2.38908336447406E-13));
#2308=DIRECTION('ref_axis',(-3.37867409568493E-13,0.,1.));
#2309=DIRECTION('',(0.707106781187756,-0.707106781185339,-2.31035788195819E-13));
#2310=DIRECTION('center_axis',(0.577350269183558,-0.577350269185686,0.577350269199634));
#2311=DIRECTION('ref_axis',(0.707106781196392,0.,-0.707106781176703));
#2312=DIRECTION('',(-9.4205547519901E-14,0.707106781195042,0.707106781178053));
#2313=DIRECTION('',(-0.707106781187866,-0.707106781185229,3.14018491737347E-14));
#2314=DIRECTION('',(0.707106781186595,-1.95947538843726E-11,-0.7071067811865));
#2315=DIRECTION('center_axis',(0.707106781185229,-0.707106781187866,-2.33272077672282E-13));
#2316=DIRECTION('ref_axis',(-3.29896535967706E-13,0.,-1.));
#2317=DIRECTION('',(-0.707106781187865,-0.70710678118523,-2.41097648284501E-13));
#2318=DIRECTION('center_axis',(-0.577350269189728,0.577350269189754,0.577350269189395));
#2319=DIRECTION('ref_axis',(0.707106781186343,0.,0.707106781186752));
#2320=DIRECTION('',(-1.57009245868409E-13,-0.707106781186422,0.707106781186673));
#2321=DIRECTION('',(0.707106781186548,0.707106781186548,-3.14018491736762E-14));
#2322=DIRECTION('',(-0.707106781186469,-2.51214793389426E-13,-0.707106781186626));
#2323=DIRECTION('center_axis',(-0.707106781186548,0.707106781186548,3.68795019770676E-15));
#2324=DIRECTION('ref_axis',(5.21554918695344E-15,0.,1.));
#2325=DIRECTION('center_axis',(-0.707106781186626,-5.9741367527312E-15,
0.707106781186469));
#2326=DIRECTION('ref_axis',(0.707106781186469,0.,0.707106781186626));
#2327=DIRECTION('',(1.02519792428282E-15,1.,9.47390314346801E-15));
#2328=DIRECTION('center_axis',(0.577350269189745,0.577350269189643,0.577350269189489));
#2329=DIRECTION('ref_axis',(0.70710678118639,0.,-0.707106781186704));
#2330=DIRECTION('',(-0.707106781186595,3.76822190084089E-13,0.7071067811865));
#2331=DIRECTION('',(0.707106781186485,-0.70710678118661,0.));
#2332=DIRECTION('',(6.28036983473635E-14,0.707106781186422,-0.707106781186673));
#2333=DIRECTION('center_axis',(0.70710678118661,0.707106781186485,9.32420897287702E-15));
#2334=DIRECTION('ref_axis',(1.31864227878424E-14,0.,-1.));
#2335=DIRECTION('',(-0.577350269189592,0.577350269189694,0.577350269189592));
#2336=DIRECTION('center_axis',(-2.58000134273285E-15,0.707106781186673,
0.707106781186422));
#2337=DIRECTION('ref_axis',(1.,0.,3.64867288983424E-15));
#2338=DIRECTION('',(1.,-2.27251657483243E-15,5.92118946466748E-15));
#2339=DIRECTION('center_axis',(0.7071067811865,-7.41840585580765E-15,0.707106781186595));
#2340=DIRECTION('ref_axis',(0.707106781186595,0.,-0.7071067811865));
#2341=DIRECTION('',(-1.01730702900259E-15,-1.,-9.47390314346801E-15));
#2342=DIRECTION('center_axis',(0.70710678118581,-7.19344698755749E-16,0.707106781187285));
#2343=DIRECTION('ref_axis',(0.707106781187285,0.,-0.70710678118581));
#2344=DIRECTION('',(-0.577350269190463,0.577350269189156,0.577350269189258));
#2345=DIRECTION('center_axis',(-1.21356856183749E-13,-0.707106781178053,
0.707106781195042));
#2346=DIRECTION('ref_axis',(1.,0.,1.71624511899957E-13));
#2347=DIRECTION('',(-1.,1.65703322439272E-13,-5.92118946466593E-15));
#2348=DIRECTION('center_axis',(0.707106781185731,0.707106781187364,2.99476478290285E-15));
#2349=DIRECTION('ref_axis',(4.23523697210342E-15,0.,-1.));
#2350=DIRECTION('center_axis',(-0.573576436351018,0.819152044289012,-2.14267314504205E-15));
#2351=DIRECTION('ref_axis',(-3.73563662878712E-15,0.,1.));
#2352=DIRECTION('',(-0.819152044204025,-0.573576436291509,1.44048415433675E-5));
#2353=DIRECTION('center_axis',(-1.75850645103834E-5,0.,-0.999999999845383));
#2354=DIRECTION('ref_axis',(-0.999999999845383,2.18087503043093E-32,1.75850645103834E-5));
#2355=DIRECTION('',(0.,1.,0.));
#2356=DIRECTION('center_axis',(-5.9211894646675E-15,-9.47390314346801E-15,
1.));
#2357=DIRECTION('ref_axis',(1.,0.,5.9211894646675E-15));
#2358=DIRECTION('center_axis',(-1.75850645103834E-5,0.,-0.999999999845383));
#2359=DIRECTION('ref_axis',(-0.999999999845383,2.18087503043093E-32,1.75850645103834E-5));
#2360=DIRECTION('',(0.,1.,0.));
#2361=DIRECTION('center_axis',(0.999999999845383,0.,-1.758506451061E-5));
#2362=DIRECTION('ref_axis',(-1.758506451061E-5,0.,-0.999999999845383));
#2363=DIRECTION('center_axis',(-0.999999999845383,0.,1.75850645084551E-5));
#2364=DIRECTION('ref_axis',(1.7585064508455E-5,0.,0.999999999845383));
#2365=DIRECTION('',(0.,1.,0.));
#2366=DIRECTION('center_axis',(0.999999999845383,0.,-1.75850645090327E-5));
#2367=DIRECTION('ref_axis',(-1.75850645090327E-5,0.,-0.999999999845383));
#2368=DIRECTION('',(0.,1.,0.));
#2369=DIRECTION('center_axis',(0.,0.,1.));
#2370=DIRECTION('ref_axis',(1.,0.,0.));
#2371=DIRECTION('center_axis',(-0.999999999845383,0.,1.75850645095653E-5));
#2372=DIRECTION('ref_axis',(1.75850645095653E-5,0.,0.999999999845383));
#2373=DIRECTION('center_axis',(1.,-8.40779078594889E-44,5.55111509481146E-15));
#2374=DIRECTION('ref_axis',(3.92523112668756E-15,0.70710678118666,-0.707106781186435));
#2375=DIRECTION('center_axis',(-1.,1.01730702900263E-15,-4.23523697210342E-15));
#2376=DIRECTION('ref_axis',(3.71410948166245E-15,0.70710678118666,-0.707106781186435));
#2377=DIRECTION('center_axis',(-1.,8.40779078594889E-44,-5.55111515144009E-15));
#2378=DIRECTION('ref_axis',(3.92523116673005E-15,0.70710678118666,-0.707106781186435));
#2379=DIRECTION('center_axis',(1.,-1.02519792428286E-15,3.73563662878712E-15));
#2380=DIRECTION('ref_axis',(3.3664183965827E-15,0.70710678118666,-0.707106781186435));
#2381=DIRECTION('center_axis',(7.21348956886637E-9,1.89293025698589E-14,
1.));
#2382=DIRECTION('ref_axis',(-8.24500713232096E-8,0.999999999999997,-1.83345498404166E-14));
#2383=DIRECTION('',(1.,-1.65703320029014E-13,-7.21348956886637E-9));
#2384=DIRECTION('center_axis',(1.47911419729485E-31,1.,-4.22656698275241E-21));
#2385=DIRECTION('ref_axis',(5.38289957630054E-15,-4.22656698275241E-21,
-1.));
#2386=DIRECTION('center_axis',(1.47911419729485E-31,1.,-4.22656698275241E-21));
#2387=DIRECTION('ref_axis',(5.55111012753062E-17,-4.22656698275241E-21,
-1.));
#2388=DIRECTION('center_axis',(1.47911419729485E-31,1.,-4.22656698275241E-21));
#2389=DIRECTION('ref_axis',(5.38289957630054E-15,-4.22656698275241E-21,
-1.));
#2390=DIRECTION('center_axis',(1.47911419729485E-31,1.,-4.22656698275241E-21));
#2391=DIRECTION('ref_axis',(5.55111012753062E-17,-4.22656698275241E-21,
-1.));
#2392=DIRECTION('center_axis',(5.81353347932612E-14,-0.999999999999891,
4.67502239187424E-7));
#2393=DIRECTION('ref_axis',(-1.,-5.81353348192191E-14,-5.55111012753062E-17));
#2394=DIRECTION('',(5.81353347932612E-14,-0.999999999999891,4.67502239187424E-7));
#2395=DIRECTION('center_axis',(5.81353347932612E-14,-0.999999999999891,
4.67502239187424E-7));
#2396=DIRECTION('ref_axis',(-1.,-5.81353348192191E-14,-5.55111012753062E-17));
#2397=DIRECTION('',(5.81353347932612E-14,-0.999999999999891,4.67502239187424E-7));
#2398=DIRECTION('center_axis',(-1.,1.65703320029014E-13,7.21348956886637E-9));
#2399=DIRECTION('ref_axis',(-5.10059022022177E-9,0.70710678118666,-0.707106781186435));
#2400=DIRECTION('center_axis',(-2.09145686649752E-16,1.,-7.94093388050906E-22));
#2401=DIRECTION('ref_axis',(-1.58818677610181E-22,7.94093388050906E-22,
1.));
#2402=DIRECTION('',(0.499999999999991,3.65838979713675E-21,0.866025403784444));
#2403=DIRECTION('',(-1.,3.84811755728844E-24,-4.4869130937138E-15));
#2404=DIRECTION('',(-0.499999999999978,-3.65838979713675E-21,-0.866025403784451));
#2405=DIRECTION('',(1.,-3.84811755728844E-24,4.48691309371408E-15));
#2406=DIRECTION('center_axis',(0.866025403784451,1.81125080683934E-16,-0.499999999999978));
#2407=DIRECTION('ref_axis',(-0.499999999999978,-3.65838979709495E-21,-0.866025403784451));
#2408=DIRECTION('',(-0.499999999999978,3.72218264795966E-13,-0.866025403784451));
#2409=DIRECTION('',(-2.09145686649752E-16,1.,-7.94093388050906E-22));
#2410=DIRECTION('',(-2.09145686649752E-16,1.,-7.94093388050906E-22));
#2411=DIRECTION('center_axis',(-4.48691309371408E-15,7.94093387112488E-22,
1.));
#2412=DIRECTION('ref_axis',(1.,-3.84811755728844E-24,4.48691309371408E-15));
#2413=DIRECTION('',(1.,-1.65703322439271E-13,4.48691309371408E-15));
#2414=DIRECTION('',(-2.09145686649752E-16,1.,-7.94093388050906E-22));
#2415=DIRECTION('center_axis',(-2.09145686649752E-16,1.,-7.94093388050906E-22));
#2416=DIRECTION('ref_axis',(-1.58818677610181E-22,7.94093388050906E-22,
1.));
#2417=DIRECTION('',(0.499999999999993,3.65838979713675E-21,0.866025403784443));
#2418=DIRECTION('',(-1.,3.84811755728666E-24,-6.73036956116094E-15));
#2419=DIRECTION('',(-0.49999999999999,-3.65838979713675E-21,-0.866025403784444));
#2420=DIRECTION('',(1.,-3.84811755728844E-24,4.48691309371364E-15));
#2421=DIRECTION('center_axis',(-0.866025403784443,-1.81125080683932E-16,
0.499999999999993));
#2422=DIRECTION('ref_axis',(0.499999999999993,3.65838979714426E-21,0.866025403784443));
#2423=DIRECTION('',(0.499999999999993,-3.72218264795965E-13,0.866025403784443));
#2424=DIRECTION('',(-2.09145686649752E-16,1.,-7.94093388050906E-22));
#2425=DIRECTION('',(-2.09145686649752E-16,1.,-7.94093388050906E-22));
#2426=DIRECTION('center_axis',(-4.48691309371364E-15,7.94093387112488E-22,
1.));
#2427=DIRECTION('ref_axis',(1.,-3.84811755728844E-24,4.48691309371364E-15));
#2428=DIRECTION('',(1.,-1.65703322439271E-13,4.48691309371364E-15));
#2429=DIRECTION('',(-2.09145686649752E-16,1.,-7.94093388050906E-22));
#2430=DIRECTION('center_axis',(-2.09145686649752E-16,1.,-7.94093388050906E-22));
#2431=DIRECTION('ref_axis',(-1.58818677610181E-22,7.94093388050906E-22,
1.));
#2432=DIRECTION('',(-1.,3.84811755728844E-24,-4.48691309371404E-15));
#2433=DIRECTION('',(-0.500000000000006,-3.65838979713674E-21,-0.866025403784435));
#2434=DIRECTION('',(1.,-3.84811755728844E-24,4.48691309371396E-15));
#2435=DIRECTION('',(0.500000000000003,3.65838979713674E-21,0.866025403784437));
#2436=DIRECTION('center_axis',(-4.48691309371396E-15,7.94093387112488E-22,
1.));
#2437=DIRECTION('ref_axis',(1.,-3.84811755728844E-24,4.48691309371396E-15));
#2438=DIRECTION('',(1.,-1.65703322439271E-13,4.48691309371396E-15));
#2439=DIRECTION('',(-2.09145686649752E-16,1.,-7.94093388050906E-22));
#2440=DIRECTION('',(-2.09145686649752E-16,1.,-7.94093388050906E-22));
#2441=DIRECTION('center_axis',(-0.866025403784437,-1.81125080683931E-16,
0.500000000000003));
#2442=DIRECTION('ref_axis',(0.500000000000003,3.65838979711961E-21,0.866025403784437));
#2443=DIRECTION('',(0.500000000000003,-3.72218264795965E-13,0.866025403784437));
#2444=DIRECTION('',(-2.09145686649752E-16,1.,-7.94093388050906E-22));
#2445=DIRECTION('center_axis',(0.866025403784435,1.81125080683931E-16,-0.500000000000006));
#2446=DIRECTION('ref_axis',(-0.500000000000006,-3.65838979716891E-21,-0.866025403784435));
#2447=DIRECTION('',(-0.500000000000006,3.72218264795965E-13,-0.866025403784435));
#2448=DIRECTION('',(-2.09145686649752E-16,1.,-7.94093388050906E-22));
#2449=DIRECTION('center_axis',(4.48691309371404E-15,-7.94093387112488E-22,
-1.));
#2450=DIRECTION('ref_axis',(-1.,3.84811755728844E-24,-4.48691309371404E-15));
#2451=DIRECTION('',(-1.,1.65703322439271E-13,-4.48691309371404E-15));
#2452=DIRECTION('center_axis',(-1.20342669637134E-13,-0.707106781186701,
0.707106781186394));
#2453=DIRECTION('ref_axis',(1.,2.39813715187188E-28,1.70190235533057E-13));
#2454=DIRECTION('',(0.377964473009247,-0.654653670707868,-0.654653670708074));
#2455=DIRECTION('',(0.774596669241588,0.447213595499716,0.447213595500018));
#2456=DIRECTION('center_axis',(-1.13997216286759E-13,-0.707106781186367,
-0.707106781186728));
#2457=DIRECTION('ref_axis',(-1.,-4.16518557956694E-28,1.61216409345473E-13));
#2458=DIRECTION('',(-0.774596669241381,0.447213595500186,-0.447213595499908));
#2459=DIRECTION('',(0.377964473009165,0.654653670708124,-0.654653670707867));
#2460=DIRECTION('center_axis',(-0.612372435695908,-0.707106781186565,0.353553390593042));
#2461=DIRECTION('ref_axis',(0.499999999999684,6.93889390390723E-16,0.866025403784621));
#2462=DIRECTION('center_axis',(0.612372435695707,-0.707106781186496,-0.353553390593529));
#2463=DIRECTION('ref_axis',(-0.500000000000325,-6.10622663543836E-16,-0.866025403784251));
#2464=DIRECTION('center_axis',(0.866025403784444,1.81125080683933E-16,-0.49999999999999));
#2465=DIRECTION('ref_axis',(-0.49999999999999,-3.65838979711961E-21,-0.866025403784444));
#2466=DIRECTION('',(-0.49999999999999,3.72218264795966E-13,-0.866025403784444));
#2467=DIRECTION('',(-2.09145686649752E-16,1.,-7.94093388050906E-22));
#2468=DIRECTION('center_axis',(6.73036956116094E-15,-7.94093386643278E-22,
-1.));
#2469=DIRECTION('ref_axis',(-1.,3.84811755728666E-24,-6.73036956116094E-15));
#2470=DIRECTION('',(-1.,1.65703322439272E-13,-6.73036956116094E-15));
#2471=DIRECTION('center_axis',(0.612372435695723,-0.707106781186481,-0.35355339059353));
#2472=DIRECTION('ref_axis',(-0.500000000000315,7.4940054162198E-16,-0.866025403784257));
#2473=DIRECTION('',(-0.774596669241558,-0.447213595499766,-0.447213595500021));
#2474=DIRECTION('',(0.377964473009129,0.654653670708129,-0.654653670707882));
#2475=DIRECTION('center_axis',(-1.21929032918563E-13,-0.707106781186702,
0.707106781186393));
#2476=DIRECTION('ref_axis',(1.,8.45658890396925E-28,1.72433692000506E-13));
#2477=DIRECTION('',(-0.377964473009279,0.654653670707856,0.654653670708069));
#2478=DIRECTION('center_axis',(-1.13997216286767E-13,-0.707106781186411,
-0.707106781186684));
#2479=DIRECTION('ref_axis',(-1.,-1.13595970351826E-28,1.61216409345494E-13));
#2480=DIRECTION('',(-0.77459666924138,0.447213595500185,-0.447213595499911));
#2481=DIRECTION('center_axis',(-0.612372435695905,-0.707106781186577,0.353553390593024));
#2482=DIRECTION('ref_axis',(0.499999999999668,-7.49400541621981E-16,0.86602540378463));
#2483=DIRECTION('center_axis',(4.4869130937138E-15,-7.94093387112488E-22,
-1.));
#2484=DIRECTION('ref_axis',(-1.,3.84811755728844E-24,-4.4869130937138E-15));
#2485=DIRECTION('',(-1.,1.65703322439271E-13,-4.4869130937138E-15));
#2486=DIRECTION('',(-2.09145686649752E-16,1.,-7.94093388050906E-22));
#2487=DIRECTION('center_axis',(-0.866025403784444,-1.81125080683933E-16,
0.499999999999991));
#2488=DIRECTION('ref_axis',(0.499999999999991,3.65838979711961E-21,0.866025403784444));
#2489=DIRECTION('',(0.499999999999991,-3.72218264795966E-13,0.866025403784444));
#2490=DIRECTION('center_axis',(0.612372435695678,-0.707106781186535,-0.353553390593502));
#2491=DIRECTION('ref_axis',(-0.500000000000314,-3.05311331771918E-16,-0.866025403784258));
#2492=DIRECTION('',(-0.774596669241582,-0.44721359549972,-0.447213595500024));
#2493=DIRECTION('',(0.377964473009184,0.654653670708079,-0.6546536707079));
#2494=DIRECTION('center_axis',(-0.612372435695951,-0.707106781186529,0.353553390593039));
#2495=DIRECTION('ref_axis',(0.499999999999655,2.4980018054066E-16,0.866025403784638));
#2496=DIRECTION('',(-0.37796447300928,0.654653670707858,0.654653670708066));
#2497=DIRECTION('',(-0.77459666924137,0.447213595500195,-0.447213595499917));
#2498=DIRECTION('center_axis',(-1.20342669637128E-13,-0.70710678118666,
0.707106781186435));
#2499=DIRECTION('ref_axis',(1.,-3.28166136571941E-28,1.70190235533038E-13));
#2500=DIRECTION('center_axis',(-1.13997216286766E-13,-0.707106781186409,
-0.707106781186686));
#2501=DIRECTION('ref_axis',(-1.,0.,1.61216409345492E-13));
#2502=CARTESIAN_POINT('',(0.,0.,0.));
#2503=CARTESIAN_POINT('Origin',(146.555001535283,315.70295364306,-8.80000022184234));
#2504=CARTESIAN_POINT('',(146.355001535283,331.006409352173,-9.00000022184235));
#2505=CARTESIAN_POINT('',(146.755001535283,331.006409352173,-8.60000022184234));
#2506=CARTESIAN_POINT('',(150.363557971052,331.006409352171,-4.99144378607318));
#2507=CARTESIAN_POINT('',(146.755001535283,299.149493822379,-8.60000022184234));
#2508=CARTESIAN_POINT('',(146.755001535283,315.70295364306,-8.60000022184234));
#2509=CARTESIAN_POINT('',(146.355001535283,299.149493822379,-9.00000022184235));
#2510=CARTESIAN_POINT('',(146.655001535283,299.149493822379,-8.70000022184234));
#2511=CARTESIAN_POINT('',(146.355001535283,315.70295364306,-9.00000022184235));
#2512=CARTESIAN_POINT('Origin',(146.755001535283,299.149493822379,-8.60000022184234));
#2513=CARTESIAN_POINT('',(146.355001535283,298.749493822379,-8.60000022184235));
#2514=CARTESIAN_POINT('',(146.355001535283,298.749493822379,-8.60000022184235));
#2515=CARTESIAN_POINT('',(146.355001535283,299.149493822379,-9.00000022184235));
#2516=CARTESIAN_POINT('Origin',(146.755001535283,324.656413463741,24.5832508432755));
#2517=CARTESIAN_POINT('',(146.755001535283,331.006409352173,-8.59555958771658));
#2518=CARTESIAN_POINT('',(146.755001535283,331.006409352162,24.4724878695693));
#2519=CARTESIAN_POINT('',(146.755001535283,335.912275420413,-8.59555958771658));
#2520=CARTESIAN_POINT('',(146.755001535283,315.655885742586,-8.59555958771658));
#2521=CARTESIAN_POINT('',(146.755001535283,349.506391794786,5.40444041228356));
#2522=CARTESIAN_POINT('Origin',(146.755001535283,335.912275420413,5.00444041228342));
#2523=CARTESIAN_POINT('',(146.755001535283,349.606275420412,5.40444041228356));
#2524=CARTESIAN_POINT('',(146.755001535283,337.284344442077,5.40444041228356));
#2525=CARTESIAN_POINT('',(146.755001535283,349.606275420412,44.7229990759903));
#2526=CARTESIAN_POINT('',(146.755001535283,349.606275420412,37.5246976712775));
#2527=CARTESIAN_POINT('',(146.755001535283,349.60641122136,44.7229990759903));
#2528=CARTESIAN_POINT('',(146.755001535283,337.331412576417,44.7229990759902));
#2529=CARTESIAN_POINT('',(146.755001535283,349.60641122136,75.3729990759874));
#2530=CARTESIAN_POINT('',(146.755001535283,349.60641122136,38.0224773542146));
#2531=CARTESIAN_POINT('',(146.755001535283,351.10641122136,75.3729990759874));
#2532=CARTESIAN_POINT('',(146.755001535283,337.33141234255,75.3729990759874));
#2533=CARTESIAN_POINT('',(146.755001535283,351.10641122136,80.0729990759874));
#2534=CARTESIAN_POINT('',(146.755001535283,351.10641122136,51.1531249596315));
#2535=CARTESIAN_POINT('',(146.755001535283,349.60641122136,80.0729990759874));
#2536=CARTESIAN_POINT('',(146.755001535283,337.33141234255,80.0729990759874));
#2537=CARTESIAN_POINT('',(146.755001535283,349.60641122136,87.3234233244019));
#2538=CARTESIAN_POINT('',(146.755001535283,349.60641122136,38.0224773542146));
#2539=CARTESIAN_POINT('',(146.755001535283,345.406409352144,87.3234233244019));
#2540=CARTESIAN_POINT('',(146.755001535283,334.031412576417,87.3234233244018));
#2541=CARTESIAN_POINT('',(146.755001535283,345.406409352168,15.4998547411348));
#2542=CARTESIAN_POINT('',(146.755001535283,345.406409352163,30.6533370838362));
#2543=CARTESIAN_POINT('',(146.755001535283,331.00640935217,1.09985473908972));
#2544=CARTESIAN_POINT('Origin',(146.755001535283,331.00640935217,15.49985474113));
#2545=CARTESIAN_POINT('',(146.755001535283,299.149493822379,1.09985473824515));
#2546=CARTESIAN_POINT('',(146.755001535283,311.470565197417,1.09985473824492));
#2547=CARTESIAN_POINT('',(146.755001535283,299.149493822379,7.79162531071658));
#2548=CARTESIAN_POINT('Origin',(146.555001535283,349.80641122136,38.0224773542146));
#2549=CARTESIAN_POINT('',(146.355001535283,350.00641122136,44.7229990759903));
#2550=CARTESIAN_POINT('',(137.753322669301,358.608090087342,44.7229990759904));
#2551=CARTESIAN_POINT('',(146.355001535344,350.00641122136,74.9730061100132));
#2552=CARTESIAN_POINT('',(146.355001535283,350.00641122136,38.0224773542146));
#2553=CARTESIAN_POINT('',(142.442474478228,353.918938278415,71.060547854342));
#2554=CARTESIAN_POINT('Origin',(111.548286539088,350.006411689094,44.7229990759902));
#2555=CARTESIAN_POINT('',(146.355001535283,350.006275420412,44.7229990759903));
#2556=CARTESIAN_POINT('',(137.753288719058,358.607988236631,44.7229990759904));
#2557=CARTESIAN_POINT('',(110.900002786012,350.006275420412,44.7229990759902));
#2558=CARTESIAN_POINT('',(134.811807732758,350.006275420412,44.7229990759903));
#2559=CARTESIAN_POINT('',(110.900002786012,349.912275420412,44.7229990759902));
#2560=CARTESIAN_POINT('',(110.900002786012,349.959343554753,44.7229990759902));
#2561=CARTESIAN_POINT('',(110.500002786012,349.512275420412,44.7229990759902));
#2562=CARTESIAN_POINT('',(110.985607791451,349.997880425852,44.7229990759902));
#2563=CARTESIAN_POINT('',(110.500002786012,349.60641122136,44.7229990759902));
#2564=CARTESIAN_POINT('',(110.500002786012,337.331412576417,44.7229990759901));
#2565=CARTESIAN_POINT('',(110.900002786012,350.00641122136,44.7229990759902));
#2566=CARTESIAN_POINT('',(110.962073841214,350.068482276563,44.7229990759902));
#2567=CARTESIAN_POINT('',(134.811813878559,350.00641122136,44.7229990759903));
#2568=CARTESIAN_POINT('Origin',(146.555001535283,315.655885742586,-8.79555958771658));
#2569=CARTESIAN_POINT('',(146.355001535283,331.006409352173,-8.99555958771658));
#2570=CARTESIAN_POINT('',(150.362447812521,331.006409352171,-4.98811331047881));
#2571=CARTESIAN_POINT('',(146.355001535283,335.912275420413,-8.99555958771658));
#2572=CARTESIAN_POINT('',(146.355001535283,315.655885742586,-8.99555958771658));
#2573=CARTESIAN_POINT('',(146.355001535283,335.912275420413,-8.99555958771658));
#2574=CARTESIAN_POINT('Origin',(146.555001535283,335.912275420413,5.00444041228342));
#2575=CARTESIAN_POINT('',(146.355001535283,349.912275420413,5.00444041228355));
#2576=CARTESIAN_POINT('Origin',(146.355001535283,335.912275420413,5.00444041228342));
#2577=CARTESIAN_POINT('Ctrl Pts',(146.355001535283,349.912275420413,5.00444041228361));
#2578=CARTESIAN_POINT('Ctrl Pts',(146.488979194732,349.778297760965,5.13841807173211));
#2579=CARTESIAN_POINT('Ctrl Pts',(146.622356929809,349.642996810183,5.27179580680972));
#2580=CARTESIAN_POINT('Ctrl Pts',(146.755001535283,349.506391794786,5.40444041228355));
#2581=CARTESIAN_POINT('Origin',(146.555001535283,337.284344442077,5.20444041228355));
#2582=CARTESIAN_POINT('',(146.355001535283,350.006275420413,5.00444041228355));
#2583=CARTESIAN_POINT('',(146.355001535283,337.284344442077,5.00444041228355));
#2584=CARTESIAN_POINT('',(146.355001535283,350.006275420413,5.00444041228355));
#2585=CARTESIAN_POINT('Origin',(146.555001535283,349.806275420412,37.5246976712775));
#2586=CARTESIAN_POINT('',(146.355001535283,350.006275420412,37.5246976712775));
#2587=CARTESIAN_POINT('Origin',(110.900002786012,349.912275420413,5.00444041228336));
#2588=CARTESIAN_POINT('',(110.900002786012,349.912275420413,5.00444041228336));
#2589=CARTESIAN_POINT('',(110.900002786012,349.912275420412,37.5246976712775));
#2590=CARTESIAN_POINT('',(110.900002786012,350.006275420413,5.00444041228336));
#2591=CARTESIAN_POINT('',(110.900002786012,350.006275420412,37.5246976712775));
#2592=CARTESIAN_POINT('',(110.900002786012,349.912275420413,5.00444041228336));
#2593=CARTESIAN_POINT('Origin',(146.755001535283,349.912275420413,5.00444041228355));
#2594=CARTESIAN_POINT('',(151.665165230855,349.912275420413,5.00444041228358));
#2595=CARTESIAN_POINT('',(151.665165230855,350.006275420413,5.00444041228358));
#2596=CARTESIAN_POINT('Origin',(158.075328926427,350.006275420412,50.4661444992796));
#2597=CARTESIAN_POINT('Origin',(146.555001535313,337.33141234255,75.1730025930003));
#2598=CARTESIAN_POINT('',(146.355001535282,351.50641122136,74.9730061100132));
#2599=CARTESIAN_POINT('',(146.355001535344,337.33141234255,74.9730061100132));
#2600=CARTESIAN_POINT('',(146.355001535344,351.50641122136,74.9730061100132));
#2601=CARTESIAN_POINT('Origin',(158.07534121803,350.00641122136,51.4617038651535));
#2602=CARTESIAN_POINT('',(110.900002785949,350.00641122136,74.9736295884535));
#2603=CARTESIAN_POINT('',(110.900002786012,350.00641122136,38.0224773542144));
#2604=CARTESIAN_POINT('',(115.499906037175,350.00641122136,74.9735486988581));
#2605=CARTESIAN_POINT('',(136.787830349674,350.00641122136,74.9731743493357));
#2606=CARTESIAN_POINT('',(115.500002745364,350.00641122136,80.4729990759874));
#2607=CARTESIAN_POINT('',(115.499747669198,350.00641122136,65.9677258200929));
#2608=CARTESIAN_POINT('',(110.900002782759,350.00641122136,80.4724125332148));
#2609=CARTESIAN_POINT('',(134.285822050979,350.00641122136,80.4753944426461));
#2610=CARTESIAN_POINT('',(110.900002786012,350.00641122136,87.3234233244017));
#2611=CARTESIAN_POINT('',(110.900002786012,350.00641122136,38.0224773542144));
#2612=CARTESIAN_POINT('',(146.355001535283,350.00641122136,87.3234233244019));
#2613=CARTESIAN_POINT('',(178.624311334367,350.00641122136,87.3234233244021));
#2614=CARTESIAN_POINT('',(146.355001535283,350.00641122136,80.4729990759874));
#2615=CARTESIAN_POINT('',(146.355001535283,350.00641122136,38.0224773542146));
#2616=CARTESIAN_POINT('',(141.755001535282,350.00641122136,80.4729990759874));
#2617=CARTESIAN_POINT('',(149.915171376656,350.00641122136,80.4729990759874));
#2618=CARTESIAN_POINT('',(141.754904818973,350.00641122136,74.9730870030107));
#2619=CARTESIAN_POINT('',(141.754698096902,350.00641122136,63.2175389356808));
#2620=CARTESIAN_POINT('',(152.415378098727,350.00641122136,74.9728995379004));
#2621=CARTESIAN_POINT('',(122.725400621835,350.00641122136,77.7229990759874));
#2622=CARTESIAN_POINT('Origin',(119.625400621835,350.00641122136,77.7229990759874));
#2623=CARTESIAN_POINT('',(123.495799708388,350.00641122136,80.4729990759874));
#2624=CARTESIAN_POINT('',(123.495702997726,350.00641122136,74.9734080922527));
#2625=CARTESIAN_POINT('',(123.495496275655,350.00641122136,63.2178600249228));
#2626=CARTESIAN_POINT('',(133.754904821447,350.00641122136,74.9732276835268));
#2627=CARTESIAN_POINT('',(145.91532974181,350.00641122136,74.9730138416701));
#2628=CARTESIAN_POINT('',(133.755001535282,350.00641122136,80.4729990759874));
#2629=CARTESIAN_POINT('',(133.754746456293,350.00641122136,65.9675653124272));
#2630=CARTESIAN_POINT('',(140.785570463209,350.00641122136,80.4729990759874));
#2631=CARTESIAN_POINT('',(140.725400621835,350.00641122136,77.7229990759874));
#2632=CARTESIAN_POINT('Origin',(137.625400621835,350.00641122136,77.7229990759874));
#2633=CARTESIAN_POINT('Origin',(128.627502160648,331.006409352165,24.3617248958608));
#2634=CARTESIAN_POINT('',(110.900002786012,331.006409352179,-9.00000022184254));
#2635=CARTESIAN_POINT('',(136.941251847968,331.006409352175,-9.0000002218424));
#2636=CARTESIAN_POINT('',(110.500002786012,331.006409352179,-8.60000022184254));
#2637=CARTESIAN_POINT('',(106.891446350245,331.006409352178,-4.99144378607527));
#2638=CARTESIAN_POINT('',(110.500002786012,331.006409352179,-8.59555958771678));
#2639=CARTESIAN_POINT('',(110.500002786012,331.006409352168,24.4724878695691));
#2640=CARTESIAN_POINT('',(110.900002786012,331.006409352179,-8.99555958771677));
#2641=CARTESIAN_POINT('',(106.892556508776,331.006409352178,-4.9881133104809));
#2642=CARTESIAN_POINT('',(136.941251847968,331.006409352175,-8.99555958771663));
#2643=CARTESIAN_POINT('Origin',(145.255001535283,306.749493822379,-9.00000022184235));
#2644=CARTESIAN_POINT('',(110.900002786012,299.149493822379,-9.00000022184254));
#2645=CARTESIAN_POINT('',(145.255001535283,299.149493822379,-9.00000022184235));
#2646=CARTESIAN_POINT('',(110.900002786012,315.70295364306,-9.00000022184254));
#2647=CARTESIAN_POINT('Origin',(110.500002786012,299.149493822379,-8.60000022184254));
#2648=CARTESIAN_POINT('',(110.900002786012,298.749493822379,-8.60000022184254));
#2649=CARTESIAN_POINT('',(110.900002786012,298.749493822379,-8.60000022184254));
#2650=CARTESIAN_POINT('',(110.500002786012,299.149493822379,-8.60000022184254));
#2651=CARTESIAN_POINT('',(110.500002786012,299.149493822379,-8.60000022184254));
#2652=CARTESIAN_POINT('',(110.900002786012,299.149493822379,-9.00000022184254));
#2653=CARTESIAN_POINT('Origin',(110.700002786012,298.949493822379,7.79162531071641));
#2654=CARTESIAN_POINT('',(110.700002786012,298.949493822379,1.29985499832756));
#2655=CARTESIAN_POINT('',(110.500002786012,299.149493822379,1.09985499977021));
#2656=CARTESIAN_POINT('',(109.695119262933,299.954377345458,0.294971482497355));
#2657=CARTESIAN_POINT('',(110.500002786012,299.149493822379,7.79162531071641));
#2658=CARTESIAN_POINT('',(110.900002786012,298.749493822379,1.09985499688482));
#2659=CARTESIAN_POINT('',(110.900002786012,298.749493822379,7.79162531071641));
#2660=CARTESIAN_POINT('',(115.377207521064,294.272289087327,-3.37734977046387));
#2661=CARTESIAN_POINT('Origin',(110.700002786012,315.70295364306,-8.80000022184254));
#2662=CARTESIAN_POINT('',(110.500002786012,315.70295364306,-8.60000022184254));
#2663=CARTESIAN_POINT('Origin',(146.555001535283,298.949493822379,7.79162531071658));
#2664=CARTESIAN_POINT('',(146.555001535283,298.949493822379,1.29985473968783));
#2665=CARTESIAN_POINT('',(146.355001535283,298.749493822379,1.09985474113056));
#2666=CARTESIAN_POINT('',(147.4202966127,299.814788899796,2.16514981086295));
#2667=CARTESIAN_POINT('',(146.355001535283,298.749493822379,7.79162531071658));
#2668=CARTESIAN_POINT('',(147.559884989981,299.954377277076,0.29497127774156));
#2669=CARTESIAN_POINT('Origin',(145.255001535283,298.949493822379,-8.80000022184235));
#2670=CARTESIAN_POINT('',(145.255001535283,298.749493822379,-8.60000022184235));
#2671=CARTESIAN_POINT('Origin',(110.500002786012,324.656413463741,24.5832508432753));
#2672=CARTESIAN_POINT('',(110.500002786012,331.006409352176,1.09985499892449));
#2673=CARTESIAN_POINT('',(110.500002786012,311.470565197417,1.09985499976998));
#2674=CARTESIAN_POINT('',(110.500002786012,345.406409352174,15.499854996889));
#2675=CARTESIAN_POINT('Origin',(110.500002786012,331.006409352176,15.4998549968842));
#2676=CARTESIAN_POINT('',(110.500002786012,345.40640935215,87.3234233244017));
#2677=CARTESIAN_POINT('',(110.500002786012,345.406409352169,30.6533370838361));
#2678=CARTESIAN_POINT('',(110.500002786012,349.60641122136,87.3234233244017));
#2679=CARTESIAN_POINT('',(110.500002786012,334.031412576417,87.3234233244016));
#2680=CARTESIAN_POINT('',(110.500002786012,349.60641122136,80.0723615294955));
#2681=CARTESIAN_POINT('',(110.500002786012,349.60641122136,38.0224773542144));
#2682=CARTESIAN_POINT('',(110.500002786012,350.456099914046,80.0723615294955));
#2683=CARTESIAN_POINT('',(110.500002786012,337.33141234255,80.0723615294955));
#2684=CARTESIAN_POINT('',(110.500002786012,350.456099914046,75.3736366224793));
#2685=CARTESIAN_POINT('',(110.500002786012,350.456099914046,51.153262365349));
#2686=CARTESIAN_POINT('',(110.500002786012,349.60641122136,75.3736366224793));
#2687=CARTESIAN_POINT('',(110.500002786012,337.33141234255,75.3736366224793));
#2688=CARTESIAN_POINT('',(110.500002786012,349.60641122136,38.0224773542144));
#2689=CARTESIAN_POINT('',(110.500002786012,349.512275420412,5.00444041228336));
#2690=CARTESIAN_POINT('',(110.500002786012,349.512275420412,37.5246976712775));
#2691=CARTESIAN_POINT('',(110.500002786012,335.912275420413,-8.59555958771674));
#2692=CARTESIAN_POINT('Origin',(110.500002786012,335.912275420413,5.00444041228323));
#2693=CARTESIAN_POINT('',(110.500002786012,315.655885742586,-8.59555958771678));
#2694=CARTESIAN_POINT('Origin',(110.700002786012,311.470565197417,1.29985499832728));
#2695=CARTESIAN_POINT('',(110.900002786012,299.149493822379,1.49985499688481));
#2696=CARTESIAN_POINT('',(118.546014453911,306.795505490278,9.14586660962902));
#2697=CARTESIAN_POINT('',(110.900002784773,331.006409352176,1.49985499698734));
#2698=CARTESIAN_POINT('',(110.900002786012,311.470565197417,1.49985499688458));
#2699=CARTESIAN_POINT('',(110.500002786012,331.006409352176,1.09985499892449));
#2700=CARTESIAN_POINT('Origin',(145.255001535283,298.749493822379,-9.00000022184235));
#2701=CARTESIAN_POINT('',(145.255001439797,298.749493822379,1.0998547490654));
#2702=CARTESIAN_POINT('',(144.605418697175,298.749493822379,-5.30013934756732));
#2703=CARTESIAN_POINT('Origin',(142.255418697175,298.749493822379,-5.30013934756783));
#2704=CARTESIAN_POINT('',(117.350001728517,298.749493822379,-5.30013934756733));
#2705=CARTESIAN_POINT('Origin',(115.000001728517,298.749493822379,-5.30013934756784));
#2706=CARTESIAN_POINT('Origin',(145.25500144124,298.949493822379,1.2998547490654));
#2707=CARTESIAN_POINT('',(146.355001535283,299.149493822379,1.49985474113055));
#2708=CARTESIAN_POINT('',(144.251489633284,301.253005724378,3.6033666583031));
#2709=CARTESIAN_POINT('',(145.255001442682,299.149493822379,1.49985474906539));
#2710=CARTESIAN_POINT('Origin',(110.700002786012,349.80641122136,38.0224773542144));
#2711=CARTESIAN_POINT('',(114.812756267075,353.919164702423,71.0608073006924));
#2712=CARTESIAN_POINT('Origin',(124.245727175276,350.981255567703,76.348292649388));
#2713=CARTESIAN_POINT('',(123.495799708388,350.456099914045,80.4729990759874));
#2714=CARTESIAN_POINT('',(124.99579970862,351.50641122136,80.4729990759874));
#2715=CARTESIAN_POINT('',(123.765133086647,350.644689175764,80.4729990759874));
#2716=CARTESIAN_POINT('',(124.995702997494,351.50641122136,74.973381714656));
#2717=CARTESIAN_POINT('',(124.99572717516,351.50641122136,76.3482794605896));
#2718=CARTESIAN_POINT('',(123.495702997726,350.456099914045,74.9734080922527));
#2719=CARTESIAN_POINT('',(127.207074586612,353.054830278082,74.9733428275439));
#2720=CARTESIAN_POINT('',(123.495727175392,350.456099914045,76.3483058381864));
#2721=CARTESIAN_POINT('Origin',(133.754904821447,350.00641122136,74.9732276835268));
#2722=CARTESIAN_POINT('',(132.254904821679,351.50641122136,74.9732540611236));
#2723=CARTESIAN_POINT('',(146.755001535282,351.50641122136,74.9729990759874));
#2724=CARTESIAN_POINT('',(133.754904821447,350.456099914045,74.9732276835268));
#2725=CARTESIAN_POINT('',(133.485547108031,350.644706215484,74.9732324201996));
#2726=CARTESIAN_POINT('',(133.754904821447,350.00641122136,74.9732276835268));
#2727=CARTESIAN_POINT('',(123.495702997726,350.00641122136,74.9734080922527));
#2728=CARTESIAN_POINT('Origin',(128.625352266504,351.50641122136,77.7231133797571));
#2729=CARTESIAN_POINT('',(132.25500153505,351.50641122136,80.4729990759874));
#2730=CARTESIAN_POINT('',(146.755001535282,351.50641122136,80.4729990759874));
#2731=CARTESIAN_POINT('',(132.254977356262,351.50641122136,79.0980375032875));
#2732=CARTESIAN_POINT('Origin',(142.504928997934,350.981255567703,76.3480518320313));
#2733=CARTESIAN_POINT('',(141.755001535282,350.456099914045,80.4729990759874));
#2734=CARTESIAN_POINT('',(143.255001535514,351.50641122136,80.4729990759874));
#2735=CARTESIAN_POINT('',(142.024334912119,350.644689174769,80.4729990759874));
#2736=CARTESIAN_POINT('',(143.254904818741,351.50641122136,74.973060625414));
#2737=CARTESIAN_POINT('',(143.254928997819,351.50641122136,76.3480386432329));
#2738=CARTESIAN_POINT('',(141.754904818973,350.456099914045,74.9730870030107));
#2739=CARTESIAN_POINT('',(143.701820160356,351.819344712548,74.9730527663789));
#2740=CARTESIAN_POINT('',(141.75492899805,350.456099914045,76.3480650208297));
#2741=CARTESIAN_POINT('Origin',(144.254953177128,351.50641122136,77.7229990759874));
#2742=CARTESIAN_POINT('',(146.355001535282,351.50641122136,80.4729990759874));
#2743=CARTESIAN_POINT('',(146.755001535282,351.50641122136,80.4729990759874));
#2744=CARTESIAN_POINT('',(146.355001535282,351.50641122136,51.1531249596315));
#2745=CARTESIAN_POINT('',(146.755001535282,351.50641122136,74.9729990759874));
#2746=CARTESIAN_POINT('Origin',(141.755001535282,350.00641122136,80.4729990759874));
#2747=CARTESIAN_POINT('',(141.755001535282,350.00641122136,80.4729990759874));
#2748=CARTESIAN_POINT('',(146.355001535282,337.33141234255,80.4729990759874));
#2749=CARTESIAN_POINT('Origin',(133.004977356146,350.981255567703,79.0980243144892));
#2750=CARTESIAN_POINT('',(133.755001535282,350.456099914045,80.4729990759874));
#2751=CARTESIAN_POINT('',(130.043621832693,353.054835958555,80.4729990759874));
#2752=CARTESIAN_POINT('',(133.75497735603,350.456099914045,79.0980111256908));
#2753=CARTESIAN_POINT('Origin',(114.749978568046,350.981255567703,79.0981276895982));
#2754=CARTESIAN_POINT('',(115.499906037175,350.456099914045,74.9735486988581));
#2755=CARTESIAN_POINT('',(113.999906037407,351.50641122136,74.9735750764549));
#2756=CARTESIAN_POINT('',(115.230548323758,350.644706215484,74.9735534355309));
#2757=CARTESIAN_POINT('',(114.000002741769,351.50641122136,80.4728078120378));
#2758=CARTESIAN_POINT('',(113.999978568162,351.50641122136,79.0981408783965));
#2759=CARTESIAN_POINT('',(115.500002745364,350.456099914045,80.4729990759874));
#2760=CARTESIAN_POINT('',(113.553052928698,351.819368848923,80.4727508217803));
#2761=CARTESIAN_POINT('',(115.49997856793,350.456099914045,79.0981145007998));
#2762=CARTESIAN_POINT('Origin',(110.500002786011,350.00641122136,80.4723615294955));
#2763=CARTESIAN_POINT('',(112.000002786011,351.50641122136,80.4725527934446));
#2764=CARTESIAN_POINT('',(110.500002786011,351.50641122136,80.4723615294955));
#2765=CARTESIAN_POINT('',(110.900002782759,350.736182927052,80.4724125332148));
#2766=CARTESIAN_POINT('',(110.768106225128,350.643827963135,80.4723957151772));
#2767=CARTESIAN_POINT('',(110.900002782759,337.33141234255,80.4724125332148));
#2768=CARTESIAN_POINT('',(115.500002745364,350.00641122136,80.4729990759874));
#2769=CARTESIAN_POINT('Origin',(113.000002765688,351.50641122136,77.7232738874227));
#2770=CARTESIAN_POINT('',(112.000002786011,351.50641122136,74.9736102448826));
#2771=CARTESIAN_POINT('',(146.755001535282,351.50641122136,74.9729990759874));
#2772=CARTESIAN_POINT('',(112.000002786011,351.50641122136,51.153262365349));
#2773=CARTESIAN_POINT('Origin',(119.625400621835,349.80641122136,77.7229990759874));
#2774=CARTESIAN_POINT('',(122.325400621835,349.60641122136,77.7229990759874));
#2775=CARTESIAN_POINT('',(122.525400621835,349.80641122136,77.7229990759874));
#2776=CARTESIAN_POINT('Origin',(119.625400621835,349.60641122136,77.7229990759874));
#2777=CARTESIAN_POINT('Origin',(119.625400621835,350.00641122136,77.7229990759874));
#2778=CARTESIAN_POINT('',(122.325400621835,345.406409352164,77.7229990759874));
#2779=CARTESIAN_POINT('',(122.325400621835,350.00641122136,77.7229990759874));
#2780=CARTESIAN_POINT('Origin',(119.625400621835,345.406409352164,77.7229990759874));
#2781=CARTESIAN_POINT('Origin',(119.625400621835,345.206409352159,77.7229990759873));
#2782=CARTESIAN_POINT('',(122.725400621835,345.006409352153,77.7229990759873));
#2783=CARTESIAN_POINT('Origin',(119.625400621835,345.006409352153,77.7229990759873));
#2784=CARTESIAN_POINT('',(122.525400621835,345.206409352158,77.7229990759873));
#2785=CARTESIAN_POINT('Origin',(168.977400621837,345.006409352159,36.72342332439));
#2786=CARTESIAN_POINT('',(110.900002785211,345.006409352279,15.4998549968889));
#2787=CARTESIAN_POINT('',(110.900002786012,345.006409352152,87.3234233244017));
#2788=CARTESIAN_POINT('',(110.900002786012,345.006409352171,30.6533370838359));
#2789=CARTESIAN_POINT('',(146.355001534482,345.006409352067,15.4998547411346));
#2790=CARTESIAN_POINT('',(157.116200922039,345.006409352168,15.4998546635088));
#2791=CARTESIAN_POINT('',(146.355001535283,345.006409352146,87.3234233244019));
#2792=CARTESIAN_POINT('',(146.355001535283,345.006409352165,30.6533370838361));
#2793=CARTESIAN_POINT('',(184.075341036271,345.00640935214,87.3234233244021));
#2794=CARTESIAN_POINT('',(140.725400621835,345.00640935215,77.7229990759873));
#2795=CARTESIAN_POINT('Origin',(137.625400621835,345.00640935215,77.7229990759873));
#2796=CARTESIAN_POINT('',(120.660080580361,345.006409352171,24.5114269724986));
#2797=CARTESIAN_POINT('',(124.025207863637,345.006409352171,24.5114269724986));
#2798=CARTESIAN_POINT('',(146.328099161981,345.006409352167,24.5114269724987));
#2799=CARTESIAN_POINT('',(124.817002518526,345.006409352168,31.7114269724986));
#2800=CARTESIAN_POINT('',(129.603527974596,345.006409352164,40.0019322541335));
#2801=CARTESIAN_POINT('',(128.182129801802,345.006409352168,31.7114269724986));
#2802=CARTESIAN_POINT('',(147.070406650939,345.006409352164,31.7114269724987));
#2803=CARTESIAN_POINT('',(134.106860074274,345.006409352163,41.9733608255621));
#2804=CARTESIAN_POINT('',(132.438026071829,345.006409352171,18.5114269724987));
#2805=CARTESIAN_POINT('',(136.594948009994,345.006409352168,25.7114269724987));
#2806=CARTESIAN_POINT('',(142.767114112119,345.006409352164,36.4019322541337));
#2807=CARTESIAN_POINT('',(129.072898788552,345.006409352172,18.5114269724987));
#2808=CARTESIAN_POINT('',(150.534508266076,345.006409352168,18.5114269724988));
#2809=CARTESIAN_POINT('',(133.229820726718,345.006409352169,25.7114269724987));
#2810=CARTESIAN_POINT('',(138.26378201244,345.006409352165,34.4305036827051));
#2811=CARTESIAN_POINT('',(151.276815755035,345.006409352166,25.7114269724988));
#2812=CARTESIAN_POINT('',(126.499566160164,345.006409352172,18.5114269724986));
#2813=CARTESIAN_POINT('',(134.120589713467,345.006409352167,31.7114269724987));
#2814=CARTESIAN_POINT('',(139.303012496981,345.006409352163,40.6876465398479));
#2815=CARTESIAN_POINT('',(123.134438876888,345.006409352173,18.5114269724986));
#2816=CARTESIAN_POINT('',(147.565278310244,345.006409352169,18.5114269724988));
#2817=CARTESIAN_POINT('',(130.755462430191,345.006409352167,31.7114269724987));
#2818=CARTESIAN_POINT('',(133.067629589734,345.006409352165,35.7162179684193));
#2819=CARTESIAN_POINT('',(150.039636606771,345.006409352164,31.7114269724987));
#2820=CARTESIAN_POINT('Origin',(137.625400621835,349.80641122136,77.7229990759874));
#2821=CARTESIAN_POINT('',(140.325400621835,349.60641122136,77.7229990759874));
#2822=CARTESIAN_POINT('',(140.525400621835,349.80641122136,77.7229990759874));
#2823=CARTESIAN_POINT('Origin',(137.625400621835,349.60641122136,77.7229990759874));
#2824=CARTESIAN_POINT('Origin',(137.625400621835,350.00641122136,77.7229990759874));
#2825=CARTESIAN_POINT('',(140.325400621835,345.406409352167,77.7229990759874));
#2826=CARTESIAN_POINT('',(140.325400621835,350.00641122136,77.7229990759874));
#2827=CARTESIAN_POINT('Origin',(137.625400621835,345.406409352167,77.7229990759874));
#2828=CARTESIAN_POINT('Origin',(137.625400621835,345.206409352159,77.7229990759873));
#2829=CARTESIAN_POINT('',(140.525400621835,345.206409352158,77.7229990759873));
#2830=CARTESIAN_POINT('Origin',(146.555001535283,311.470565197417,1.29985473968762));
#2831=CARTESIAN_POINT('',(146.355001534044,331.00640935217,1.49985474102687));
#2832=CARTESIAN_POINT('',(146.355001533243,331.00640935217,1.49985474112995));
#2833=CARTESIAN_POINT('',(146.355001535283,311.470565197417,1.49985474113032));
#2834=CARTESIAN_POINT('Origin',(110.700002786012,349.712275420412,37.5246976712775));
#2835=CARTESIAN_POINT('',(110.900002786012,349.912275420413,5.00444041228336));
#2836=CARTESIAN_POINT('Origin',(110.700002786012,335.912275420413,5.00444041228323));
#2837=CARTESIAN_POINT('',(110.900002786012,335.912275420413,-8.99555958771677));
#2838=CARTESIAN_POINT('Origin',(110.900002786012,335.912275420413,5.00444041228323));
#2839=CARTESIAN_POINT('',(110.900002786012,335.912275420413,-8.99555958771677));
#2840=CARTESIAN_POINT('Origin',(110.700002786012,315.655885742586,-8.79555958771677));
#2841=CARTESIAN_POINT('',(110.900002786012,315.655885742586,-8.99555958771677));
#2842=CARTESIAN_POINT('Origin',(145.255001535283,306.655358021431,-8.99555958771659));
#2843=CARTESIAN_POINT('',(151.665165230855,335.912275420413,-8.99555958771655));
#2844=CARTESIAN_POINT('Origin',(151.665165230855,335.912275420413,5.00444041228345));
#2845=CARTESIAN_POINT('Origin',(110.700002785981,337.33141234255,75.1736331054664));
#2846=CARTESIAN_POINT('',(110.900002785949,350.736182929286,74.9736295884535));
#2847=CARTESIAN_POINT('',(110.900002785949,337.33141234255,74.9736295884535));
#2848=CARTESIAN_POINT('',(110.500002786012,350.456099914046,75.3736366224793));
#2849=CARTESIAN_POINT('Origin',(110.700002784386,337.33141234255,80.2723870313552));
#2850=CARTESIAN_POINT('',(110.500002786012,349.60641122136,80.0723615294955));
#2851=CARTESIAN_POINT('',(110.900002782759,350.736182927052,80.4724125332148));
#2852=CARTESIAN_POINT('Origin',(110.900002786012,345.006409352152,87.3234233244017));
#2853=CARTESIAN_POINT('',(110.900002786012,345.406409352161,87.7234233244017));
#2854=CARTESIAN_POINT('',(110.500002786012,345.40640935215,87.3234233244017));
#2855=CARTESIAN_POINT('',(110.900002786012,345.006409352152,87.3234233244017));
#2856=CARTESIAN_POINT('',(110.900002786012,345.406409352161,87.7234233244017));
#2857=CARTESIAN_POINT('Origin',(110.700002786012,345.20640935217,30.653337083836));
#2858=CARTESIAN_POINT('',(110.700002786036,345.206409352151,15.4998549968889));
#2859=CARTESIAN_POINT('Origin',(146.755001535283,345.406409352144,87.3234233244019));
#2860=CARTESIAN_POINT('',(146.355001535283,345.406409352155,87.7234233244019));
#2861=CARTESIAN_POINT('',(146.355001535283,345.006409352146,87.3234233244019));
#2862=CARTESIAN_POINT('',(146.755001535283,345.406409352144,87.3234233244019));
#2863=CARTESIAN_POINT('',(146.355001535283,345.406409352155,87.7234233244019));
#2864=CARTESIAN_POINT('Origin',(146.555001535283,345.206409352164,30.6533370838362));
#2865=CARTESIAN_POINT('',(146.555001535257,345.206409352144,15.4998547411348));
#2866=CARTESIAN_POINT('Origin',(110.500002786012,349.60641122136,87.3234233244017));
#2867=CARTESIAN_POINT('',(110.900002786012,349.60641122136,87.7234233244017));
#2868=CARTESIAN_POINT('',(110.900002786012,350.00641122136,87.3234233244017));
#2869=CARTESIAN_POINT('',(110.500002786012,349.60641122136,87.3234233244017));
#2870=CARTESIAN_POINT('',(110.900002786012,349.60641122136,87.7234233244017));
#2871=CARTESIAN_POINT('Origin',(110.700002786012,349.80641122136,38.0224773542144));
#2872=CARTESIAN_POINT('Origin',(110.700002786012,334.031412576417,87.5234233244016));
#2873=CARTESIAN_POINT('',(110.900002786012,334.031412576417,87.7234233244016));
#2874=CARTESIAN_POINT('Origin',(146.355001535283,350.00641122136,87.3234233244019));
#2875=CARTESIAN_POINT('',(146.355001535283,349.60641122136,87.7234233244019));
#2876=CARTESIAN_POINT('',(146.755001535283,349.60641122136,87.3234233244019));
#2877=CARTESIAN_POINT('',(146.355001535283,350.00641122136,87.3234233244019));
#2878=CARTESIAN_POINT('',(146.355001535283,349.60641122136,87.7234233244019));
#2879=CARTESIAN_POINT('Origin',(146.555001535283,349.80641122136,38.0224773542146));
#2880=CARTESIAN_POINT('',(146.755001535283,349.60641122136,80.0729990759874));
#2881=CARTESIAN_POINT('Origin',(178.624311334367,349.80641122136,87.5234233244021));
#2882=CARTESIAN_POINT('',(178.624311334367,349.60641122136,87.7234233244021));
#2883=CARTESIAN_POINT('Origin',(146.555001535283,334.031412576417,87.5234233244018));
#2884=CARTESIAN_POINT('',(146.355001535283,334.031412576417,87.7234233244018));
#2885=CARTESIAN_POINT('Origin',(146.555001535282,337.33141234255,80.2729990759874));
#2886=CARTESIAN_POINT('',(146.755001535283,351.10641122136,80.0729990759874));
#2887=CARTESIAN_POINT('Origin',(184.075341036271,345.206409352144,87.5234233244021));
#2888=CARTESIAN_POINT('',(184.075341036271,345.406409352149,87.7234233244021));
#2889=CARTESIAN_POINT('Origin',(146.555001535282,351.30641122136,51.1531249596315));
#2890=CARTESIAN_POINT('Origin',(111.250002786012,350.981255567703,51.153262365349));
#2891=CARTESIAN_POINT('',(112.446993756314,351.819397668278,74.9736023845175));
#2892=CARTESIAN_POINT('Origin',(146.755001535282,350.00641122136,74.9729990759874));
#2893=CARTESIAN_POINT('',(141.754904818973,350.00641122136,74.9730870030107));
#2894=CARTESIAN_POINT('Origin',(199.173281450705,343.406411689094,87.7234233244022));
#2895=CARTESIAN_POINT('Origin',(115.499906037175,350.00641122136,74.9735486988581));
#2896=CARTESIAN_POINT('',(115.499906037175,350.00641122136,74.9735486988581));
#2897=CARTESIAN_POINT('Origin',(115.500002745364,350.00641122136,80.4729990759874));
#2898=CARTESIAN_POINT('Origin',(123.495702997726,350.00641122136,74.9734080922527));
#2899=CARTESIAN_POINT('',(123.495799708388,350.00641122136,80.4729990759874));
#2900=CARTESIAN_POINT('Origin',(133.755001535282,350.00641122136,80.4729990759874));
#2901=CARTESIAN_POINT('',(133.755001535282,350.00641122136,80.4729990759874));
#2902=CARTESIAN_POINT('Origin',(123.495799708388,350.00641122136,80.4729990759874));
#2903=CARTESIAN_POINT('Origin',(141.754904818973,350.00641122136,74.9730870030107));
#2904=CARTESIAN_POINT('Origin',(146.555001534263,331.00640935217,15.49985474113));
#2905=CARTESIAN_POINT('Origin',(146.355001533243,331.00640935217,15.49985474113));
#2906=CARTESIAN_POINT('Origin',(110.700002784992,331.006409352176,15.4998549968842));
#2907=CARTESIAN_POINT('Origin',(110.900002783972,331.006409352176,15.4998549968842));
#2908=CARTESIAN_POINT('Origin',(145.255001274341,298.284716931093,1.49985474906541));
#2909=CARTESIAN_POINT('',(157.116200821048,331.006409352168,1.49985466350415));
#2910=CARTESIAN_POINT('Origin',(145.255001535283,310.749493822379,-1.46783703097332));
#2911=CARTESIAN_POINT('',(117.350001728517,310.749493822379,-5.30014495759523));
#2912=CARTESIAN_POINT('Origin',(115.000001728517,310.749493822379,-5.30014495759471));
#2913=CARTESIAN_POINT('Origin',(145.255001535283,310.749493822379,-1.46783703097332));
#2914=CARTESIAN_POINT('',(144.605418697175,310.749493822379,-5.30014495759522));
#2915=CARTESIAN_POINT('Origin',(142.255418697175,310.749493822379,-5.3001449575947));
#2916=CARTESIAN_POINT('Origin',(115.000001728516,320.749490350004,-5.30014963261548));
#2917=CARTESIAN_POINT('',(117.350001728516,320.749490350004,-5.30014963261548));
#2918=CARTESIAN_POINT('Origin',(142.255418697174,320.749490350006,-5.30014963261547));
#2919=CARTESIAN_POINT('',(144.605418697174,320.749490350006,-5.30014963261547));
#2920=CARTESIAN_POINT('Origin',(157.116200922037,331.006409352168,15.4998546635042));
#2921=CARTESIAN_POINT('Origin',(128.627502160648,345.629414536221,25.6114269071175));
#2922=CARTESIAN_POINT('',(121.699311064902,345.629414536221,25.1114269724986));
#2923=CARTESIAN_POINT('',(125.16341268004,345.629414536221,31.1114269724986));
#2924=CARTESIAN_POINT('',(121.699311064902,345.629414536221,25.1114269724986));
#2925=CARTESIAN_POINT('',(123.678797702124,345.629414536221,25.1114269724986));
#2926=CARTESIAN_POINT('',(123.678797702124,345.629414536221,25.1114269724986));
#2927=CARTESIAN_POINT('',(127.142899317261,345.629414536221,31.1114269724986));
#2928=CARTESIAN_POINT('',(127.142899317261,345.629414536221,31.1114269724986));
#2929=CARTESIAN_POINT('',(125.16341268004,345.629414536221,31.1114269724986));
#2930=CARTESIAN_POINT('Origin',(127.142899317261,343.029414536221,31.1114269724986));
#2931=CARTESIAN_POINT('',(127.142899317261,345.606409352168,31.1114269724986));
#2932=CARTESIAN_POINT('',(123.678797702124,345.606409352171,25.1114269724986));
#2933=CARTESIAN_POINT('',(133.587244832004,345.606409352163,42.2733608255623));
#2934=CARTESIAN_POINT('',(127.142899317261,343.029414536221,31.1114269724986));
#2935=CARTESIAN_POINT('',(123.678797702124,343.029414536221,25.1114269724986));
#2936=CARTESIAN_POINT('Origin',(125.16341268004,343.029414536221,31.1114269724986));
#2937=CARTESIAN_POINT('',(125.16341268004,345.606409352168,31.1114269724986));
#2938=CARTESIAN_POINT('',(147.070406650939,345.606409352165,31.1114269724987));
#2939=CARTESIAN_POINT('',(125.16341268004,343.029414536221,31.1114269724986));
#2940=CARTESIAN_POINT('Origin',(128.627502160648,345.629414536221,25.6114269071175));
#2941=CARTESIAN_POINT('',(124.173669361429,345.629414536221,19.1114269724986));
#2942=CARTESIAN_POINT('',(131.101872591704,345.629414536221,31.1114269724987));
#2943=CARTESIAN_POINT('',(124.173669361429,345.629414536221,19.1114269724986));
#2944=CARTESIAN_POINT('',(126.153155998651,345.629414536221,19.1114269724986));
#2945=CARTESIAN_POINT('',(126.153155998651,345.629414536221,19.1114269724986));
#2946=CARTESIAN_POINT('',(133.081359228926,345.629414536221,31.1114269724987));
#2947=CARTESIAN_POINT('',(133.081359228926,345.629414536221,31.1114269724987));
#2948=CARTESIAN_POINT('',(131.101872591704,345.629414536221,31.1114269724987));
#2949=CARTESIAN_POINT('Origin',(124.173669361429,343.029414536221,19.1114269724986));
#2950=CARTESIAN_POINT('',(124.173669361429,345.606409352172,19.1114269724986));
#2951=CARTESIAN_POINT('',(131.101872591704,345.606409352167,31.1114269724987));
#2952=CARTESIAN_POINT('',(133.587244832004,345.606409352165,35.4162179684195));
#2953=CARTESIAN_POINT('',(124.173669361429,343.029414536221,19.1114269724986));
#2954=CARTESIAN_POINT('',(131.101872591704,343.029414536221,31.1114269724987));
#2955=CARTESIAN_POINT('Origin',(131.101872591704,343.029414536221,31.1114269724987));
#2956=CARTESIAN_POINT('',(133.081359228926,345.606409352167,31.1114269724987));
#2957=CARTESIAN_POINT('',(150.039636606771,345.606409352164,31.1114269724987));
#2958=CARTESIAN_POINT('',(133.081359228926,343.029414536221,31.1114269724987));
#2959=CARTESIAN_POINT('Origin',(128.627502160648,345.629414536221,25.6114269071175));
#2960=CARTESIAN_POINT('',(132.091615910315,345.629414536221,19.1114269724987));
#2961=CARTESIAN_POINT('',(130.112129273094,345.629414536221,19.1114269724987));
#2962=CARTESIAN_POINT('',(132.091615910315,345.629414536221,19.1114269724987));
#2963=CARTESIAN_POINT('',(135.555717525453,345.629414536221,25.1114269724987));
#2964=CARTESIAN_POINT('',(135.555717525453,345.629414536221,25.1114269724987));
#2965=CARTESIAN_POINT('',(133.576230888231,345.629414536221,25.1114269724987));
#2966=CARTESIAN_POINT('',(133.576230888231,345.629414536221,25.1114269724987));
#2967=CARTESIAN_POINT('',(130.112129273094,345.629414536221,19.1114269724987));
#2968=CARTESIAN_POINT('Origin',(133.576230888231,343.029414536221,25.1114269724987));
#2969=CARTESIAN_POINT('',(133.576230888231,345.606409352169,25.1114269724987));
#2970=CARTESIAN_POINT('',(135.555717525453,345.606409352168,25.1114269724987));
#2971=CARTESIAN_POINT('',(151.276815755035,345.606409352166,25.1114269724988));
#2972=CARTESIAN_POINT('',(133.576230888231,343.029414536221,25.1114269724987));
#2973=CARTESIAN_POINT('',(135.555717525453,343.029414536221,25.1114269724987));
#2974=CARTESIAN_POINT('Origin',(130.112129273094,343.029414536221,19.1114269724987));
#2975=CARTESIAN_POINT('',(130.112129273094,345.606409352172,19.1114269724987));
#2976=CARTESIAN_POINT('',(138.783397254711,345.606409352165,34.1305036827053));
#2977=CARTESIAN_POINT('',(130.112129273094,343.029414536221,19.1114269724987));
#2978=CARTESIAN_POINT('Origin',(135.555717525453,343.029414536221,25.1114269724987));
#2979=CARTESIAN_POINT('',(132.091615910315,345.606409352171,19.1114269724987));
#2980=CARTESIAN_POINT('',(142.247498869849,345.606409352164,36.7019322541339));
#2981=CARTESIAN_POINT('',(132.091615910315,343.029414536221,19.1114269724987));
#2982=CARTESIAN_POINT('Origin',(132.091615910315,343.029414536221,19.1114269724987));
#2983=CARTESIAN_POINT('',(150.534508266076,345.606409352168,19.1114269724987));
#2984=CARTESIAN_POINT('Origin',(150.534508266076,345.306409352168,18.8114269724987));
#2985=CARTESIAN_POINT('',(132.091615910315,345.606409352171,19.1114269724987));
#2986=CARTESIAN_POINT('',(129.072898788552,345.006409352172,18.5114269724987));
#2987=CARTESIAN_POINT('Origin',(151.276815755035,345.306409352166,25.4114269724988));
#2988=CARTESIAN_POINT('',(136.594948009994,345.006409352168,25.7114269724987));
#2989=CARTESIAN_POINT('',(133.229820726718,345.006409352169,25.7114269724987));
#2990=CARTESIAN_POINT('Origin',(142.507306490984,345.306409352164,36.5519322541338));
#2991=CARTESIAN_POINT('Origin',(138.523589633576,345.306409352165,34.2805036827052));
#2992=CARTESIAN_POINT('Origin',(133.081359228926,343.029414536221,31.1114269724987));
#2993=CARTESIAN_POINT('',(126.153155998651,345.606409352172,19.1114269724986));
#2994=CARTESIAN_POINT('',(138.783397254711,345.606409352163,40.9876465398481));
#2995=CARTESIAN_POINT('',(126.153155998651,343.029414536221,19.1114269724986));
#2996=CARTESIAN_POINT('Origin',(126.153155998651,343.029414536221,19.1114269724986));
#2997=CARTESIAN_POINT('',(147.565278310244,345.606409352168,19.1114269724988));
#2998=CARTESIAN_POINT('Origin',(133.327437210869,345.306409352165,35.5662179684194));
#2999=CARTESIAN_POINT('',(124.173669361429,345.606409352172,19.1114269724986));
#3000=CARTESIAN_POINT('',(130.755462430191,345.006409352167,31.7114269724987));
#3001=CARTESIAN_POINT('Origin',(147.565278310244,345.306409352169,18.8114269724988));
#3002=CARTESIAN_POINT('',(126.499566160164,345.006409352172,18.5114269724986));
#3003=CARTESIAN_POINT('Origin',(150.039636606771,345.306409352164,31.4114269724987));
#3004=CARTESIAN_POINT('',(134.120589713467,345.006409352167,31.7114269724987));
#3005=CARTESIAN_POINT('Origin',(139.043204875846,345.306409352163,40.837646539848));
#3006=CARTESIAN_POINT('Origin',(123.678797702124,343.029414536221,25.1114269724986));
#3007=CARTESIAN_POINT('',(121.699311064902,345.606409352171,25.1114269724986));
#3008=CARTESIAN_POINT('',(146.328099161981,345.606409352167,25.1114269724987));
#3009=CARTESIAN_POINT('',(121.699311064902,343.029414536221,25.1114269724986));
#3010=CARTESIAN_POINT('Origin',(121.699311064902,343.029414536221,25.1114269724986));
#3011=CARTESIAN_POINT('',(130.123143216867,345.606409352165,39.7019322541338));
#3012=CARTESIAN_POINT('Origin',(129.863335595731,345.306409352165,39.8519322541337));
#3013=CARTESIAN_POINT('',(121.699311064902,345.606409352171,25.1114269724986));
#3014=CARTESIAN_POINT('',(124.817002518526,345.006409352168,31.7114269724986));
#3015=CARTESIAN_POINT('Origin',(133.847052453139,345.306409352163,42.1233608255622));
#3016=CARTESIAN_POINT('',(124.025207863637,345.006409352171,24.5114269724986));
#3017=CARTESIAN_POINT('',(128.182129801802,345.006409352168,31.7114269724986));
#3018=CARTESIAN_POINT('Origin',(146.328099161981,345.306409352167,24.8114269724987));
#3019=CARTESIAN_POINT('Origin',(147.070406650939,345.306409352165,31.4114269724987));
#3020=UNCERTAINTY_MEASURE_WITH_UNIT(LENGTH_MEASURE(0.01),#3024,
'DISTANCE_ACCURACY_VALUE',
'Maximum model space distance between geometric entities at asserted c
onnectivities');
#3021=UNCERTAINTY_MEASURE_WITH_UNIT(LENGTH_MEASURE(0.01),#3024,
'DISTANCE_ACCURACY_VALUE',
'Maximum model space distance between geometric entities at asserted c
onnectivities');
#3022=(
GEOMETRIC_REPRESENTATION_CONTEXT(3)
GLOBAL_UNCERTAINTY_ASSIGNED_CONTEXT((#3020))
GLOBAL_UNIT_ASSIGNED_CONTEXT((#3024,#3026,#3027))
REPRESENTATION_CONTEXT('','3D')
);
#3023=(
GEOMETRIC_REPRESENTATION_CONTEXT(3)
GLOBAL_UNCERTAINTY_ASSIGNED_CONTEXT((#3021))
GLOBAL_UNIT_ASSIGNED_CONTEXT((#3024,#3026,#3027))
REPRESENTATION_CONTEXT('','3D')
);
#3024=(
LENGTH_UNIT()
NAMED_UNIT(*)
SI_UNIT(.MILLI.,.METRE.)
);
#3025=(
LENGTH_UNIT()
NAMED_UNIT(*)
SI_UNIT($,.METRE.)
);
#3026=(
NAMED_UNIT(*)
PLANE_ANGLE_UNIT()
SI_UNIT($,.RADIAN.)
);
#3027=(
NAMED_UNIT(*)
SI_UNIT($,.STERADIAN.)
SOLID_ANGLE_UNIT()
);
#3028=SHAPE_DEFINITION_REPRESENTATION(#3029,#3030);
#3029=PRODUCT_DEFINITION_SHAPE('',$,#3032);
#3030=SHAPE_REPRESENTATION('',(#1880),#3022);
#3031=PRODUCT_DEFINITION_CONTEXT('part definition',#3036,'design');
#3032=PRODUCT_DEFINITION('Dock Mount fixed v2','Dock Mount fixed v2 v2',
#3033,#3031);
#3033=PRODUCT_DEFINITION_FORMATION('',$,#3038);
#3034=PRODUCT_RELATED_PRODUCT_CATEGORY('Dock Mount fixed v2 v2',
'Dock Mount fixed v2 v2',(#3038));
#3035=APPLICATION_PROTOCOL_DEFINITION('international standard',
'automotive_design',2009,#3036);
#3036=APPLICATION_CONTEXT(
'Core Data for Automotive Mechanical Design Process');
#3037=PRODUCT_CONTEXT('part definition',#3036,'mechanical');
#3038=PRODUCT('Dock Mount fixed v2','Dock Mount fixed v2 v2',$,(#3037));
#3039=PRESENTATION_STYLE_ASSIGNMENT((#3041));
#3040=PRESENTATION_STYLE_ASSIGNMENT((#3042));
#3041=SURFACE_STYLE_USAGE(.BOTH.,#3043);
#3042=SURFACE_STYLE_USAGE(.BOTH.,#3044);
#3043=SURFACE_SIDE_STYLE('',(#3045));
#3044=SURFACE_SIDE_STYLE('',(#3046));
#3045=SURFACE_STYLE_FILL_AREA(#3047);
#3046=SURFACE_STYLE_FILL_AREA(#3048);
#3047=FILL_AREA_STYLE('ABS (White)',(#3049));
#3048=FILL_AREA_STYLE('Opaque(77,77,77)',(#3050));
#3049=FILL_AREA_STYLE_COLOUR('ABS (White)',#3051);
#3050=FILL_AREA_STYLE_COLOUR('Opaque(77,77,77)',#3052);
#3051=COLOUR_RGB('ABS (White)',0.964705882352941,0.964705882352941,0.952941176470588);
#3052=COLOUR_RGB('Opaque(77,77,77)',0.301960784313725,0.301960784313725,
0.301960784313725);
ENDSEC;
END-ISO-10303-21;
